{"type":"FeatureCollection","features":[{"type":"Feature","properties":{"category":"road","access":"private","highway":"residential","lanes":"2","name":"Australia","oneway":"no","surface":"concrete"},"geometry":{"type":"LineString","coordinates":[[121.2049428,13.8652174],[121.2049111,13.8652652],[121.2048849,13.8653065],[121.2047078,13.8655749],[121.2046043,13.8657319],[121.2045765,13.8658138],[121.2043435,13.8664997]]}},{"type":"Feature","properties":{"category":"road","access":"private","highway":"residential","lanes":"2","surface":"concrete"},"geometry":{"type":"LineString","coordinates":[[121.2058103,13.8647553],[121.2059087,13.8642838],[121.2056393,13.864408]]}},{"type":"Feature","properties":{"category":"road","access":"private","highway":"residential","lanes":"2","surface":"concrete"},"geometry":{"type":"LineString","coordinates":[[121.205424,13.8644437],[121.2054383,13.8643731],[121.2056393,13.864408]]}},{"type":"Feature","properties":{"category":"road","access":"private","highway":"residential","lanes":"2","surface":"concrete"},"geometry":{"type":"LineString","coordinates":[[121.2051921,13.8643978],[121.2049251,13.8648069]]}},{"type":"Feature","properties":{"category":"road","access":"private","highway":"residential","lanes":"2","name":"Canada","oneway":"no","surface":"concrete"},"geometry":{"type":"LineString","coordinates":[[121.2059436,13.8655637],[121.2058637,13.8659659],[121.20584,13.8660854]]}},{"type":"Feature","properties":{"category":"road","access":"private","highway":"residential","lanes":"2","surface":"concrete"},"geometry":{"type":"LineString","coordinates":[[121.2067503,13.8664967],[121.2068061,13.8664786],[121.2068456,13.8662804],[121.2068665,13.8661756],[121.206988,13.8655649],[121.2070093,13.8654579],[121.2070338,13.8652332]]}},{"type":"Feature","properties":{"category":"road","access":"private","highway":"residential","lanes":"2","name":"Japan","oneway":"no","surface":"concrete"},"geometry":{"type":"LineString","coordinates":[[121.20584,13.8660854],[121.206321,13.8661787],[121.2063952,13.8661931],[121.2066234,13.8662373],[121.2068456,13.8662804]]}},{"type":"Feature","properties":{"category":"road","access":"private","highway":"residential","lanes":"2","surface":"concrete"},"geometry":{"type":"LineString","coordinates":[[121.2048543,13.8664207],[121.2050307,13.8659192]]}},{"type":"Feature","properties":{"category":"road","access":"private","highway":"residential","lanes":"2","surface":"concrete"},"geometry":{"type":"LineString","coordinates":[[121.205764,13.8653099],[121.2054742,13.8652498],[121.2055331,13.8651537]]}},{"type":"Feature","properties":{"category":"road","access":"private","highway":"residential","lanes":"2","surface":"concrete"},"geometry":{"type":"LineString","coordinates":[[121.2051647,13.8657181],[121.205662,13.8658153],[121.205683,13.8657111]]}},{"type":"Feature","properties":{"category":"road","access":"private","highway":"residential","lanes":"2","name":"Spain","surface":"concrete"},"geometry":{"type":"LineString","coordinates":[[121.2051482,13.8663008],[121.205192,13.8661686],[121.2053785,13.8662112],[121.2055605,13.8662527]]}},{"type":"Feature","properties":{"category":"road","access":"private","highway":"residential","lanes":"2","name":"Spain","oneway":"no","surface":"concrete"},"geometry":{"type":"LineString","coordinates":[[121.2055605,13.8662527],[121.2055135,13.8664095],[121.2051482,13.8663008]]}},{"type":"Feature","properties":{"category":"road","access":"private","highway":"residential","lanes":"2","name":"Quatar","oneway":"no","surface":"concrete"},"geometry":{"type":"LineString","coordinates":[[121.2060095,13.8663477],[121.2062711,13.8664003],[121.2067503,13.8664967]]}},{"type":"Feature","properties":{"category":"road","access":"private","highway":"residential","lanes":"2","surface":"concrete"},"geometry":{"type":"LineString","coordinates":[[121.2058675,13.8667911],[121.2060095,13.8663477]]}},{"type":"Feature","properties":{"category":"road","access":"private","highway":"residential","lanes":"2","surface":"concrete"},"geometry":{"type":"LineString","coordinates":[[121.2064412,13.865984],[121.206462,13.8658849],[121.206124,13.8658212]]}},{"type":"Feature","properties":{"category":"road","access":"private","highway":"residential","lanes":"2","surface":"concrete"},"geometry":{"type":"LineString","coordinates":[[121.2064412,13.865984],[121.2061031,13.8659161],[121.206124,13.8658212]]}},{"type":"Feature","properties":{"category":"road","access":"private","highway":"residential","lanes":"2","surface":"concrete"},"geometry":{"type":"LineString","coordinates":[[121.2062148,13.8654011],[121.2065561,13.8654609],[121.2065767,13.8653561]]}},{"type":"Feature","properties":{"category":"road","access":"private","highway":"residential","lanes":"2","surface":"concrete"},"geometry":{"type":"LineString","coordinates":[[121.2066234,13.8662373],[121.2067261,13.8657091],[121.2067821,13.8654169]]}},{"type":"Feature","properties":{"category":"road","access":"private","highway":"residential","lanes":"2","surface":"concrete"},"geometry":{"type":"LineString","coordinates":[[121.2061706,13.8656068],[121.2067261,13.8657091]]}},{"type":"Feature","properties":{"category":"road","access":"private","highway":"residential","lanes":"2","surface":"concrete"},"geometry":{"type":"LineString","coordinates":[[121.2051223,13.865399],[121.2057236,13.86551]]}},{"type":"Feature","properties":{"category":"road","access":"private","highway":"residential","lanes":"2","surface":"concrete"},"geometry":{"type":"LineString","coordinates":[[121.2048929,13.8666819],[121.2048158,13.8668915],[121.20479,13.8669636],[121.2047396,13.8669968],[121.204671,13.8670499],[121.2045053,13.8671702],[121.2043079,13.8673153],[121.20409,13.8672462]]}},{"type":"Feature","properties":{"category":"road","access":"private","highway":"residential","lanes":"2","surface":"concrete"},"geometry":{"type":"LineString","coordinates":[[121.2043079,13.8673153],[121.2041586,13.8677488],[121.2039367,13.867688],[121.2036909,13.8676264],[121.2034711,13.8675725],[121.2030809,13.8674784]]}},{"type":"Feature","properties":{"category":"road","access":"private","highway":"residential","lanes":"2","surface":"concrete"},"geometry":{"type":"LineString","coordinates":[[121.2041972,13.866189],[121.2041164,13.8664244]]}},{"type":"Feature","properties":{"category":"road","access":"private","highway":"residential","lanes":"2","surface":"concrete"},"geometry":{"type":"LineString","coordinates":[[121.2042675,13.8667178],[121.2048158,13.8668915]]}},{"type":"Feature","properties":{"category":"road","access":"private","highway":"footway","surface":"unpaved","width":"1"},"geometry":{"type":"LineString","coordinates":[[121.2049573,13.8667033],[121.205033,13.8664751]]}},{"type":"Feature","properties":{"category":"road","access":"private","highway":"footway","surface":"unpaved","width":"1"},"geometry":{"type":"LineString","coordinates":[[121.2062711,13.8664003],[121.206321,13.8661787]]}},{"type":"Feature","properties":{"category":"road","access":"private","highway":"residential","lanes":"2","surface":"concrete"},"geometry":{"type":"LineString","coordinates":[[121.2045053,13.8671702],[121.2043779,13.8671259],[121.204433,13.8669776],[121.204671,13.8670499]]}},{"type":"Feature","properties":{"category":"road","access":"private","highway":"residential","lanes":"2","name":"Italy","oneway":"no","surface":"concrete"},"geometry":{"type":"LineString","coordinates":[[121.2038675,13.8671259],[121.2036909,13.8676264]]}},{"type":"Feature","properties":{"category":"road","access":"private","highway":"residential","lanes":"2","surface":"concrete"},"geometry":{"type":"LineString","coordinates":[[121.2035413,13.8673737],[121.2035751,13.867274],[121.2033774,13.8672198]]}},{"type":"Feature","properties":{"category":"road","access":"private","highway":"residential","lanes":"2","surface":"concrete"},"geometry":{"type":"LineString","coordinates":[[121.2035413,13.8673737],[121.2033506,13.8673252],[121.2033774,13.8672198]]}},{"type":"Feature","properties":{"category":"road","access":"private","highway":"residential","lanes":"2","surface":"concrete"},"geometry":{"type":"LineString","coordinates":[[121.2037711,13.8667559],[121.2037313,13.8668714],[121.2034778,13.8668056]]}},{"type":"Feature","properties":{"category":"road","access":"private","highway":"residential","lanes":"2","surface":"concrete"},"geometry":{"type":"LineString","coordinates":[[121.2034246,13.8670228],[121.2038675,13.8671259]]}},{"type":"Feature","properties":{"category":"road","access":"private","bicycle":"dismount","foot":"yes","highway":"footway","horse":"no","surface":"unpaved","width":"1"},"geometry":{"type":"LineString","coordinates":[[121.2061706,13.8656068],[121.2059436,13.8655637]]}},{"type":"Feature","properties":{"category":"leisure","access":"permissive","leisure":"park","name":"Ecoverde Homes Entrance Park"},"geometry":{"type":"Polygon","coordinates":[[[121.2071004,13.865031],[121.2071469,13.8650411],[121.2072083,13.8650363],[121.2072027,13.8650083],[121.2071749,13.8649954],[121.2071432,13.8649868],[121.20711,13.8649805],[121.2070379,13.8649675],[121.2065549,13.8648585],[121.2065427,13.8648583],[121.2065056,13.8648548],[121.2064853,13.8648517],[121.2064694,13.864854],[121.2064475,13.8648606],[121.2064272,13.8648713],[121.2064102,13.864882],[121.2063952,13.8648935],[121.2063859,13.8649367],[121.2064611,13.8649511],[121.2064589,13.8649617],[121.2069537,13.865057],[121.2070238,13.8650276],[121.2070283,13.865018],[121.2071004,13.865031]]]}},{"type":"Feature","properties":{"category":"building","addr:city":"Rosario","addr:lot":"16","addr:neighbourhood":"Ecoverde Homes","addr:postcode":"4225","addr:province":"Batangas","building":"house","building:levels":"1","house":"terrace","name":"B18 L16","block":"18","lot":"16","searchLabel":"B18 L16"},"geometry":{"type":"Polygon","coordinates":[[[121.2051462,13.8664001],[121.2051905,13.8664133],[121.2052113,13.8663476],[121.205167,13.8663344],[121.2051462,13.8664001]]]}},{"type":"Feature","properties":{"category":"road","access":"private","highway":"residential","lanes":"2","surface":"concrete"},"geometry":{"type":"LineString","coordinates":[[121.2037711,13.8667559],[121.2038342,13.8665714]]}},{"type":"Feature","properties":{"category":"road","access":"private","highway":"residential","lanes":"2","surface":"concrete"},"geometry":{"type":"LineString","coordinates":[[121.2034711,13.8675725],[121.2035413,13.8673737]]}},{"type":"Feature","properties":{"category":"road","access":"private","highway":"residential","lanes":"2","surface":"concrete"},"geometry":{"type":"LineString","coordinates":[[121.2033774,13.8672198],[121.2034246,13.8670228],[121.2034778,13.8668056]]}},{"type":"Feature","properties":{"category":"road","access":"private","highway":"residential","lanes":"2","surface":"concrete"},"geometry":{"type":"LineString","coordinates":[[121.2034778,13.8668056],[121.2035054,13.8666845],[121.2037711,13.8667559]]}},{"type":"Feature","properties":{"category":"road","access":"private","highway":"residential","lanes":"2","name":"Spain","surface":"concrete"},"geometry":{"type":"LineString","coordinates":[[121.2050856,13.8664911],[121.2051482,13.8663008]]}},{"type":"Feature","properties":{"category":"road","access":"private","highway":"residential","lanes":"2","name":"Spain","surface":"concrete"},"geometry":{"type":"LineString","coordinates":[[121.2055605,13.8662527],[121.2057737,13.8663005]]}},{"type":"Feature","properties":{"category":"road","access":"private","highway":"residential","lanes":"2","surface":"concrete"},"geometry":{"type":"LineString","coordinates":[[121.2056243,13.8644834],[121.205424,13.8644437]]}},{"type":"Feature","properties":{"category":"road","access":"private","highway":"residential","lanes":"2","surface":"concrete"},"geometry":{"type":"LineString","coordinates":[[121.205424,13.8644437],[121.2051921,13.8643978]]}},{"type":"Feature","properties":{"category":"road","access":"private","highway":"residential","lanes":"2","surface":"concrete"},"geometry":{"type":"LineString","coordinates":[[121.2055331,13.8651537],[121.2056482,13.8649567]]}},{"type":"Feature","properties":{"category":"road","access":"private","highway":"residential","lanes":"2","surface":"concrete"},"geometry":{"type":"LineString","coordinates":[[121.205764,13.8653099],[121.2057851,13.8652053],[121.2055331,13.8651537]]}},{"type":"Feature","properties":{"category":"road","access":"private","highway":"residential","lanes":"2","surface":"concrete"},"geometry":{"type":"LineString","coordinates":[[121.206124,13.8658212],[121.2061706,13.8656068],[121.2062148,13.8654011]]}},{"type":"Feature","properties":{"category":"road","access":"private","highway":"residential","lanes":"2","surface":"concrete"},"geometry":{"type":"LineString","coordinates":[[121.2063952,13.8661931],[121.2064412,13.865984]]}},{"type":"Feature","properties":{"category":"road","access":"private","highway":"residential","lanes":"2","surface":"concrete"},"geometry":{"type":"LineString","coordinates":[[121.2065767,13.8653561],[121.2066176,13.8651513]]}},{"type":"Feature","properties":{"category":"road","access":"private","highway":"residential","lanes":"2","surface":"concrete"},"geometry":{"type":"LineString","coordinates":[[121.2062148,13.8654011],[121.2062372,13.8652915],[121.2065767,13.8653561]]}},{"type":"Feature","properties":{"category":"road","access":"private","highway":"residential","lanes":"2","surface":"concrete"},"geometry":{"type":"LineString","coordinates":[[121.2051647,13.8657181],[121.2052272,13.8656287],[121.205683,13.8657111]]}},{"type":"Feature","properties":{"category":"road","access":"private","highway":"residential","lanes":"2","surface":"concrete"},"geometry":{"type":"LineString","coordinates":[[121.205683,13.8657111],[121.2057236,13.86551],[121.205764,13.8653099]]}},{"type":"Feature","properties":{"category":"road","highway":"residential","lanes":"2","oneway":"no","surface":"concrete"},"geometry":{"type":"LineString","coordinates":[[121.2072669,13.8649769],[121.2067023,13.8648501]]}},{"type":"Feature","properties":{"category":"leisure","access":"yes","hoops":"2","leisure":"pitch","lit":"yes","opening_hours":"24/7","sport":"basketball","surface":"concrete"},"geometry":{"type":"Polygon","coordinates":[[[121.2045358,13.8654656],[121.2046264,13.8654792],[121.2046601,13.8654842],[121.2047013,13.8652239],[121.2045769,13.8652053],[121.2045358,13.8654656]]]}},{"type":"Feature","properties":{"category":"building","building":"pavilion","building:levels":"1","name":"Right Wing","block":null,"lot":null,"searchLabel":"Right Wing"},"geometry":{"type":"Polygon","coordinates":[[[121.2047524,13.8652478],[121.2048585,13.865248],[121.2048588,13.8651405],[121.2047527,13.8651402],[121.2047524,13.8652478]]]}},{"type":"Feature","properties":{"category":"leisure","access":"yes","fee":"no","garden:type":"community","leisure":"garden"},"geometry":{"type":"Polygon","coordinates":[[[121.2051482,13.8663008],[121.2055135,13.8664095],[121.2055605,13.8662527],[121.2053785,13.8662112],[121.205192,13.8661686],[121.2051482,13.8663008]]]}},{"type":"Feature","properties":{"category":"leisure","access":"yes","fee":"no","garden:type":"community","leisure":"garden"},"geometry":{"type":"Polygon","coordinates":[[[121.2051647,13.8657181],[121.205662,13.8658153],[121.205683,13.8657111],[121.2052272,13.8656287],[121.2051647,13.8657181]]]}},{"type":"Feature","properties":{"category":"building","building":"yes","content":"water","height":"14","man_made":"water_tower","material":"metal","block":null,"lot":null,"searchLabel":null},"geometry":{"type":"Polygon","coordinates":[[[121.2044799,13.8657098],[121.2045382,13.8657333],[121.2045928,13.8656275],[121.2046081,13.865598],[121.2045052,13.8655488],[121.2044799,13.8657098]]]}},{"type":"Feature","properties":{"category":"building","building":"yes","office":"estate_agent","block":null,"lot":null,"searchLabel":null},"geometry":{"type":"Polygon","coordinates":[[[121.2064823,13.8649519],[121.2064924,13.8649024],[121.2065163,13.864907],[121.2065206,13.864886],[121.2065357,13.8648889],[121.2065543,13.8648924],[121.2065501,13.8649129],[121.2065876,13.8649201],[121.2065774,13.8649702],[121.2064823,13.8649519]]]}},{"type":"Feature","properties":{"category":"building","access":"yes","amenity":"shelter","bench":"no","building":"gazebo","building:levels":"1","lit":"yes","lockable":"no","shelter_type":"gazebo","smoking":"separated","wheelchair":"no","block":null,"lot":null,"searchLabel":null},"geometry":{"type":"Polygon","coordinates":[[[121.2071281,13.8650267],[121.2071631,13.8650329],[121.2071692,13.8650007],[121.2071341,13.8649945],[121.2071281,13.8650267]]]}},{"type":"Feature","properties":{"category":"leisure","access":"yes","fee":"no","garden:type":"community","leisure":"garden"},"geometry":{"type":"Polygon","coordinates":[[[121.2061031,13.8659161],[121.2064412,13.865984],[121.206462,13.8658849],[121.206124,13.8658212],[121.2061031,13.8659161]]]}},{"type":"Feature","properties":{"category":"leisure","access":"yes","garden:type":"community","leisure":"garden"},"geometry":{"type":"Polygon","coordinates":[[[121.2062148,13.8654011],[121.2065561,13.8654609],[121.2065767,13.8653561],[121.2062372,13.8652915],[121.2062148,13.8654011]]]}},{"type":"Feature","properties":{"category":"leisure","access":"yes","fee":"no","garden:type":"community","leisure":"garden"},"geometry":{"type":"Polygon","coordinates":[[[121.2054742,13.8652498],[121.205764,13.8653099],[121.2057851,13.8652053],[121.2055331,13.8651537],[121.2054742,13.8652498]]]}},{"type":"Feature","properties":{"category":"leisure","access":"yes","fee":"no","garden:type":"community","leisure":"garden"},"geometry":{"type":"Polygon","coordinates":[[[121.2034778,13.8668056],[121.2037313,13.8668714],[121.2037711,13.8667559],[121.2035054,13.8666845],[121.2034778,13.8668056]]]}},{"type":"Feature","properties":{"category":"leisure","access":"yes","fee":"no","garden:type":"community","leisure":"garden"},"geometry":{"type":"Polygon","coordinates":[[[121.2043779,13.8671259],[121.2045053,13.8671702],[121.204671,13.8670499],[121.204433,13.8669776],[121.2043779,13.8671259]]]}},{"type":"Feature","properties":{"category":"leisure","access":"yes","fee":"no","garden:type":"community","leisure":"garden"},"geometry":{"type":"Polygon","coordinates":[[[121.205424,13.8644437],[121.2056243,13.8644834],[121.2056393,13.864408],[121.2054383,13.8643731],[121.205424,13.8644437]]]}},{"type":"Feature","properties":{"category":"leisure","access":"yes","fee":"no","garden:type":"community","leisure":"garden"},"geometry":{"type":"Polygon","coordinates":[[[121.2035413,13.8673737],[121.2035751,13.867274],[121.2033774,13.8672198],[121.2033506,13.8673252],[121.2035413,13.8673737]]]}},{"type":"Feature","properties":{"category":"road","access":"private","highway":"residential","lanes":"2"},"geometry":{"type":"LineString","coordinates":[[121.2061007,13.8667134],[121.2061475,13.8665769],[121.2063682,13.8666223]]}},{"type":"Feature","properties":{"category":"road","access":"private","highway":"residential"},"geometry":{"type":"LineString","coordinates":[[121.2045765,13.8658138],[121.204471,13.8657603]]}},{"type":"Feature","properties":{"category":"building","building":"house","building:levels":"2","house":"semi-detached","name":"B5 L14","block":"5","lot":"14","searchLabel":"B5 L14"},"geometry":{"type":"Polygon","coordinates":[[[121.2056111,13.8649173],[121.205662,13.8649283],[121.2056795,13.8648518],[121.2056286,13.8648409],[121.2056111,13.8649173]]]}},{"type":"Feature","properties":{"category":"building","building":"house","building:levels":"2","house":"semi-detached","name":"B5 L16","block":"5","lot":"16","searchLabel":"B5 L16"},"geometry":{"type":"Polygon","coordinates":[[[121.2056111,13.8649173],[121.2055574,13.8649057],[121.2055748,13.8648293],[121.2056286,13.8648409],[121.2056111,13.8649173]]]}},{"type":"Feature","properties":{"category":"building","building":"house","building:levels":"2","house":"semi-detached","name":"B8 L56","block":"8","lot":"56","searchLabel":"B8 L56"},"geometry":{"type":"Polygon","coordinates":[[[121.205885,13.8651043],[121.2059339,13.8651144],[121.2059483,13.8650491],[121.2058994,13.8650389],[121.205885,13.8651043]]]}},{"type":"Feature","properties":{"category":"building","building":"house","building:levels":"2","house":"semi-detached","name":"B8 L57","block":"8","lot":"57","searchLabel":"B8 L57"},"geometry":{"type":"Polygon","coordinates":[[[121.2059339,13.8651144],[121.2059822,13.8651245],[121.2059966,13.8650591],[121.2059483,13.8650491],[121.2059339,13.8651144]]]}},{"type":"Feature","properties":{"category":"building","building":"house","building:levels":"2","house":"semi-detached","name":"B8 L1","block":"8","lot":"1","searchLabel":"B8 L1"},"geometry":{"type":"Polygon","coordinates":[[[121.20593,13.8651244],[121.2059943,13.8651371],[121.2059833,13.8651896],[121.205919,13.8651769],[121.20593,13.8651244]]]}},{"type":"Feature","properties":{"category":"building","building":"house","building:levels":"2","house":"semi-detached","name":"B8 L2","block":"8","lot":"2","searchLabel":"B8 L2"},"geometry":{"type":"Polygon","coordinates":[[[121.205919,13.8651769],[121.205908,13.8652299],[121.2059722,13.8652426],[121.2059833,13.8651896],[121.205919,13.8651769]]]}},{"type":"Feature","properties":{"category":"building","building":"house","building:levels":"2","house":"semi-detached","name":"B8 L3","block":"8","lot":"3","searchLabel":"B8 L3"},"geometry":{"type":"Polygon","coordinates":[[[121.2059061,13.8652397],[121.205968,13.8652512],[121.2059576,13.8653034],[121.2058958,13.8652919],[121.2059061,13.8652397]]]}},{"type":"Feature","properties":{"category":"building","building":"house","building:levels":"2","house":"semi-detached","name":"B8 L4","block":"8","lot":"4","searchLabel":"B8 L4"},"geometry":{"type":"Polygon","coordinates":[[[121.2058958,13.8652919],[121.2058855,13.8653441],[121.2059473,13.8653556],[121.2059576,13.8653034],[121.2058958,13.8652919]]]}},{"type":"Feature","properties":{"category":"building","building":"house","building:levels":"2","house":"semi-detached","name":"B8 L6","block":"8","lot":"6","searchLabel":"B8 L6"},"geometry":{"type":"Polygon","coordinates":[[[121.2058599,13.8654579],[121.2059247,13.8654705],[121.2059349,13.8654212],[121.2058702,13.8654085],[121.2058599,13.8654579]]]}},{"type":"Feature","properties":{"category":"building","building":"house","building:levels":"2","house":"semi-detached","name":"B8 L5","block":"8","lot":"5","searchLabel":"B8 L5"},"geometry":{"type":"Polygon","coordinates":[[[121.2058702,13.8654085],[121.205881,13.8653564],[121.2059457,13.865369],[121.2059349,13.8654212],[121.2058702,13.8654085]]]}},{"type":"Feature","properties":{"category":"building","building":"house","building:levels":"2","house":"semi-detached","name":"B8 L7","block":"8","lot":"7","searchLabel":"B8 L7"},"geometry":{"type":"Polygon","coordinates":[[[121.2058558,13.8654725],[121.2059242,13.8654848],[121.2059149,13.8655336],[121.2058465,13.8655213],[121.2058558,13.8654725]]]}},{"type":"Feature","properties":{"category":"building","building":"house","building:levels":"2","house":"semi-detached","name":"B8 L8","block":"8","lot":"8","searchLabel":"B8 L8"},"geometry":{"type":"Polygon","coordinates":[[[121.2058465,13.8655213],[121.2058371,13.8655702],[121.2059055,13.8655825],[121.2059149,13.8655336],[121.2058465,13.8655213]]]}},{"type":"Feature","properties":{"category":"building","building":"house","building:levels":"2","house":"semi-detached","name":"B8 L9","block":"8","lot":"9","searchLabel":"B8 L9"},"geometry":{"type":"Polygon","coordinates":[[[121.2058358,13.865582],[121.2059028,13.8655951],[121.2058917,13.8656487],[121.2058247,13.8656356],[121.2058358,13.865582]]]}},{"type":"Feature","properties":{"category":"building","building":"house","building:levels":"2","house":"semi-detached","name":"B8 L10","block":"8","lot":"10","searchLabel":"B8 L10"},"geometry":{"type":"Polygon","coordinates":[[[121.2058135,13.8656892],[121.2058805,13.8657023],[121.2058917,13.8656487],[121.2058247,13.8656356],[121.2058135,13.8656892]]]}},{"type":"Feature","properties":{"category":"building","building":"house","building:levels":"2","house":"semi-detached","name":"B8 L11","block":"8","lot":"11","searchLabel":"B8 L11"},"geometry":{"type":"Polygon","coordinates":[[[121.2058143,13.8657011],[121.205879,13.8657137],[121.2058681,13.8657663],[121.2058035,13.8657538],[121.2058143,13.8657011]]]}},{"type":"Feature","properties":{"category":"building","building":"house","building:levels":"2","house":"semi-detached","name":"B8 L12","block":"8","lot":"12","searchLabel":"B8 L12"},"geometry":{"type":"Polygon","coordinates":[[[121.2058681,13.8657663],[121.2058573,13.8658189],[121.2057926,13.8658063],[121.2058035,13.8657538],[121.2058681,13.8657663]]]}},{"type":"Feature","properties":{"category":"building","building":"house","building:levels":"2","house":"semi-detached","name":"B8 L13","block":"8","lot":"13","searchLabel":"B8 L13"},"geometry":{"type":"Polygon","coordinates":[[[121.2057908,13.8658154],[121.2058564,13.8658279],[121.2058451,13.8658835],[121.2057795,13.865871],[121.2057908,13.8658154]]]}},{"type":"Feature","properties":{"category":"building","building":"house","building:levels":"2","house":"semi-detached","name":"B8 L14","block":"8","lot":"14","searchLabel":"B8 L14"},"geometry":{"type":"Polygon","coordinates":[[[121.2058451,13.8658835],[121.2058339,13.8659389],[121.2057684,13.8659264],[121.2057795,13.865871],[121.2058451,13.8658835]]]}},{"type":"Feature","properties":{"category":"building","building":"house","building:levels":"2","house":"semi-detached","name":"B8 L15","block":"8","lot":"15","searchLabel":"B8 L15"},"geometry":{"type":"Polygon","coordinates":[[[121.2057459,13.8660337],[121.2057944,13.8660433],[121.2058103,13.8659673],[121.2057618,13.8659577],[121.2057459,13.8660337]]]}},{"type":"Feature","properties":{"category":"building","building":"house","building:levels":"2","house":"semi-detached","name":"B8 L16","block":"8","lot":"16","searchLabel":"B8 L16"},"geometry":{"type":"Polygon","coordinates":[[[121.2057459,13.8660337],[121.2056974,13.8660241],[121.2057134,13.8659481],[121.2057618,13.8659577],[121.2057459,13.8660337]]]}},{"type":"Feature","properties":{"category":"building","building":"house","building:levels":"2","house":"semi-detached","name":"B8 L17","block":"8","lot":"17","searchLabel":"B8 L17"},"geometry":{"type":"Polygon","coordinates":[[[121.2056871,13.8660207],[121.2057033,13.865945],[121.2056481,13.8659338],[121.2056319,13.8660095],[121.2056871,13.8660207]]]}},{"type":"Feature","properties":{"category":"building","building":"house","building:levels":"2","house":"semi-detached","name":"B8 L18","block":"8","lot":"18","searchLabel":"B8 L18"},"geometry":{"type":"Polygon","coordinates":[[[121.2056319,13.8660095],[121.205577,13.8659985],[121.2055933,13.8659227],[121.2056481,13.8659338],[121.2056319,13.8660095]]]}},{"type":"Feature","properties":{"category":"building","building":"house","building:levels":"2","house":"semi-detached","name":"B8 L19","block":"8","lot":"19","searchLabel":"B8 L19"},"geometry":{"type":"Polygon","coordinates":[[[121.2055619,13.8659952],[121.2055788,13.865919],[121.2055255,13.8659079],[121.2055086,13.865984],[121.2055619,13.8659952]]]}},{"type":"Feature","properties":{"category":"building","building":"house","building:levels":"2","house":"semi-detached","name":"B8 L20","block":"8","lot":"20","searchLabel":"B8 L20"},"geometry":{"type":"Polygon","coordinates":[[[121.2055086,13.865984],[121.2054549,13.8659728],[121.2054718,13.8658967],[121.2055255,13.8659079],[121.2055086,13.865984]]]}},{"type":"Feature","properties":{"category":"building","building":"house","building:levels":"2","house":"semi-detached","name":"B8 L21","block":"8","lot":"21","searchLabel":"B8 L21"},"geometry":{"type":"Polygon","coordinates":[[[121.2054436,13.8659709],[121.2054596,13.865894],[121.2054058,13.8658834],[121.2053898,13.8659603],[121.2054436,13.8659709]]]}},{"type":"Feature","properties":{"category":"building","building":"house","building:levels":"2","house":"semi-detached","name":"B8 L22","block":"8","lot":"22","searchLabel":"B8 L22"},"geometry":{"type":"Polygon","coordinates":[[[121.2053898,13.8659603],[121.2053385,13.8659503],[121.2053545,13.8658734],[121.2054058,13.8658834],[121.2053898,13.8659603]]]}},{"type":"Feature","properties":{"category":"building","building":"house","building:levels":"2","house":"semi-detached","name":"B8 L23","block":"8","lot":"23","searchLabel":"B8 L23"},"geometry":{"type":"Polygon","coordinates":[[[121.2053251,13.865947],[121.2053413,13.8658708],[121.2052857,13.8658596],[121.2052694,13.8659357],[121.2053251,13.865947]]]}},{"type":"Feature","properties":{"category":"building","building":"house","building:levels":"2","house":"semi-detached","name":"B8 L24","block":"8","lot":"24","searchLabel":"B8 L24"},"geometry":{"type":"Polygon","coordinates":[[[121.2052694,13.8659357],[121.2052185,13.8659255],[121.2052348,13.8658494],[121.2052857,13.8658596],[121.2052694,13.8659357]]]}},{"type":"Feature","properties":{"category":"building","building":"house","building:levels":"2","house":"semi-detached","name":"B8 L25","block":"8","lot":"25","searchLabel":"B8 L25"},"geometry":{"type":"Polygon","coordinates":[[[121.2052063,13.8659231],[121.2051573,13.865913],[121.2051739,13.8658369],[121.2052229,13.865847],[121.2052063,13.8659231]]]}},{"type":"Feature","properties":{"category":"building","building":"house","building:levels":"2","house":"semi-detached","name":"B8 L26","block":"8","lot":"26","searchLabel":"B8 L26"},"geometry":{"type":"Polygon","coordinates":[[[121.2051573,13.865913],[121.2051073,13.8659028],[121.2051239,13.8658266],[121.2051739,13.8658369],[121.2051573,13.865913]]]}},{"type":"Feature","properties":{"category":"building","building":"house","building:levels":"2","house":"semi-detached","name":"B8 L55","block":"8","lot":"55","searchLabel":"B8 L55"},"geometry":{"type":"Polygon","coordinates":[[[121.2058646,13.8650994],[121.2058783,13.8650359],[121.2058291,13.8650258],[121.2058153,13.8650893],[121.2058646,13.8650994]]]}},{"type":"Feature","properties":{"category":"building","building":"house","building:levels":"2","house":"semi-detached","name":"B8 L54","block":"8","lot":"54","searchLabel":"B8 L54"},"geometry":{"type":"Polygon","coordinates":[[[121.2058153,13.8650893],[121.2057661,13.8650793],[121.2057798,13.8650158],[121.2058291,13.8650258],[121.2058153,13.8650893]]]}},{"type":"Feature","properties":{"category":"building","building":"house","building:levels":"2","house":"semi-detached","name":"B8 L53","block":"8","lot":"53","searchLabel":"B8 L53"},"geometry":{"type":"Polygon","coordinates":[[[121.2057486,13.865078],[121.2057627,13.865015],[121.205713,13.8650045],[121.205699,13.8650676],[121.2057486,13.865078]]]}},{"type":"Feature","properties":{"category":"building","building":"house","building:levels":"2","house":"semi-detached","name":"B8 L52","block":"8","lot":"52","searchLabel":"B8 L52"},"geometry":{"type":"Polygon","coordinates":[[[121.205699,13.8650676],[121.2056488,13.865057],[121.2056629,13.864994],[121.205713,13.8650045],[121.205699,13.8650676]]]}},{"type":"Feature","properties":{"category":"building","building":"house","building:levels":"2","house":"detached","name":"B8 L51","block":"8","lot":"51","searchLabel":"B8 L51"},"geometry":{"type":"Polygon","coordinates":[[[121.2055993,13.8651374],[121.205615,13.865066],[121.2056728,13.8650779],[121.2056572,13.8651493],[121.2055993,13.8651374]]]}},{"type":"Feature","properties":{"category":"building","building":"house","building:levels":"2","house":"semi-detached","name":"B8 L50","block":"8","lot":"50","searchLabel":"B8 L50"},"geometry":{"type":"Polygon","coordinates":[[[121.2056701,13.8651524],[121.2056849,13.8650816],[121.2057326,13.865091],[121.2057178,13.8651618],[121.2056701,13.8651524]]]}},{"type":"Feature","properties":{"category":"building","building":"house","building:levels":"2","house":"semi-detached","name":"B8 L49","block":"8","lot":"49","searchLabel":"B8 L49"},"geometry":{"type":"Polygon","coordinates":[[[121.2057178,13.8651618],[121.2057656,13.8651712],[121.2057803,13.8651004],[121.2057326,13.865091],[121.2057178,13.8651618]]]}},{"type":"Feature","properties":{"category":"road","access":"private","highway":"residential","lanes":"2","oneway":"no","surface":"concrete"},"geometry":{"type":"LineString","coordinates":[[121.2057851,13.8652053],[121.205806,13.8651085]]}},{"type":"Feature","properties":{"category":"building","building":"house","building:levels":"2","house":"semi-detached","name":"B8 L48","block":"8","lot":"48","searchLabel":"B8 L48"},"geometry":{"type":"Polygon","coordinates":[[[121.2058418,13.8651118],[121.205919,13.8651268],[121.2059091,13.8651748],[121.2058319,13.8651598],[121.2058418,13.8651118]]]}},{"type":"Feature","properties":{"category":"building","building":"house","building:levels":"2","house":"semi-detached","name":"B8 L47","block":"8","lot":"47","searchLabel":"B8 L47"},"geometry":{"type":"Polygon","coordinates":[[[121.2058319,13.8651598],[121.2058221,13.8652077],[121.2058992,13.8652227],[121.2059091,13.8651748],[121.2058319,13.8651598]]]}},{"type":"Feature","properties":{"category":"building","building":"house","building:levels":"2","house":"semi-detached","name":"B8 L45","block":"8","lot":"45","searchLabel":"B8 L45"},"geometry":{"type":"Polygon","coordinates":[[[121.2057983,13.8653277],[121.2058713,13.865342],[121.2058827,13.8652871],[121.2058097,13.8652728],[121.2057983,13.8653277]]]}},{"type":"Feature","properties":{"category":"building","building":"house","building:levels":"2","house":"semi-detached","name":"B8 L46","block":"8","lot":"46","searchLabel":"B8 L46"},"geometry":{"type":"Polygon","coordinates":[[[121.2058097,13.8652728],[121.2058211,13.8652177],[121.2058941,13.865232],[121.2058827,13.8652871],[121.2058097,13.8652728]]]}},{"type":"Feature","properties":{"category":"building","building":"house","building:levels":"2","house":"semi-detached","name":"B8 L44","block":"8","lot":"44","searchLabel":"B8 L44"},"geometry":{"type":"Polygon","coordinates":[[[121.2057946,13.8653393],[121.2058659,13.8653523],[121.2058561,13.8654033],[121.2057848,13.8653903],[121.2057946,13.8653393]]]}},{"type":"Feature","properties":{"category":"building","building":"house","building:levels":"2","house":"semi-detached","name":"B8 L43","block":"8","lot":"43","searchLabel":"B8 L43"},"geometry":{"type":"Polygon","coordinates":[[[121.2057848,13.8653903],[121.205775,13.8654413],[121.2058463,13.8654543],[121.2058561,13.8654033],[121.2057848,13.8653903]]]}},{"type":"Feature","properties":{"category":"building","building":"house","building:levels":"2","house":"semi-detached","name":"B8 L42","block":"8","lot":"42","searchLabel":"B8 L42"},"geometry":{"type":"Polygon","coordinates":[[[121.2057767,13.8654514],[121.2058465,13.8654645],[121.2058362,13.8655161],[121.2057664,13.865503],[121.2057767,13.8654514]]]}},{"type":"Feature","properties":{"category":"building","building":"house","building:levels":"2","house":"semi-detached","name":"B8 L41","block":"8","lot":"41","searchLabel":"B8 L41"},"geometry":{"type":"Polygon","coordinates":[[[121.2057664,13.865503],[121.2057556,13.8655568],[121.2058254,13.8655699],[121.2058362,13.8655161],[121.2057664,13.865503]]]}},{"type":"Feature","properties":{"category":"building","building":"house","building:levels":"2","house":"semi-detached","name":"B8 L40","block":"8","lot":"40","searchLabel":"B8 L40"},"geometry":{"type":"Polygon","coordinates":[[[121.205756,13.865568],[121.2058212,13.8655803],[121.2058097,13.8656376],[121.2057445,13.8656253],[121.205756,13.865568]]]}},{"type":"Feature","properties":{"category":"building","building":"house","building:levels":"2","house":"semi-detached","name":"B8 L39","block":"8","lot":"39","searchLabel":"B8 L39"},"geometry":{"type":"Polygon","coordinates":[[[121.2057445,13.8656253],[121.2057348,13.8656734],[121.2058,13.8656858],[121.2058097,13.8656376],[121.2057445,13.8656253]]]}},{"type":"Feature","properties":{"category":"building","building":"house","building:levels":"2","house":"semi-detached","name":"B8 L38","block":"8","lot":"38","searchLabel":"B8 L38"},"geometry":{"type":"Polygon","coordinates":[[[121.2057316,13.8656838],[121.2057951,13.8656956],[121.2057844,13.8657496],[121.2057209,13.8657378],[121.2057316,13.8656838]]]}},{"type":"Feature","properties":{"category":"building","building":"house","building:levels":"2","house":"semi-detached","name":"B8 L37","block":"8","lot":"37","searchLabel":"B8 L37"},"geometry":{"type":"Polygon","coordinates":[[[121.2057209,13.8657378],[121.2057107,13.8657899],[121.2057742,13.8658017],[121.2057844,13.8657496],[121.2057209,13.8657378]]]}},{"type":"Feature","properties":{"category":"road","access":"private","highway":"residential","lanes":"2","oneway":"no","surface":"concrete"},"geometry":{"type":"LineString","coordinates":[[121.205662,13.8658153],[121.2056482,13.8658875]]}},{"type":"Feature","properties":{"category":"building","building":"house","building:levels":"2","house":"semi-detached","name":"B8 L36","block":"8","lot":"36","searchLabel":"B8 L36"},"geometry":{"type":"Polygon","coordinates":[[[121.2057117,13.8657994],[121.2057754,13.8658117],[121.2057643,13.8658663],[121.2057005,13.8658541],[121.2057117,13.8657994]]]}},{"type":"Feature","properties":{"category":"building","building":"house","building:levels":"2","house":"semi-detached","name":"B8 L35","block":"8","lot":"35","searchLabel":"B8 L35"},"geometry":{"type":"Polygon","coordinates":[[[121.2057005,13.8658541],[121.2056894,13.8659086],[121.2057531,13.8659208],[121.2057643,13.8658663],[121.2057005,13.8658541]]]}},{"type":"Feature","properties":{"category":"building","building":"house","building:levels":"2","house":"semi-detached","name":"B8 L27","block":"8","lot":"27","searchLabel":"B8 L27"},"geometry":{"type":"Polygon","coordinates":[[[121.2051765,13.865817],[121.2051898,13.8657544],[121.2052371,13.8657639],[121.2052239,13.8658264],[121.2051765,13.865817]]]}},{"type":"Feature","properties":{"category":"building","building":"house","building:levels":"2","house":"semi-detached","name":"B8 L28","block":"8","lot":"28","searchLabel":"B8 L28"},"geometry":{"type":"Polygon","coordinates":[[[121.2052239,13.8658264],[121.2052709,13.8658358],[121.2052842,13.8657732],[121.2052371,13.8657639],[121.2052239,13.8658264]]]}},{"type":"Feature","properties":{"category":"building","building":"house","building:levels":"2","house":"semi-detached","name":"B8 L29","block":"8","lot":"29","searchLabel":"B8 L29"},"geometry":{"type":"Polygon","coordinates":[[[121.2052891,13.8658365],[121.2053354,13.8658455],[121.2053478,13.8657855],[121.2053015,13.8657765],[121.2052891,13.8658365]]]}},{"type":"Feature","properties":{"category":"building","building":"house","building:levels":"2","house":"semi-detached","name":"B8 L30","block":"8","lot":"30","searchLabel":"B8 L30"},"geometry":{"type":"Polygon","coordinates":[[[121.2053354,13.8658455],[121.2053815,13.8658546],[121.2053939,13.8657945],[121.2053478,13.8657855],[121.2053354,13.8658455]]]}},{"type":"Feature","properties":{"category":"building","building":"house","building:levels":"2","house":"semi-detached","name":"B8 L31","block":"8","lot":"31","searchLabel":"B8 L31"},"geometry":{"type":"Polygon","coordinates":[[[121.2054027,13.8658584],[121.2054155,13.8657995],[121.2054642,13.8658095],[121.2054514,13.8658684],[121.2054027,13.8658584]]]}},{"type":"Feature","properties":{"category":"building","building":"house","building:levels":"2","house":"semi-detached","name":"B8 L32","block":"8","lot":"32","searchLabel":"B8 L32"},"geometry":{"type":"Polygon","coordinates":[[[121.2054514,13.8658684],[121.2055006,13.8658785],[121.2055134,13.8658195],[121.2054642,13.8658095],[121.2054514,13.8658684]]]}},{"type":"Feature","properties":{"category":"building","building":"house","building:levels":"2","house":"semi-detached","name":"B8 L33","block":"8","lot":"33","searchLabel":"B8 L33"},"geometry":{"type":"Polygon","coordinates":[[[121.2055225,13.8658817],[121.2055705,13.8658914],[121.205583,13.8658331],[121.2055349,13.8658234],[121.2055225,13.8658817]]]}},{"type":"Feature","properties":{"category":"building","building":"house","building:levels":"2","house":"semi-detached","name":"B8 L34","block":"8","lot":"34","searchLabel":"B8 L34"},"geometry":{"type":"Polygon","coordinates":[[[121.2055705,13.8658914],[121.2056185,13.8659011],[121.205631,13.8658428],[121.205583,13.8658331],[121.2055705,13.8658914]]]}},{"type":"Feature","properties":{"category":"building","building":"house","building:levels":"1","house":"terrace","name":"B18 L17","block":"18","lot":"17","searchLabel":"B18 L17"},"geometry":{"type":"Polygon","coordinates":[[[121.2051905,13.8664133],[121.2052349,13.8664265],[121.2052557,13.8663608],[121.2052113,13.8663476],[121.2051905,13.8664133]]]}},{"type":"Feature","properties":{"category":"building","building":"house","building:levels":"1","house":"terrace","name":"B18 L18","block":"18","lot":"18","searchLabel":"B18 L18"},"geometry":{"type":"Polygon","coordinates":[[[121.2052349,13.8664265],[121.2052792,13.8664397],[121.2053,13.866374],[121.2052557,13.8663608],[121.2052349,13.8664265]]]}},{"type":"Feature","properties":{"category":"building","building":"house","building:levels":"1","house":"terrace","name":"B18 L19","block":"18","lot":"19","searchLabel":"B18 L19"},"geometry":{"type":"Polygon","coordinates":[[[121.2052792,13.8664397],[121.2053235,13.8664529],[121.2053443,13.8663872],[121.2053,13.866374],[121.2052792,13.8664397]]]}},{"type":"Feature","properties":{"category":"building","building":"house","building:levels":"1","house":"terrace","name":"B18 L20","block":"18","lot":"20","searchLabel":"B18 L20"},"geometry":{"type":"Polygon","coordinates":[[[121.2053235,13.8664529],[121.2053678,13.8664661],[121.2053886,13.8664004],[121.2053443,13.8663872],[121.2053235,13.8664529]]]}},{"type":"Feature","properties":{"category":"building","building":"house","building:levels":"1","house":"terrace","name":"B18 L21","block":"18","lot":"21","searchLabel":"B18 L21"},"geometry":{"type":"Polygon","coordinates":[[[121.2053678,13.8664661],[121.2054122,13.8664793],[121.205433,13.8664136],[121.2053886,13.8664004],[121.2053678,13.8664661]]]}},{"type":"Feature","properties":{"category":"building","building":"house","building:levels":"1","house":"terrace","name":"B18 L22","block":"18","lot":"22","searchLabel":"B18 L22"},"geometry":{"type":"Polygon","coordinates":[[[121.2054122,13.8664793],[121.2054565,13.8664925],[121.2054773,13.8664268],[121.205433,13.8664136],[121.2054122,13.8664793]]]}},{"type":"Feature","properties":{"category":"building","building":"house","building:levels":"1","house":"terrace","name":"B18 L23","block":"18","lot":"23","searchLabel":"B18 L23"},"geometry":{"type":"Polygon","coordinates":[[[121.2054565,13.8664925],[121.2055008,13.8665057],[121.2055216,13.86644],[121.2054773,13.8664268],[121.2054565,13.8664925]]]}},{"type":"Feature","properties":{"category":"building","building":"house","building:levels":"1","house":"terrace","name":"B18 L6","block":"18","lot":"6","searchLabel":"B18 L6"},"geometry":{"type":"Polygon","coordinates":[[[121.2056356,13.8666276],[121.2056504,13.8665795],[121.2055801,13.8665591],[121.2055653,13.8666071],[121.2056356,13.8666276]]]}},{"type":"Feature","properties":{"category":"building","building":"house","building:levels":"1","house":"terrace","name":"B18 L24","block":"18","lot":"24","searchLabel":"B18 L24"},"geometry":{"type":"Polygon","coordinates":[[[121.2055118,13.8665094],[121.2055737,13.8665267],[121.2055896,13.866473],[121.2055277,13.8664557],[121.2055118,13.8665094]]]}},{"type":"Feature","properties":{"category":"building","building":"house","building:levels":"1","house":"terrace","name":"B18 L25","block":"18","lot":"25","searchLabel":"B18 L25"},"geometry":{"type":"Polygon","coordinates":[[[121.2055277,13.8664557],[121.2055436,13.8664019],[121.2056055,13.8664192],[121.2055896,13.866473],[121.2055277,13.8664557]]]}},{"type":"Feature","properties":{"category":"building","building":"house","building:levels":"1","house":"terrace","name":"B18 L26","block":"18","lot":"26","searchLabel":"B18 L26"},"geometry":{"type":"Polygon","coordinates":[[[121.2055436,13.8664019],[121.2055595,13.8663483],[121.2056214,13.8663655],[121.2056055,13.8664192],[121.2055436,13.8664019]]]}},{"type":"Feature","properties":{"category":"building","building":"house","building:levels":"1","house":"terrace","name":"B18 L27","block":"18","lot":"27","searchLabel":"B18 L27"},"geometry":{"type":"Polygon","coordinates":[[[121.2055595,13.8663483],[121.2055754,13.8662946],[121.2056373,13.8663118],[121.2056214,13.8663655],[121.2055595,13.8663483]]]}},{"type":"Feature","properties":{"category":"building","building":"house","building:levels":"1","house":"terrace","name":"B18 L1","block":"18","lot":"1","searchLabel":"B18 L1"},"geometry":{"type":"Polygon","coordinates":[[[121.205654,13.8663191],[121.2057244,13.8663395],[121.2057096,13.8663875],[121.2056392,13.8663671],[121.205654,13.8663191]]]}},{"type":"Feature","properties":{"category":"building","building":"house","building:levels":"1","house":"terrace","name":"B18 L5","block":"18","lot":"5","searchLabel":"B18 L5"},"geometry":{"type":"Polygon","coordinates":[[[121.2055801,13.8665591],[121.2055949,13.8665111],[121.2056652,13.8665315],[121.2056504,13.8665795],[121.2055801,13.8665591]]]}},{"type":"Feature","properties":{"category":"building","building":"house","building:levels":"1","house":"terrace","name":"B18 L4","block":"18","lot":"4","searchLabel":"B18 L4"},"geometry":{"type":"Polygon","coordinates":[[[121.2055949,13.8665111],[121.2056096,13.8664632],[121.20568,13.8664836],[121.2056652,13.8665315],[121.2055949,13.8665111]]]}},{"type":"Feature","properties":{"category":"building","building":"house","building:levels":"1","house":"terrace","name":"B18 L3","block":"18","lot":"3","searchLabel":"B18 L3"},"geometry":{"type":"Polygon","coordinates":[[[121.2056096,13.8664632],[121.2056244,13.8664151],[121.2056948,13.8664356],[121.20568,13.8664836],[121.2056096,13.8664632]]]}},{"type":"Feature","properties":{"category":"building","building":"house","building:levels":"1","house":"terrace","name":"B18 L2","block":"18","lot":"2","searchLabel":"B18 L2"},"geometry":{"type":"Polygon","coordinates":[[[121.2056244,13.8664151],[121.2056392,13.8663671],[121.2057096,13.8663875],[121.2056948,13.8664356],[121.2056244,13.8664151]]]}},{"type":"Feature","properties":{"category":"building","access":"permissive","amenity":"toilets","building":"yes","changing_table":"no","opening_hours":"24/7","toilets:disposal":"flush","unisex":"yes","wheelchair":"no","block":null,"lot":null,"searchLabel":null},"geometry":{"type":"Polygon","coordinates":[[[121.2064824,13.8648699],[121.2064853,13.8648517],[121.2065056,13.8648548],[121.2065027,13.8648729],[121.2064824,13.8648699]]]}},{"type":"Feature","properties":{"category":"road","access":"private","highway":"residential","lanes":"2","name":"Russia","oneway":"no","surface":"concrete"},"geometry":{"type":"LineString","coordinates":[[121.2055942,13.8668823],[121.2049573,13.8667033]]}},{"type":"Feature","properties":{"category":"road","access":"private","highway":"residential","lanes":"2","name":"Australia","surface":"concrete"},"geometry":{"type":"LineString","coordinates":[[121.2063492,13.8648589],[121.2063035,13.8648545],[121.2060959,13.8648147]]}},{"type":"Feature","properties":{"category":"road","access":"private","highway":"residential","lanes":"2","name":"Canada","oneway":"no","surface":"concrete"},"geometry":{"type":"LineString","coordinates":[[121.2060959,13.8648147],[121.2060821,13.8648788],[121.2060478,13.8650392]]}},{"type":"Feature","properties":{"category":"road","access":"private","highway":"residential","lanes":"2","name":"Denmark","oneway":"no","surface":"concrete"},"geometry":{"type":"LineString","coordinates":[[121.2054328,13.8649097],[121.2051546,13.865348],[121.2051223,13.865399],[121.2050972,13.8654354],[121.2050137,13.8655563],[121.2048535,13.8657881],[121.2048295,13.8658229],[121.2048065,13.8658777]]}},{"type":"Feature","properties":{"category":"road","access":"private","highway":"residential","lanes":"2","name":"Japan","oneway":"no","surface":"concrete"},"geometry":{"type":"LineString","coordinates":[[121.2045765,13.8658138],[121.2048065,13.8658777]]}},{"type":"Feature","properties":{"category":"road","access":"private","highway":"residential","lanes":"2","surface":"concrete"},"geometry":{"type":"LineString","coordinates":[[121.2046464,13.8663574],[121.2048543,13.8664207],[121.205033,13.8664751],[121.2050856,13.8664911],[121.2056608,13.8666663]]}},{"type":"Feature","properties":{"category":"road","access":"private","highway":"residential","lanes":"2","name":"Japan","oneway":"no","surface":"concrete"},"geometry":{"type":"LineString","coordinates":[[121.2048065,13.8658777],[121.2050307,13.8659192]]}},{"type":"Feature","properties":{"category":"road","access":"private","highway":"residential","lanes":"2","surface":"concrete"},"geometry":{"type":"LineString","coordinates":[[121.2050307,13.8659192],[121.2051647,13.8657181]]}},{"type":"Feature","properties":{"category":"road","access":"private","highway":"residential","lanes":"2","name":"Canada","oneway":"no","surface":"concrete"},"geometry":{"type":"LineString","coordinates":[[121.2057737,13.8663005],[121.2056768,13.8666143],[121.2056608,13.8666663],[121.2055942,13.8668823]]}},{"type":"Feature","properties":{"category":"road","access":"private","highway":"residential","lanes":"2","name":"Canada","oneway":"no","surface":"concrete"},"geometry":{"type":"LineString","coordinates":[[121.20584,13.8660854],[121.2057737,13.8663005]]}},{"type":"Feature","properties":{"category":"road","access":"private","highway":"residential","lanes":"2","name":"Japan","oneway":"no","surface":"concrete"},"geometry":{"type":"LineString","coordinates":[[121.2050307,13.8659192],[121.2054299,13.866],[121.2057241,13.8660585],[121.20584,13.8660854]]}},{"type":"Feature","properties":{"category":"landuse","industrial":"scrap_yard","landuse":"industrial"},"geometry":{"type":"Polygon","coordinates":[[[121.2064415,13.8651167],[121.2064614,13.8650189],[121.2064589,13.8649617],[121.2069537,13.865057],[121.2070238,13.8650276],[121.2070283,13.865018],[121.2071004,13.865031],[121.2071469,13.8650411],[121.2072083,13.8650363],[121.2072211,13.865114],[121.2072254,13.8651437],[121.2070907,13.8652115],[121.2070523,13.8652347],[121.2070338,13.8652332],[121.2066173,13.8651529],[121.2064415,13.8651167]]]}},{"type":"Feature","properties":{"category":"cityblock","name":"Block 18","place":"city_block","block":"18"},"geometry":{"type":"Polygon","coordinates":[[[121.2050856,13.8664911],[121.2051482,13.8663008],[121.2055135,13.8664095],[121.2055605,13.8662527],[121.2057737,13.8663005],[121.2056768,13.8666143],[121.2056608,13.8666663],[121.2050856,13.8664911]]]}},{"type":"Feature","properties":{"category":"building","building":"house","building:levels":"1","name":"B20 L31","block":"20","lot":"31","searchLabel":"B20 L31"},"geometry":{"type":"Polygon","coordinates":[[[121.2055343,13.8667422],[121.205556,13.8666747],[121.2055098,13.8666606],[121.205488,13.8667282],[121.2055343,13.8667422]]]}},{"type":"Feature","properties":{"category":"building","building":"house","building:levels":"1","house":"terrace","name":"B20 L30","block":"20","lot":"30","searchLabel":"B20 L30"},"geometry":{"type":"Polygon","coordinates":[[[121.2054634,13.8666465],[121.2055098,13.8666606],[121.205488,13.8667282],[121.2054416,13.8667141],[121.2054634,13.8666465]]]}},{"type":"Feature","properties":{"category":"building","building":"house","building:levels":"1","house":"terrace","name":"B20 L32","block":"20","lot":"32","searchLabel":"B20 L32"},"geometry":{"type":"Polygon","coordinates":[[[121.2055343,13.8667422],[121.2055805,13.8667563],[121.2056023,13.8666888],[121.205556,13.8666747],[121.2055343,13.8667422]]]}},{"type":"Feature","properties":{"category":"building","building":"house","building:levels":"1","house":"terrace","name":"B20 L25","block":"20","lot":"25","searchLabel":"B20 L25"},"geometry":{"type":"Polygon","coordinates":[[[121.2052092,13.8666433],[121.2052558,13.8666575],[121.2052776,13.86659],[121.205231,13.8665758],[121.2052092,13.8666433]]]}},{"type":"Feature","properties":{"category":"building","building":"house","building:levels":"1","house":"terrace","name":"B20 L26","block":"20","lot":"26","searchLabel":"B20 L26"},"geometry":{"type":"Polygon","coordinates":[[[121.2052558,13.8666575],[121.2053023,13.8666717],[121.2053241,13.8666042],[121.2052776,13.86659],[121.2052558,13.8666575]]]}},{"type":"Feature","properties":{"category":"building","building":"house","building:levels":"1","house":"terrace","name":"B20 L27","block":"20","lot":"27","searchLabel":"B20 L27"},"geometry":{"type":"Polygon","coordinates":[[[121.2053023,13.8666717],[121.2053487,13.8666858],[121.2053705,13.8666183],[121.2053241,13.8666042],[121.2053023,13.8666717]]]}},{"type":"Feature","properties":{"category":"building","building":"house","building:levels":"1","house":"terrace","name":"B20 L28","block":"20","lot":"28","searchLabel":"B20 L28"},"geometry":{"type":"Polygon","coordinates":[[[121.2053487,13.8666858],[121.2053952,13.8666999],[121.205417,13.8666324],[121.2053705,13.8666183],[121.2053487,13.8666858]]]}},{"type":"Feature","properties":{"category":"building","building":"house","building:levels":"1","house":"terrace","name":"B20 L29","block":"20","lot":"29","searchLabel":"B20 L29"},"geometry":{"type":"Polygon","coordinates":[[[121.2053952,13.8666999],[121.2054416,13.8667141],[121.2054634,13.8666465],[121.205417,13.8666324],[121.2053952,13.8666999]]]}},{"type":"Feature","properties":{"category":"building","building":"house","building:levels":"1","house":"terrace","name":"B20 L21","block":"20","lot":"21","searchLabel":"B20 L21"},"geometry":{"type":"Polygon","coordinates":[[[121.2050225,13.8665865],[121.2050692,13.8666007],[121.205091,13.8665331],[121.2050443,13.8665189],[121.2050225,13.8665865]]]}},{"type":"Feature","properties":{"category":"building","building":"house","building:levels":"1","house":"terrace","name":"B20 L22","block":"20","lot":"22","searchLabel":"B20 L22"},"geometry":{"type":"Polygon","coordinates":[[[121.2050692,13.8666007],[121.2051159,13.8666149],[121.2051377,13.8665474],[121.205091,13.8665331],[121.2050692,13.8666007]]]}},{"type":"Feature","properties":{"category":"building","building":"house","building:levels":"1","house":"terrace","name":"B20 L23","block":"20","lot":"23","searchLabel":"B20 L23"},"geometry":{"type":"Polygon","coordinates":[[[121.2051159,13.8666149],[121.2051626,13.8666291],[121.2051844,13.8665616],[121.2051377,13.8665474],[121.2051159,13.8666149]]]}},{"type":"Feature","properties":{"category":"building","building":"house","building:levels":"1","house":"terrace","name":"B20 L24","block":"20","lot":"24","searchLabel":"B20 L24"},"geometry":{"type":"Polygon","coordinates":[[[121.2051626,13.8666291],[121.2052092,13.8666433],[121.205231,13.8665758],[121.2051844,13.8665616],[121.2051626,13.8666291]]]}},{"type":"Feature","properties":{"category":"road","access":"private","highway":"residential","lanes":"2","name":"Russia","oneway":"no","surface":"concrete"},"geometry":{"type":"LineString","coordinates":[[121.2036674,13.8662755],[121.2039247,13.8663608],[121.2041164,13.8664244],[121.2041874,13.8664479],[121.2043435,13.8664997]]}},{"type":"Feature","properties":{"category":"road","access":"private","highway":"residential","lanes":"2","name":"Denmark","surface":"concrete"},"geometry":{"type":"LineString","coordinates":[[121.2066176,13.8651513],[121.2064415,13.8651167],[121.20613,13.8650554],[121.2060478,13.8650392]]}},{"type":"Feature","properties":{"category":"road","access":"private","highway":"residential","lanes":"2","name":"Russia","oneway":"no","surface":"concrete"},"geometry":{"type":"LineString","coordinates":[[121.2055942,13.8668823],[121.2058675,13.8667911],[121.2061007,13.8667134],[121.2063682,13.8666223],[121.2067503,13.8664967]]}},{"type":"Feature","properties":{"category":"cityblock","name":"Block 22","place":"city_block","block":"22"},"geometry":{"type":"Polygon","coordinates":[[[121.2042675,13.8667178],[121.2048158,13.8668915],[121.2048929,13.8666819],[121.2043435,13.8664997],[121.2043114,13.8665917],[121.2042675,13.8667178]]]}},{"type":"Feature","properties":{"category":"cityblock","name":"Block 11","place":"city_block","block":"11"},"geometry":{"type":"Polygon","coordinates":[[[121.2063952,13.8661931],[121.2066234,13.8662373],[121.2067261,13.8657091],[121.2061706,13.8656068],[121.206124,13.8658212],[121.206462,13.8658849],[121.2064412,13.865984],[121.2063952,13.8661931]]]}},{"type":"Feature","properties":{"category":"building","building":"house","building:levels":"1","house":"terrace","name":"B11 L5","block":"11","lot":"5","searchLabel":"B11 L5"},"geometry":{"type":"Polygon","coordinates":[[[121.2064909,13.8659033],[121.2065704,13.865919],[121.2065592,13.8659719],[121.2064798,13.8659562],[121.2064909,13.8659033]]]}},{"type":"Feature","properties":{"category":"building","building":"house","building:levels":"1","house":"terrace","name":"B11 L4","block":"11","lot":"4","searchLabel":"B11 L4"},"geometry":{"type":"Polygon","coordinates":[[[121.2065481,13.8660246],[121.2064687,13.8660089],[121.2064798,13.8659562],[121.2065592,13.8659719],[121.2065481,13.8660246]]]}},{"type":"Feature","properties":{"category":"building","building":"house","building:levels":"1","house":"terrace","name":"B11 L3","block":"11","lot":"3","searchLabel":"B11 L3"},"geometry":{"type":"Polygon","coordinates":[[[121.2065371,13.8660769],[121.2064577,13.8660611],[121.2064687,13.8660089],[121.2065481,13.8660246],[121.2065371,13.8660769]]]}},{"type":"Feature","properties":{"category":"building","building":"house","building:levels":"1","house":"terrace","name":"B11 L2","block":"11","lot":"2","searchLabel":"B11 L2"},"geometry":{"type":"Polygon","coordinates":[[[121.2065262,13.8661289],[121.2064468,13.8661132],[121.2064577,13.8660611],[121.2065371,13.8660769],[121.2065262,13.8661289]]]}},{"type":"Feature","properties":{"category":"building","building":"house","building:levels":"1","house":"terrace","name":"B11 L6","block":"11","lot":"6","searchLabel":"B11 L6"},"geometry":{"type":"Polygon","coordinates":[[[121.2065096,13.8658626],[121.2065236,13.8657924],[121.2065711,13.8658014],[121.2065571,13.8658715],[121.2065096,13.8658626]]]}},{"type":"Feature","properties":{"category":"building","building":"house","building:levels":"1","house":"terrace","name":"B11 L7","block":"11","lot":"7","searchLabel":"B11 L7"},"geometry":{"type":"Polygon","coordinates":[[[121.2065096,13.8658626],[121.2064622,13.8658537],[121.2064762,13.8657835],[121.2065236,13.8657924],[121.2065096,13.8658626]]]}},{"type":"Feature","properties":{"category":"building","building":"house","building:levels":"1","house":"terrace","name":"B11 L8","block":"11","lot":"8","searchLabel":"B11 L8"},"geometry":{"type":"Polygon","coordinates":[[[121.2064622,13.8658537],[121.2064146,13.8658447],[121.2064286,13.8657746],[121.2064762,13.8657835],[121.2064622,13.8658537]]]}},{"type":"Feature","properties":{"category":"building","building":"house","building:levels":"1","house":"terrace","name":"B11 L9","block":"11","lot":"9","searchLabel":"B11 L9"},"geometry":{"type":"Polygon","coordinates":[[[121.2064146,13.8658447],[121.2063671,13.8658358],[121.206381,13.8657657],[121.2064286,13.8657746],[121.2064146,13.8658447]]]}},{"type":"Feature","properties":{"category":"building","building":"house","building:levels":"1","house":"terrace","name":"B11 L10","block":"11","lot":"10","searchLabel":"B11 L10"},"geometry":{"type":"Polygon","coordinates":[[[121.2063671,13.8658358],[121.2063194,13.8658269],[121.2063334,13.8657567],[121.206381,13.8657657],[121.2063671,13.8658358]]]}},{"type":"Feature","properties":{"category":"building","building":"house","building:levels":"1","house":"terrace","name":"B11 L11","block":"11","lot":"11","searchLabel":"B11 L11"},"geometry":{"type":"Polygon","coordinates":[[[121.2063194,13.8658269],[121.2062719,13.865818],[121.2062858,13.8657478],[121.2063334,13.8657567],[121.2063194,13.8658269]]]}},{"type":"Feature","properties":{"category":"building","building":"house","building:levels":"1","house":"terrace","name":"B11 L12","block":"11","lot":"12","searchLabel":"B11 L12"},"geometry":{"type":"Polygon","coordinates":[[[121.2062719,13.865818],[121.2062241,13.865809],[121.2062381,13.8657388],[121.2062858,13.8657478],[121.2062719,13.865818]]]}},{"type":"Feature","properties":{"category":"building","building":"house","building:levels":"1","house":"terrace","name":"B11 L13","block":"11","lot":"13","searchLabel":"B11 L13"},"geometry":{"type":"Polygon","coordinates":[[[121.2062241,13.865809],[121.2061764,13.8658],[121.2061903,13.8657299],[121.2062381,13.8657388],[121.2062241,13.865809]]]}},{"type":"Feature","properties":{"category":"building","building":"house","building:levels":"1","house":"terrace","name":"B11 L14","block":"11","lot":"14","searchLabel":"B11 L14"},"geometry":{"type":"Polygon","coordinates":[[[121.2061919,13.8657228],[121.2062393,13.8657314],[121.2062543,13.8656538],[121.2062069,13.8656451],[121.2061919,13.8657228]]]}},{"type":"Feature","properties":{"category":"building","building":"house","building:levels":"1","house":"terrace","name":"B11 L15","block":"11","lot":"15","searchLabel":"B11 L15"},"geometry":{"type":"Polygon","coordinates":[[[121.2062393,13.8657314],[121.2062867,13.86574],[121.2063017,13.8656624],[121.2062543,13.8656538],[121.2062393,13.8657314]]]}},{"type":"Feature","properties":{"category":"building","building":"house","building:levels":"1","house":"terrace","name":"B11 L16","block":"11","lot":"16","searchLabel":"B11 L16"},"geometry":{"type":"Polygon","coordinates":[[[121.2062867,13.86574],[121.2063341,13.8657487],[121.2063492,13.865671],[121.2063017,13.8656624],[121.2062867,13.86574]]]}},{"type":"Feature","properties":{"category":"building","building":"house","building:levels":"1","house":"terrace","name":"B11 L17","block":"11","lot":"17","searchLabel":"B11 L17"},"geometry":{"type":"Polygon","coordinates":[[[121.2063341,13.8657487],[121.2063816,13.8657573],[121.2063966,13.8656796],[121.2063492,13.865671],[121.2063341,13.8657487]]]}},{"type":"Feature","properties":{"category":"building","building":"house","building:levels":"1","house":"terrace","name":"B11 L18","block":"11","lot":"18","searchLabel":"B11 L18"},"geometry":{"type":"Polygon","coordinates":[[[121.206429,13.8657659],[121.2063816,13.8657573],[121.2063966,13.8656796],[121.2064439,13.8656883],[121.206429,13.8657659]]]}},{"type":"Feature","properties":{"category":"building","building":"house","building:levels":"1","house":"terrace","name":"B11 L19","block":"11","lot":"19","searchLabel":"B11 L19"},"geometry":{"type":"Polygon","coordinates":[[[121.206429,13.8657659],[121.2064763,13.8657745],[121.2064913,13.8656969],[121.2064439,13.8656883],[121.206429,13.8657659]]]}},{"type":"Feature","properties":{"category":"building","building":"house","building:levels":"1","house":"terrace","name":"B11 L20","block":"11","lot":"20","searchLabel":"B11 L20"},"geometry":{"type":"Polygon","coordinates":[[[121.2064763,13.8657745],[121.2065237,13.8657832],[121.2065387,13.8657055],[121.2064913,13.8656969],[121.2064763,13.8657745]]]}},{"type":"Feature","properties":{"category":"building","building":"house","building:levels":"1","house":"terrace","name":"B11 L21","block":"11","lot":"21","searchLabel":"B11 L21"},"geometry":{"type":"Polygon","coordinates":[[[121.2065237,13.8657832],[121.2065711,13.8657918],[121.2065861,13.8657141],[121.2065387,13.8657055],[121.2065237,13.8657832]]]}},{"type":"Feature","properties":{"category":"building","building":"house","building:levels":"1","house":"terrace","name":"B11 L30","block":"11","lot":"30","searchLabel":"B11 L30"},"geometry":{"type":"Polygon","coordinates":[[[121.206599,13.8661941],[121.2066087,13.8661452],[121.2065405,13.8661325],[121.2065309,13.8661814],[121.206599,13.8661941]]]}},{"type":"Feature","properties":{"category":"building","building":"house","building:levels":"1","house":"terrace","name":"B11 L28","block":"11","lot":"28","searchLabel":"B11 L28"},"geometry":{"type":"Polygon","coordinates":[[[121.2066185,13.8660959],[121.2066283,13.8660463],[121.2065601,13.8660336],[121.2065503,13.8660832],[121.2066185,13.8660959]]]}},{"type":"Feature","properties":{"category":"building","building":"house","building:levels":"1","house":"terrace","name":"B11 L26","block":"11","lot":"26","searchLabel":"B11 L26"},"geometry":{"type":"Polygon","coordinates":[[[121.2066381,13.8659964],[121.2066481,13.8659463],[121.2065799,13.8659335],[121.2065699,13.8659837],[121.2066381,13.8659964]]]}},{"type":"Feature","properties":{"category":"building","building":"house","building:levels":"1","house":"terrace","name":"B11 L24","block":"11","lot":"24","searchLabel":"B11 L24"},"geometry":{"type":"Polygon","coordinates":[[[121.2066581,13.8658957],[121.2066681,13.8658449],[121.2065999,13.8658322],[121.2065899,13.865883],[121.2066581,13.8658957]]]}},{"type":"Feature","properties":{"category":"building","building":"house","building:levels":"1","house":"terrace","name":"B11 L22","block":"11","lot":"22","searchLabel":"B11 L22"},"geometry":{"type":"Polygon","coordinates":[[[121.2066783,13.8657937],[121.2066884,13.8657423],[121.2066202,13.8657296],[121.20661,13.865781],[121.2066783,13.8657937]]]}},{"type":"Feature","properties":{"category":"building","building":"house","building:levels":"1","house":"terrace","name":"B11 L23","block":"11","lot":"23","searchLabel":"B11 L23"},"geometry":{"type":"Polygon","coordinates":[[[121.2065999,13.8658322],[121.20661,13.865781],[121.2066783,13.8657937],[121.2066681,13.8658449],[121.2065999,13.8658322]]]}},{"type":"Feature","properties":{"category":"building","building":"house","building:levels":"1","house":"terrace","name":"B11 L25","block":"11","lot":"25","searchLabel":"B11 L25"},"geometry":{"type":"Polygon","coordinates":[[[121.2065799,13.8659335],[121.2065899,13.865883],[121.2066581,13.8658957],[121.2066481,13.8659463],[121.2065799,13.8659335]]]}},{"type":"Feature","properties":{"category":"building","building":"house","building:levels":"1","house":"terrace","name":"B11 L27","block":"11","lot":"27","searchLabel":"B11 L27"},"geometry":{"type":"Polygon","coordinates":[[[121.2065601,13.8660336],[121.2065699,13.8659837],[121.2066381,13.8659964],[121.2066283,13.8660463],[121.2065601,13.8660336]]]}},{"type":"Feature","properties":{"category":"building","building":"house","building:levels":"1","house":"terrace","name":"B11 L29","block":"11","lot":"29","searchLabel":"B11 L29"},"geometry":{"type":"Polygon","coordinates":[[[121.2065405,13.8661325],[121.2065503,13.8660832],[121.2066185,13.8660959],[121.2066087,13.8661452],[121.2065405,13.8661325]]]}},{"type":"Feature","properties":{"category":"building","building":"house","building:levels":"1","house":"terrace","name":"B18 L7","block":"18","lot":"7","searchLabel":"B18 L7"},"geometry":{"type":"Polygon","coordinates":[[[121.2055432,13.8665999],[121.2054962,13.8665858],[121.2055165,13.8665222],[121.2055635,13.8665364],[121.2055432,13.8665999]]]}},{"type":"Feature","properties":{"category":"building","building":"house","building:levels":"1","house":"terrace","name":"B18 L9","block":"18","lot":"9","searchLabel":"B18 L9"},"geometry":{"type":"Polygon","coordinates":[[[121.2054025,13.8665575],[121.2054229,13.866494],[121.2054697,13.8665081],[121.2054494,13.8665716],[121.2054025,13.8665575]]]}},{"type":"Feature","properties":{"category":"building","building":"house","building:levels":"1","house":"terrace","name":"B18 L11","block":"18","lot":"11","searchLabel":"B18 L11"},"geometry":{"type":"Polygon","coordinates":[[[121.2053558,13.8665434],[121.2053091,13.8665293],[121.2053294,13.8664658],[121.2053761,13.8664799],[121.2053558,13.8665434]]]}},{"type":"Feature","properties":{"category":"building","building":"house","building:levels":"1","house":"terrace","name":"B18 L13","block":"18","lot":"13","searchLabel":"B18 L13"},"geometry":{"type":"Polygon","coordinates":[[[121.2052625,13.8665152],[121.205216,13.8665012],[121.2052363,13.8664377],[121.2052828,13.8664517],[121.2052625,13.8665152]]]}},{"type":"Feature","properties":{"category":"building","building":"house","building:levels":"1","house":"terrace","name":"B18 L15","block":"18","lot":"15","searchLabel":"B18 L15"},"geometry":{"type":"Polygon","coordinates":[[[121.2051695,13.8664871],[121.2051231,13.8664731],[121.2051434,13.8664096],[121.2051899,13.8664236],[121.2051695,13.8664871]]]}},{"type":"Feature","properties":{"category":"building","building":"house","building:levels":"1","house":"terrace","name":"B18 L14","block":"18","lot":"14","searchLabel":"B18 L14"},"geometry":{"type":"Polygon","coordinates":[[[121.205216,13.8665012],[121.2051695,13.8664871],[121.2051899,13.8664236],[121.2052363,13.8664377],[121.205216,13.8665012]]]}},{"type":"Feature","properties":{"category":"building","building":"house","building:levels":"1","house":"terrace","name":"B18 L12","block":"18","lot":"12","searchLabel":"B18 L12"},"geometry":{"type":"Polygon","coordinates":[[[121.2052625,13.8665152],[121.2053091,13.8665293],[121.2053294,13.8664658],[121.2052828,13.8664517],[121.2052625,13.8665152]]]}},{"type":"Feature","properties":{"category":"building","building":"house","building:levels":"1","house":"terrace","name":"B18 L10","block":"18","lot":"10","searchLabel":"B18 L10"},"geometry":{"type":"Polygon","coordinates":[[[121.2053558,13.8665434],[121.2054025,13.8665575],[121.2054229,13.866494],[121.2053761,13.8664799],[121.2053558,13.8665434]]]}},{"type":"Feature","properties":{"category":"building","building":"house","building:levels":"1","house":"terrace","name":"B18 L8","block":"18","lot":"8","searchLabel":"B18 L8"},"geometry":{"type":"Polygon","coordinates":[[[121.2054494,13.8665716],[121.2054962,13.8665858],[121.2055165,13.8665222],[121.2054697,13.8665081],[121.2054494,13.8665716]]]}},{"type":"Feature","properties":{"category":"building","building":"house","building:levels":"2","house":"detached","name":"B5 L38","block":"5","lot":"38","searchLabel":"B5 L38"},"geometry":{"type":"Polygon","coordinates":[[[121.2051687,13.8652591],[121.2051352,13.8653114],[121.2050679,13.8652709],[121.2051014,13.8652185],[121.2051687,13.8652591]]]}},{"type":"Feature","properties":{"category":"leisure","access":"yes","fee":"no","garden:type":"community","leisure":"garden"},"geometry":{"type":"Polygon","coordinates":[[[121.2061007,13.8667134],[121.2061475,13.8665769],[121.2063682,13.8666223],[121.2061007,13.8667134]]]}},{"type":"Feature","properties":{"category":"building","building":"house","building:levels":"2","house":"semi-detached","name":"B6 L1","block":"6","lot":"1","searchLabel":"B6 L1"},"geometry":{"type":"Polygon","coordinates":[[[121.2055076,13.8649832],[121.2054502,13.8649488],[121.2054218,13.8649935],[121.2054792,13.8650279],[121.2055076,13.8649832]]]}},{"type":"Feature","properties":{"category":"building","building":"house","building:levels":"2","house":"semi-detached","name":"B6 L2","block":"6","lot":"2","searchLabel":"B6 L2"},"geometry":{"type":"Polygon","coordinates":[[[121.2054792,13.8650279],[121.2054501,13.8650737],[121.2053927,13.8650393],[121.2054218,13.8649935],[121.2054792,13.8650279]]]}},{"type":"Feature","properties":{"category":"building","building":"house","building:levels":"2","house":"semi-detached","name":"B6 L3","block":"6","lot":"3","searchLabel":"B6 L3"},"geometry":{"type":"Polygon","coordinates":[[[121.2053808,13.8650547],[121.2054353,13.8650872],[121.205407,13.8651319],[121.2053525,13.8650994],[121.2053808,13.8650547]]]}},{"type":"Feature","properties":{"category":"building","building":"house","building:levels":"2","house":"semi-detached","name":"B6 L4","block":"6","lot":"4","searchLabel":"B6 L4"},"geometry":{"type":"Polygon","coordinates":[[[121.205407,13.8651319],[121.2053788,13.8651766],[121.2053243,13.8651441],[121.2053525,13.8650994],[121.205407,13.8651319]]]}},{"type":"Feature","properties":{"category":"building","building":"house","building:levels":"2","house":"semi-detached","name":"B6 L5","block":"6","lot":"5","searchLabel":"B6 L5"},"geometry":{"type":"Polygon","coordinates":[[[121.205364,13.8652122],[121.2053366,13.8652582],[121.205278,13.8652253],[121.2053054,13.8651793],[121.205364,13.8652122]]]}},{"type":"Feature","properties":{"category":"building","building":"house","building:levels":"2","house":"semi-detached","name":"B6 L6","block":"6","lot":"6","searchLabel":"B6 L6"},"geometry":{"type":"Polygon","coordinates":[[[121.2053366,13.8652582],[121.2053092,13.8653042],[121.2052506,13.8652713],[121.205278,13.8652253],[121.2053366,13.8652582]]]}},{"type":"Feature","properties":{"category":"building","building":"house","building:levels":"2","house":"semi-detached","name":"B6 L18","block":"6","lot":"18","searchLabel":"B6 L18"},"geometry":{"type":"Polygon","coordinates":[[[121.2054812,13.8653522],[121.2054946,13.8652879],[121.2055461,13.8652981],[121.2055327,13.8653623],[121.2054812,13.8653522]]]}},{"type":"Feature","properties":{"category":"building","building":"house","building:levels":"2","house":"semi-detached","name":"B6 L17","block":"6","lot":"17","searchLabel":"B6 L17"},"geometry":{"type":"Polygon","coordinates":[[[121.2055327,13.8653623],[121.2055826,13.8653721],[121.205596,13.8653079],[121.2055461,13.8652981],[121.2055327,13.8653623]]]}},{"type":"Feature","properties":{"category":"building","building":"house","building:levels":"2","house":"detached","name":"B7 L21","block":"7","lot":"21","searchLabel":"B7 L21"},"geometry":{"type":"Polygon","coordinates":[[[121.2055992,13.8656641],[121.2056109,13.8655992],[121.2056588,13.8656073],[121.2056471,13.8656722],[121.2055992,13.8656641]]]}},{"type":"Feature","properties":{"category":"building","building":"house","building:levels":"2","house":"semi-detached","name":"B7 L9","block":"7","lot":"9","searchLabel":"B7 L9"},"geometry":{"type":"Polygon","coordinates":[[[121.2050111,13.8658871],[121.2049588,13.8658548],[121.2049909,13.8658059],[121.2050432,13.8658383],[121.2050111,13.8658871]]]}},{"type":"Feature","properties":{"category":"building","building":"house","building:levels":"2","house":"semi-detached","name":"B7 L10","block":"7","lot":"10","searchLabel":"B7 L10"},"geometry":{"type":"Polygon","coordinates":[[[121.2050432,13.8658383],[121.2050752,13.8657894],[121.2050229,13.8657571],[121.2049909,13.8658059],[121.2050432,13.8658383]]]}},{"type":"Feature","properties":{"category":"building","building":"house","building:levels":"2","house":"semi-detached","name":"B7 L11","block":"7","lot":"11","searchLabel":"B7 L11"},"geometry":{"type":"Polygon","coordinates":[[[121.2050258,13.8657503],[121.2050589,13.865703],[121.2051126,13.8657385],[121.2050795,13.8657857],[121.2050258,13.8657503]]]}},{"type":"Feature","properties":{"category":"building","building":"house","building:levels":"2","house":"semi-detached","name":"B7 L12","block":"7","lot":"12","searchLabel":"B7 L12"},"geometry":{"type":"Polygon","coordinates":[[[121.2051126,13.8657385],[121.2051444,13.865693],[121.2050907,13.8656576],[121.2050589,13.865703],[121.2051126,13.8657385]]]}},{"type":"Feature","properties":{"category":"building","building":"house","building:levels":"2","house":"semi-detached","name":"B7 L13","block":"7","lot":"13","searchLabel":"B7 L13"},"geometry":{"type":"Polygon","coordinates":[[[121.2050938,13.8656489],[121.205123,13.8656055],[121.2051816,13.8656426],[121.2051525,13.865686],[121.2050938,13.8656489]]]}},{"type":"Feature","properties":{"category":"building","building":"house","building:levels":"2","house":"semi-detached","name":"B7 L14","block":"7","lot":"14","searchLabel":"B7 L14"},"geometry":{"type":"Polygon","coordinates":[[[121.2051816,13.8656426],[121.2052109,13.865599],[121.2051522,13.8655619],[121.205123,13.8656055],[121.2051816,13.8656426]]]}},{"type":"Feature","properties":{"category":"building","building":"house","building:levels":"2","house":"semi-detached","name":"B7 L8","block":"7","lot":"8","searchLabel":"B7 L8"},"geometry":{"type":"Polygon","coordinates":[[[121.2048721,13.8658187],[121.2049054,13.8657733],[121.2049564,13.8658086],[121.204923,13.865854],[121.2048721,13.8658187]]]}},{"type":"Feature","properties":{"category":"building","building":"house","building:levels":"2","house":"semi-detached","name":"B7 L7","block":"7","lot":"7","searchLabel":"B7 L7"},"geometry":{"type":"Polygon","coordinates":[[[121.2049054,13.8657733],[121.2049564,13.8658086],[121.2049897,13.8657632],[121.2049388,13.8657279],[121.2049054,13.8657733]]]}},{"type":"Feature","properties":{"category":"building","building":"house","building:levels":"2","house":"semi-detached","name":"B7 L6","block":"7","lot":"6","searchLabel":"B7 L6"},"geometry":{"type":"Polygon","coordinates":[[[121.2049925,13.865753],[121.2049424,13.8657207],[121.2049723,13.865677],[121.2050224,13.8657093],[121.2049925,13.865753]]]}},{"type":"Feature","properties":{"category":"building","building":"house","building:levels":"2","house":"semi-detached","name":"B7 L5","block":"7","lot":"5","searchLabel":"B7 L5"},"geometry":{"type":"Polygon","coordinates":[[[121.2050224,13.8657093],[121.2050572,13.8656584],[121.2050071,13.8656261],[121.2049723,13.865677],[121.2050224,13.8657093]]]}},{"type":"Feature","properties":{"category":"building","building":"house","building:levels":"2","house":"semi-detached","name":"B7 L4","block":"7","lot":"4","searchLabel":"B7 L4"},"geometry":{"type":"Polygon","coordinates":[[[121.2050149,13.8656135],[121.2050442,13.865572],[121.2050961,13.8656066],[121.2050668,13.8656481],[121.2050149,13.8656135]]]}},{"type":"Feature","properties":{"category":"building","building":"house","building:levels":"2","house":"semi-detached","name":"B7 L3","block":"7","lot":"3","searchLabel":"B7 L3"},"geometry":{"type":"Polygon","coordinates":[[[121.2050961,13.8656066],[121.2051248,13.865566],[121.2050729,13.8655314],[121.2050442,13.865572],[121.2050961,13.8656066]]]}},{"type":"Feature","properties":{"category":"building","building":"house","building:levels":"2","house":"semi-detached","name":"B7 L2","block":"7","lot":"2","searchLabel":"B7 L2"},"geometry":{"type":"Polygon","coordinates":[[[121.205129,13.8655586],[121.2051566,13.865522],[121.2051065,13.8654864],[121.2050789,13.8655231],[121.205129,13.8655586]]]}},{"type":"Feature","properties":{"category":"building","building":"house","building:levels":"2","house":"semi-detached","name":"B7 L1","block":"7","lot":"1","searchLabel":"B7 L1"},"geometry":{"type":"Polygon","coordinates":[[[121.2051566,13.865522],[121.2051905,13.8654769],[121.2051404,13.8654414],[121.2051065,13.8654864],[121.2051566,13.865522]]]}},{"type":"Feature","properties":{"category":"building","building":"house","building:levels":"1","house":"terrace","name":"B17 L35","block":"17","lot":"35","searchLabel":"B17 L35"},"geometry":{"type":"Polygon","coordinates":[[[121.2054506,13.8661997],[121.2054011,13.866189],[121.2054172,13.8661192],[121.2054666,13.86613],[121.2054506,13.8661997]]]}},{"type":"Feature","properties":{"category":"building","building":"house","building:levels":"1","house":"terrace","name":"B17 L37","block":"17","lot":"37","searchLabel":"B17 L37"},"geometry":{"type":"Polygon","coordinates":[[[121.2054999,13.8662105],[121.2055493,13.8662212],[121.2055655,13.8661515],[121.2055161,13.8661408],[121.2054999,13.8662105]]]}},{"type":"Feature","properties":{"category":"building","building":"house","building:levels":"1","house":"terrace","name":"B17 L39","block":"17","lot":"39","searchLabel":"B17 L39"},"geometry":{"type":"Polygon","coordinates":[[[121.2055988,13.866232],[121.2056482,13.8662428],[121.2056643,13.866173],[121.205615,13.8661623],[121.2055988,13.866232]]]}},{"type":"Feature","properties":{"category":"building","building":"house","building:levels":"1","house":"terrace","name":"B17 L41","block":"17","lot":"41","searchLabel":"B17 L41"},"geometry":{"type":"Polygon","coordinates":[[[121.2056977,13.8662536],[121.2057471,13.8662644],[121.2057633,13.8661945],[121.2057139,13.8661838],[121.2056977,13.8662536]]]}},{"type":"Feature","properties":{"category":"building","building":"house","building:levels":"1","house":"terrace","name":"B17 L1","block":"17","lot":"1","searchLabel":"B17 L1"},"geometry":{"type":"Polygon","coordinates":[[[121.2057403,13.8660956],[121.2057244,13.8661707],[121.205775,13.8661808],[121.2057909,13.8661056],[121.2057403,13.8660956]]]}},{"type":"Feature","properties":{"category":"building","building":"house","building:levels":"1","house":"terrace","name":"B17 L3","block":"17","lot":"3","searchLabel":"B17 L3"},"geometry":{"type":"Polygon","coordinates":[[[121.2056897,13.8660855],[121.2056738,13.8661606],[121.2056233,13.8661505],[121.2056392,13.8660754],[121.2056897,13.8660855]]]}},{"type":"Feature","properties":{"category":"building","building":"house","building:levels":"1","house":"terrace","name":"B17 L5","block":"17","lot":"5","searchLabel":"B17 L5"},"geometry":{"type":"Polygon","coordinates":[[[121.2055886,13.8660653],[121.2055727,13.8661404],[121.205522,13.8661303],[121.2055379,13.8660552],[121.2055886,13.8660653]]]}},{"type":"Feature","properties":{"category":"building","building":"house","building:levels":"1","house":"terrace","name":"B17 L7","block":"17","lot":"7","searchLabel":"B17 L7"},"geometry":{"type":"Polygon","coordinates":[[[121.2054872,13.8660451],[121.2054713,13.8661202],[121.2054206,13.8661101],[121.2054366,13.8660349],[121.2054872,13.8660451]]]}},{"type":"Feature","properties":{"category":"building","building":"house","building:levels":"1","house":"terrace","name":"B17 L36","block":"17","lot":"36","searchLabel":"B17 L36"},"geometry":{"type":"Polygon","coordinates":[[[121.2054506,13.8661997],[121.2054999,13.8662105],[121.2055161,13.8661408],[121.2054666,13.86613],[121.2054506,13.8661997]]]}},{"type":"Feature","properties":{"category":"building","building":"house","building:levels":"1","house":"terrace","name":"B17 L38","block":"17","lot":"38","searchLabel":"B17 L38"},"geometry":{"type":"Polygon","coordinates":[[[121.2055493,13.8662212],[121.2055988,13.866232],[121.205615,13.8661623],[121.2055655,13.8661515],[121.2055493,13.8662212]]]}},{"type":"Feature","properties":{"category":"building","building":"house","building:levels":"1","house":"terrace","name":"B17 L40","block":"17","lot":"40","searchLabel":"B17 L40"},"geometry":{"type":"Polygon","coordinates":[[[121.2056482,13.8662428],[121.2056977,13.8662536],[121.2057139,13.8661838],[121.2056643,13.866173],[121.2056482,13.8662428]]]}},{"type":"Feature","properties":{"category":"building","building":"house","building:levels":"1","house":"terrace","name":"B17 L2","block":"17","lot":"2","searchLabel":"B17 L2"},"geometry":{"type":"Polygon","coordinates":[[[121.2057244,13.8661707],[121.2056738,13.8661606],[121.2056897,13.8660855],[121.2057403,13.8660956],[121.2057244,13.8661707]]]}},{"type":"Feature","properties":{"category":"building","building":"house","building:levels":"1","house":"terrace","name":"B17 L4","block":"17","lot":"4","searchLabel":"B17 L4"},"geometry":{"type":"Polygon","coordinates":[[[121.2056233,13.8661505],[121.2055727,13.8661404],[121.2055886,13.8660653],[121.2056392,13.8660754],[121.2056233,13.8661505]]]}},{"type":"Feature","properties":{"category":"building","building":"house","building:levels":"1","house":"terrace","name":"B17 L6","block":"17","lot":"6","searchLabel":"B17 L6"},"geometry":{"type":"Polygon","coordinates":[[[121.205522,13.8661303],[121.2054713,13.8661202],[121.2054872,13.8660451],[121.2055379,13.8660552],[121.205522,13.8661303]]]}},{"type":"Feature","properties":{"category":"building","building":"house","building:levels":"1","house":"detached","name":"Model Unit","block":null,"lot":null,"searchLabel":"Model Unit"},"geometry":{"type":"Polygon","coordinates":[[[121.2064685,13.8649476],[121.2064233,13.8649377],[121.2064345,13.8648894],[121.2064573,13.8648944],[121.2064797,13.8648993],[121.2064685,13.8649476]]]}},{"type":"Feature","properties":{"category":"building","building":"house","building:levels":"1","house":"terrace","name":"B2 L11","block":"2","lot":"11","searchLabel":"B2 L11"},"geometry":{"type":"Polygon","coordinates":[[[121.2058611,13.8647322],[121.2058746,13.8646665],[121.2059207,13.8646754],[121.2059073,13.8647411],[121.2058611,13.8647322]]]}},{"type":"Feature","properties":{"category":"building","building":"house","building:levels":"1","house":"terrace","name":"B2 L9","block":"2","lot":"9","searchLabel":"B2 L9"},"geometry":{"type":"Polygon","coordinates":[[[121.2059534,13.86475],[121.2059996,13.8647589],[121.2060131,13.8646932],[121.2059669,13.8646843],[121.2059534,13.86475]]]}},{"type":"Feature","properties":{"category":"building","building":"house","building:levels":"1","house":"terrace","name":"B2 L7","block":"2","lot":"7","searchLabel":"B2 L7"},"geometry":{"type":"Polygon","coordinates":[[[121.2060458,13.8647678],[121.206092,13.8647768],[121.2061055,13.864711],[121.2060592,13.8647021],[121.2060458,13.8647678]]]}},{"type":"Feature","properties":{"category":"building","building":"house","building:levels":"1","house":"terrace","name":"B2 L5","block":"2","lot":"5","searchLabel":"B2 L5"},"geometry":{"type":"Polygon","coordinates":[[[121.2061382,13.8647857],[121.2061844,13.8647946],[121.2061979,13.8647289],[121.2061517,13.86472],[121.2061382,13.8647857]]]}},{"type":"Feature","properties":{"category":"building","building":"house","building:levels":"1","house":"terrace","name":"B2 L3","block":"2","lot":"3","searchLabel":"B2 L3"},"geometry":{"type":"Polygon","coordinates":[[[121.2062306,13.8648036],[121.2062768,13.8648125],[121.2062903,13.8647468],[121.2062441,13.8647378],[121.2062306,13.8648036]]]}},{"type":"Feature","properties":{"category":"building","building":"house","building:levels":"1","house":"terrace","name":"Model Unit","block":null,"lot":null,"searchLabel":"Model Unit"},"geometry":{"type":"Polygon","coordinates":[[[121.2062768,13.8648125],[121.2063231,13.8648215],[121.2063366,13.8647557],[121.2062903,13.8647468],[121.2062768,13.8648125]]]}},{"type":"Feature","properties":{"category":"building","building":"house","building:levels":"1","house":"terrace","name":"B2 L4","block":"2","lot":"4","searchLabel":"B2 L4"},"geometry":{"type":"Polygon","coordinates":[[[121.2062306,13.8648036],[121.2061844,13.8647946],[121.2061979,13.8647289],[121.2062441,13.8647378],[121.2062306,13.8648036]]]}},{"type":"Feature","properties":{"category":"building","building":"house","building:levels":"1","house":"terrace","name":"B2 L6","block":"2","lot":"6","searchLabel":"B2 L6"},"geometry":{"type":"Polygon","coordinates":[[[121.2061382,13.8647857],[121.206092,13.8647768],[121.2061055,13.864711],[121.2061517,13.86472],[121.2061382,13.8647857]]]}},{"type":"Feature","properties":{"category":"building","building":"house","building:levels":"1","house":"terrace","name":"B2 L8","block":"2","lot":"8","searchLabel":"B2 L8"},"geometry":{"type":"Polygon","coordinates":[[[121.2060458,13.8647678],[121.2059996,13.8647589],[121.2060131,13.8646932],[121.2060592,13.8647021],[121.2060458,13.8647678]]]}},{"type":"Feature","properties":{"category":"building","building":"house","building:levels":"1","house":"terrace","name":"B2 L10","block":"2","lot":"10","searchLabel":"B2 L10"},"geometry":{"type":"Polygon","coordinates":[[[121.2059534,13.86475],[121.2059073,13.8647411],[121.2059207,13.8646754],[121.2059669,13.8646843],[121.2059534,13.86475]]]}},{"type":"Feature","properties":{"category":"building","building":"house","building:levels":"2","house":"semi-detached","name":"B4 L6","block":"4","lot":"6","searchLabel":"B4 L6"},"geometry":{"type":"Polygon","coordinates":[[[121.2057223,13.8646883],[121.2057893,13.8647023],[121.205802,13.8646444],[121.2057351,13.8646305],[121.2057223,13.8646883]]]}},{"type":"Feature","properties":{"category":"building","building":"house","building:levels":"2","house":"semi-detached","name":"B4 L5","block":"4","lot":"5","searchLabel":"B4 L5"},"geometry":{"type":"Polygon","coordinates":[[[121.2057351,13.8646305],[121.205748,13.8645719],[121.205815,13.8645858],[121.205802,13.8646444],[121.2057351,13.8646305]]]}},{"type":"Feature","properties":{"category":"building","building":"house","building:levels":"2","house":"semi-detached","name":"B4 L4","block":"4","lot":"4","searchLabel":"B4 L4"},"geometry":{"type":"Polygon","coordinates":[[[121.2057513,13.8645598],[121.2057621,13.864506],[121.2058275,13.8645184],[121.2058168,13.8645721],[121.2057513,13.8645598]]]}},{"type":"Feature","properties":{"category":"building","building":"house","building:levels":"2","house":"semi-detached","name":"B4 L3","block":"4","lot":"3","searchLabel":"B4 L3"},"geometry":{"type":"Polygon","coordinates":[[[121.2057621,13.864506],[121.2057709,13.864462],[121.2058363,13.8644743],[121.2058275,13.8645184],[121.2057621,13.864506]]]}},{"type":"Feature","properties":{"category":"building","building":"house","building:levels":"2","house":"semi-detached","name":"B4 L2","block":"4","lot":"2","searchLabel":"B4 L2"},"geometry":{"type":"Polygon","coordinates":[[[121.2057737,13.8644548],[121.2057826,13.8644093],[121.2058463,13.864421],[121.2058374,13.8644665],[121.2057737,13.8644548]]]}},{"type":"Feature","properties":{"category":"building","building":"house","building:levels":"2","house":"semi-detached","name":"B4 L1","block":"4","lot":"1","searchLabel":"B4 L1"},"geometry":{"type":"Polygon","coordinates":[[[121.2058463,13.864421],[121.2058565,13.8643685],[121.2057928,13.8643569],[121.2057826,13.8644093],[121.2058463,13.864421]]]}},{"type":"Feature","properties":{"category":"building","building":"house","building:levels":"2","house":"semi-detached","name":"B4 L33","block":"4","lot":"33","searchLabel":"B4 L33"},"geometry":{"type":"Polygon","coordinates":[[[121.20571,13.8645895],[121.2057186,13.8645453],[121.2056549,13.8645337],[121.2056463,13.8645778],[121.20571,13.8645895]]]}},{"type":"Feature","properties":{"category":"building","building":"house","building:levels":"2","house":"semi-detached","name":"B4 L34","block":"4","lot":"34","searchLabel":"B4 L34"},"geometry":{"type":"Polygon","coordinates":[[[121.2056549,13.8645337],[121.2056635,13.8644896],[121.2057272,13.8645013],[121.2057186,13.8645453],[121.2056549,13.8645337]]]}},{"type":"Feature","properties":{"category":"building","building":"house","building:levels":"2","house":"detached","name":"B4 L35","block":"4","lot":"35","searchLabel":"B4 L35"},"geometry":{"type":"Polygon","coordinates":[[[121.2057296,13.8644902],[121.2056674,13.864478],[121.205678,13.864427],[121.2057402,13.8644392],[121.2057296,13.8644902]]]}},{"type":"Feature","properties":{"category":"building","building":"house","building:levels":"2","house":"semi-detached","name":"B4 L31","block":"4","lot":"31","searchLabel":"B4 L31"},"geometry":{"type":"Polygon","coordinates":[[[121.2055647,13.8645693],[121.2055146,13.8645601],[121.2055266,13.8644987],[121.2055766,13.8645079],[121.2055647,13.8645693]]]}},{"type":"Feature","properties":{"category":"building","building":"house","building:levels":"2","house":"semi-detached","name":"B4 L32","block":"4","lot":"32","searchLabel":"B4 L32"},"geometry":{"type":"Polygon","coordinates":[[[121.2056281,13.8645173],[121.2055766,13.8645079],[121.2055647,13.8645693],[121.2056161,13.8645788],[121.2056281,13.8645173]]]}},{"type":"Feature","properties":{"category":"building","building":"house","building:levels":"2","house":"semi-detached","name":"B4 L29","block":"4","lot":"29","searchLabel":"B4 L29"},"geometry":{"type":"Polygon","coordinates":[[[121.2053945,13.8645367],[121.2054069,13.8644761],[121.2054595,13.8644863],[121.2054471,13.8645469],[121.2053945,13.8645367]]]}},{"type":"Feature","properties":{"category":"building","building":"house","building:levels":"2","house":"semi-detached","name":"B4 L30","block":"4","lot":"30","searchLabel":"B4 L30"},"geometry":{"type":"Polygon","coordinates":[[[121.2054471,13.8645469],[121.205495,13.8645562],[121.2055074,13.8644956],[121.2054595,13.8644863],[121.2054471,13.8645469]]]}},{"type":"Feature","properties":{"category":"building","building":"house","building:levels":"2","house":"semi-detached","name":"B4 L27","block":"4","lot":"27","searchLabel":"B4 L27"},"geometry":{"type":"Polygon","coordinates":[[[121.2052808,13.8645131],[121.2053295,13.8645234],[121.2053431,13.8644621],[121.2052944,13.8644518],[121.2052808,13.8645131]]]}},{"type":"Feature","properties":{"category":"building","building":"house","building:levels":"2","house":"semi-detached","name":"B4 L28","block":"4","lot":"28","searchLabel":"B4 L28"},"geometry":{"type":"Polygon","coordinates":[[[121.2053295,13.8645234],[121.2053781,13.8645336],[121.2053917,13.8644723],[121.2053431,13.8644621],[121.2053295,13.8645234]]]}},{"type":"Feature","properties":{"category":"building","building":"house","building:levels":"2","house":"semi-detached","name":"B4 L14","block":"4","lot":"14","searchLabel":"B4 L14"},"geometry":{"type":"Polygon","coordinates":[[[121.2052595,13.8646028],[121.2053068,13.8646123],[121.2053216,13.864543],[121.2052743,13.8645335],[121.2052595,13.8646028]]]}},{"type":"Feature","properties":{"category":"building","building":"house","building:levels":"2","house":"semi-detached","name":"B4 L13","block":"4","lot":"13","searchLabel":"B4 L13"},"geometry":{"type":"Polygon","coordinates":[[[121.2053068,13.8646123],[121.2053541,13.8646218],[121.2053689,13.8645525],[121.2053216,13.864543],[121.2053068,13.8646123]]]}},{"type":"Feature","properties":{"category":"building","building":"house","building:levels":"2","house":"semi-detached","name":"B4 L12","block":"4","lot":"12","searchLabel":"B4 L12"},"geometry":{"type":"Polygon","coordinates":[[[121.2053728,13.8646271],[121.205425,13.864637],[121.2054377,13.8645745],[121.2053855,13.8645646],[121.2053728,13.8646271]]]}},{"type":"Feature","properties":{"category":"building","building":"house","building:levels":"2","house":"semi-detached","name":"B4 L11","block":"4","lot":"11","searchLabel":"B4 L11"},"geometry":{"type":"Polygon","coordinates":[[[121.205425,13.864637],[121.2054772,13.864647],[121.2054898,13.8645845],[121.2054377,13.8645745],[121.205425,13.864637]]]}},{"type":"Feature","properties":{"category":"building","building":"house","building:levels":"2","house":"semi-detached","name":"B4 L10","block":"4","lot":"10","searchLabel":"B4 L10"},"geometry":{"type":"Polygon","coordinates":[[[121.2054965,13.8646532],[121.2055466,13.8646641],[121.2055617,13.864599],[121.2055115,13.864588],[121.2054965,13.8646532]]]}},{"type":"Feature","properties":{"category":"building","building":"house","building:levels":"2","house":"semi-detached","name":"B4 L9","block":"4","lot":"9","searchLabel":"B4 L9"},"geometry":{"type":"Polygon","coordinates":[[[121.2055466,13.8646641],[121.2055967,13.864675],[121.2056117,13.8646099],[121.2055617,13.864599],[121.2055466,13.8646641]]]}},{"type":"Feature","properties":{"category":"building","building":"house","building:levels":"2","house":"semi-detached","name":"B4 L8","block":"4","lot":"8","searchLabel":"B4 L8"},"geometry":{"type":"Polygon","coordinates":[[[121.2056127,13.864679],[121.2056282,13.8646117],[121.2056731,13.8646214],[121.2056576,13.8646887],[121.2056127,13.864679]]]}},{"type":"Feature","properties":{"category":"building","building":"house","building:levels":"2","house":"semi-detached","name":"B4 L7","block":"4","lot":"7","searchLabel":"B4 L7"},"geometry":{"type":"Polygon","coordinates":[[[121.2056576,13.8646887],[121.2057025,13.8646985],[121.205718,13.8646311],[121.2056731,13.8646214],[121.2056576,13.8646887]]]}},{"type":"Feature","properties":{"category":"building","building":"house","building:levels":"2","house":"detached","name":"B4 L15","block":"4","lot":"15","searchLabel":"B4 L15"},"geometry":{"type":"Polygon","coordinates":[[[121.2051974,13.8646432],[121.2052528,13.864679],[121.2052861,13.8646304],[121.2052307,13.8645946],[121.2051974,13.8646432]]]}},{"type":"Feature","properties":{"category":"building","building":"house","building:levels":"2","house":"detached","name":"B4 L26","block":"4","lot":"26","searchLabel":"B4 L26"},"geometry":{"type":"Polygon","coordinates":[[[121.2052409,13.8645181],[121.2052662,13.8644804],[121.2052111,13.8644455],[121.2051858,13.8644832],[121.2052409,13.8645181]]]}},{"type":"Feature","properties":{"category":"building","building":"house","building:levels":"2","house":"semi-detached","name":"B4 L24","block":"4","lot":"24","searchLabel":"B4 L24"},"geometry":{"type":"Polygon","coordinates":[[[121.2051716,13.8646116],[121.205122,13.86458],[121.2051503,13.8645381],[121.2051999,13.8645697],[121.2051716,13.8646116]]]}},{"type":"Feature","properties":{"category":"building","building":"house","building:levels":"2","house":"semi-detached","name":"B4 L25","block":"4","lot":"25","searchLabel":"B4 L25"},"geometry":{"type":"Polygon","coordinates":[[[121.2051999,13.8645697],[121.2052299,13.8645252],[121.2051803,13.8644936],[121.2051503,13.8645381],[121.2051999,13.8645697]]]}},{"type":"Feature","properties":{"category":"building","building":"house","building:levels":"2","house":"semi-detached","name":"B4 L23","block":"4","lot":"23","searchLabel":"B4 L23"},"geometry":{"type":"Polygon","coordinates":[[[121.205166,13.86462],[121.2051364,13.8646643],[121.2050855,13.8646322],[121.2051151,13.8645879],[121.205166,13.86462]]]}},{"type":"Feature","properties":{"category":"building","building":"house","building:levels":"2","house":"semi-detached","name":"B4 L22","block":"4","lot":"22","searchLabel":"B4 L22"},"geometry":{"type":"Polygon","coordinates":[[[121.2051364,13.8646643],[121.2051045,13.8647119],[121.2050536,13.8646798],[121.2050855,13.8646322],[121.2051364,13.8646643]]]}},{"type":"Feature","properties":{"category":"building","building":"house","building:levels":"2","house":"semi-detached","name":"B4 L21","block":"4","lot":"21","searchLabel":"B4 L21"},"geometry":{"type":"Polygon","coordinates":[[[121.2050982,13.8647202],[121.2050673,13.8647674],[121.205018,13.8647369],[121.2050488,13.8646898],[121.2050982,13.8647202]]]}},{"type":"Feature","properties":{"category":"building","building":"house","building:levels":"2","house":"semi-detached","name":"B4 L20","block":"4","lot":"20","searchLabel":"B4 L20"},"geometry":{"type":"Polygon","coordinates":[[[121.2050673,13.8647674],[121.2050365,13.8648144],[121.2049872,13.864784],[121.205018,13.8647369],[121.2050673,13.8647674]]]}},{"type":"Feature","properties":{"category":"building","building":"house","building:levels":"2","house":"semi-detached","name":"B4 L19","block":"4","lot":"19","searchLabel":"B4 L19"},"geometry":{"type":"Polygon","coordinates":[[[121.2050617,13.8648417],[121.2051166,13.8648763],[121.20515,13.8648263],[121.2050951,13.8647917],[121.2050617,13.8648417]]]}},{"type":"Feature","properties":{"category":"building","building":"house","building:levels":"2","house":"semi-detached","name":"B4 L18","block":"4","lot":"18","searchLabel":"B4 L18"},"geometry":{"type":"Polygon","coordinates":[[[121.20515,13.8648263],[121.2051834,13.8647763],[121.2051285,13.8647417],[121.2050951,13.8647917],[121.20515,13.8648263]]]}},{"type":"Feature","properties":{"category":"building","building":"house","building:levels":"2","house":"semi-detached","name":"B4 L17","block":"4","lot":"17","searchLabel":"B4 L17"},"geometry":{"type":"Polygon","coordinates":[[[121.2051884,13.8647681],[121.2052172,13.8647257],[121.2051668,13.8646934],[121.2051379,13.8647358],[121.2051884,13.8647681]]]}},{"type":"Feature","properties":{"category":"building","building":"house","building:levels":"2","house":"semi-detached","name":"B4 L16","block":"4","lot":"16","searchLabel":"B4 L16"},"geometry":{"type":"Polygon","coordinates":[[[121.2052172,13.8647257],[121.2052461,13.8646832],[121.2051956,13.8646509],[121.2051668,13.8646934],[121.2052172,13.8647257]]]}},{"type":"Feature","properties":{"category":"cityblock","name":"Block 8","place":"city_block","block":"8"},"geometry":{"type":"Polygon","coordinates":[[[121.2050307,13.8659192],[121.2051647,13.8657181],[121.205662,13.8658153],[121.205683,13.8657111],[121.2057236,13.86551],[121.205764,13.8653099],[121.2057851,13.8652053],[121.2055331,13.8651537],[121.2056482,13.8649567],[121.2060478,13.8650392],[121.2059436,13.8655637],[121.2058637,13.8659659],[121.20584,13.8660854],[121.2050307,13.8659192]]]}},{"type":"Feature","properties":{"category":"cityblock","name":"Block 9","place":"city_block","block":"9"},"geometry":{"type":"Polygon","coordinates":[[[121.2063952,13.8661931],[121.2064412,13.865984],[121.2061031,13.8659161],[121.206124,13.8658212],[121.2061706,13.8656068],[121.2062148,13.8654011],[121.2062372,13.8652915],[121.2065767,13.8653561],[121.2066173,13.8651529],[121.2064415,13.8651167],[121.2060478,13.8650392],[121.2059436,13.8655637],[121.2058637,13.8659659],[121.20584,13.8660854],[121.206321,13.8661787],[121.2063952,13.8661931]]]}},{"type":"Feature","properties":{"category":"cityblock","name":"Block 5","place":"city_block","block":"5"},"geometry":{"type":"Polygon","coordinates":[[[121.2060478,13.8650392],[121.2060959,13.8648147],[121.2058103,13.8647553],[121.2056329,13.8647183],[121.205318,13.8646496],[121.2052545,13.8647399],[121.2051295,13.8649355],[121.2050642,13.8650346],[121.2049428,13.8652174],[121.2049111,13.8652652],[121.2048849,13.8653065],[121.2047078,13.8655749],[121.2046043,13.8657319],[121.2045765,13.8658138],[121.2048065,13.8658777],[121.2048295,13.8658229],[121.2048535,13.8657881],[121.2050137,13.8655563],[121.2050972,13.8654354],[121.2051223,13.865399],[121.2051546,13.865348],[121.2054328,13.8649097],[121.2056482,13.8649567],[121.2060478,13.8650392]]]}},{"type":"Feature","properties":{"category":"cityblock","name":"Block 7","place":"city_block","block":"7"},"geometry":{"type":"Polygon","coordinates":[[[121.2048065,13.8658777],[121.2048295,13.8658229],[121.2048535,13.8657881],[121.2050137,13.8655563],[121.2050972,13.8654354],[121.2051223,13.865399],[121.2057236,13.86551],[121.205683,13.8657111],[121.2052272,13.8656287],[121.2051647,13.8657181],[121.2050307,13.8659192],[121.2048065,13.8658777]]]}},{"type":"Feature","properties":{"category":"cityblock","name":"Block 14A","place":"city_block","block":"14A"},"geometry":{"type":"Polygon","coordinates":[[[121.2057737,13.8663005],[121.20584,13.8660854],[121.206321,13.8661787],[121.2063952,13.8661931],[121.2066234,13.8662373],[121.2068456,13.8662804],[121.2068061,13.8664786],[121.2067503,13.8664967],[121.2062711,13.8664003],[121.2060095,13.8663477],[121.2057737,13.8663005]]]}},{"type":"Feature","properties":{"category":"cityblock","name":"Block 27","place":"city_block","block":"27"},"geometry":{"type":"Polygon","coordinates":[[[121.2034711,13.8675725],[121.2035413,13.8673737],[121.2033506,13.8673252],[121.2033774,13.8672198],[121.2034246,13.8670228],[121.2034778,13.8668056],[121.2035054,13.8666845],[121.2037711,13.8667559],[121.2038342,13.8665714],[121.2033283,13.8664146],[121.2031989,13.8669711],[121.2030809,13.8674784],[121.2034711,13.8675725]]]}},{"type":"Feature","properties":{"category":"building","building":"house","building:levels":"1","house":"terrace","name":"B9 L59","block":"9","lot":"59","searchLabel":"B9 L59"},"geometry":{"type":"Polygon","coordinates":[[[121.2062387,13.8652678],[121.2062893,13.8652774],[121.2063039,13.865205],[121.2062534,13.8651953],[121.2062387,13.8652678]]]}},{"type":"Feature","properties":{"category":"building","building":"house","building:levels":"1","house":"terrace","name":"B9 L61","block":"9","lot":"61","searchLabel":"B9 L61"},"geometry":{"type":"Polygon","coordinates":[[[121.2063396,13.8652871],[121.2063901,13.8652967],[121.2064048,13.8652242],[121.2063542,13.8652146],[121.2063396,13.8652871]]]}},{"type":"Feature","properties":{"category":"building","building":"house","building:levels":"1","house":"terrace","name":"B9 L63","block":"9","lot":"63","searchLabel":"B9 L63"},"geometry":{"type":"Polygon","coordinates":[[[121.2064404,13.8653063],[121.2064908,13.8653159],[121.2065055,13.8652434],[121.2064551,13.8652339],[121.2064404,13.8653063]]]}},{"type":"Feature","properties":{"category":"building","building":"house","building:levels":"1","house":"terrace","name":"B9 L64","block":"9","lot":"64","searchLabel":"B9 L64"},"geometry":{"type":"Polygon","coordinates":[[[121.2064908,13.8653159],[121.2065411,13.8653255],[121.2065558,13.8652531],[121.2065055,13.8652434],[121.2064908,13.8653159]]]}},{"type":"Feature","properties":{"category":"building","building":"house","building:levels":"1","house":"terrace","name":"B9 L62","block":"9","lot":"62","searchLabel":"B9 L62"},"geometry":{"type":"Polygon","coordinates":[[[121.2063901,13.8652967],[121.2064404,13.8653063],[121.2064551,13.8652339],[121.2064048,13.8652242],[121.2063901,13.8652967]]]}},{"type":"Feature","properties":{"category":"building","building":"house","building:levels":"1","house":"terrace","name":"B9 L60","block":"9","lot":"60","searchLabel":"B9 L60"},"geometry":{"type":"Polygon","coordinates":[[[121.2062893,13.8652774],[121.2063396,13.8652871],[121.2063542,13.8652146],[121.2063039,13.865205],[121.2062893,13.8652774]]]}},{"type":"Feature","properties":{"category":"building","building":"house","building:levels":"1","house":"terrace","name":"B9 L58","block":"9","lot":"58","searchLabel":"B9 L58"},"geometry":{"type":"Polygon","coordinates":[[[121.2061431,13.8652426],[121.2062117,13.8652555],[121.2062209,13.8652091],[121.2061524,13.8651962],[121.2061431,13.8652426]]]}},{"type":"Feature","properties":{"category":"building","building":"house","building:levels":"1","house":"terrace","name":"B9 L56","block":"9","lot":"56","searchLabel":"B9 L56"},"geometry":{"type":"Polygon","coordinates":[[[121.2062024,13.865302],[121.2061931,13.8653488],[121.2061245,13.8653359],[121.2061338,13.8652892],[121.2062024,13.865302]]]}},{"type":"Feature","properties":{"category":"building","building":"house","building:levels":"1","house":"terrace","name":"B9 L54","block":"9","lot":"54","searchLabel":"B9 L54"},"geometry":{"type":"Polygon","coordinates":[[[121.2061837,13.8653957],[121.2061743,13.8654428],[121.2061057,13.86543],[121.2061151,13.8653828],[121.2061837,13.8653957]]]}},{"type":"Feature","properties":{"category":"building","building":"house","building:levels":"1","house":"terrace","name":"B9 L52","block":"9","lot":"52","searchLabel":"B9 L52"},"geometry":{"type":"Polygon","coordinates":[[[121.2061648,13.8654902],[121.2061554,13.8655377],[121.2060868,13.8655248],[121.2060963,13.8654773],[121.2061648,13.8654902]]]}},{"type":"Feature","properties":{"category":"building","building":"house","building:levels":"1","house":"terrace","name":"B9 L18","block":"9","lot":"18","searchLabel":"B9 L18"},"geometry":{"type":"Polygon","coordinates":[[[121.206063,13.8655674],[121.2059805,13.8655516],[121.2059901,13.8655043],[121.2060726,13.8655201],[121.206063,13.8655674]]]}},{"type":"Feature","properties":{"category":"building","building":"house","building:levels":"1","house":"terrace","name":"B9 L16","block":"9","lot":"16","searchLabel":"B9 L16"},"geometry":{"type":"Polygon","coordinates":[[[121.2060822,13.8654728],[121.2060918,13.8654256],[121.2060093,13.8654098],[121.2059997,13.865457],[121.2060822,13.8654728]]]}},{"type":"Feature","properties":{"category":"building","building":"house","building:levels":"1","house":"terrace","name":"B9 L14","block":"9","lot":"14","searchLabel":"B9 L14"},"geometry":{"type":"Polygon","coordinates":[[[121.2061014,13.8653785],[121.2061109,13.8653316],[121.2060284,13.8653158],[121.2060188,13.8653627],[121.2061014,13.8653785]]]}},{"type":"Feature","properties":{"category":"building","building":"house","building:levels":"1","house":"terrace","name":"B9 L12","block":"9","lot":"12","searchLabel":"B9 L12"},"geometry":{"type":"Polygon","coordinates":[[[121.2060379,13.865269],[121.2061204,13.8652848],[121.2061299,13.8652381],[121.2060474,13.8652223],[121.2060379,13.865269]]]}},{"type":"Feature","properties":{"category":"building","building":"house","building:levels":"1","house":"terrace","name":"B9 L11","block":"9","lot":"11","searchLabel":"B9 L11"},"geometry":{"type":"Polygon","coordinates":[[[121.2060474,13.8652223],[121.2060568,13.8651757],[121.2061393,13.8651915],[121.2061299,13.8652381],[121.2060474,13.8652223]]]}},{"type":"Feature","properties":{"category":"building","building":"house","building:levels":"1","house":"terrace","name":"B9 L13","block":"9","lot":"13","searchLabel":"B9 L13"},"geometry":{"type":"Polygon","coordinates":[[[121.2061109,13.8653316],[121.2061204,13.8652848],[121.2060379,13.865269],[121.2060284,13.8653158],[121.2061109,13.8653316]]]}},{"type":"Feature","properties":{"category":"building","building":"house","building:levels":"1","house":"terrace","name":"B9 L15","block":"9","lot":"15","searchLabel":"B9 L15"},"geometry":{"type":"Polygon","coordinates":[[[121.2060093,13.8654098],[121.2060188,13.8653627],[121.2061014,13.8653785],[121.2060918,13.8654256],[121.2060093,13.8654098]]]}},{"type":"Feature","properties":{"category":"building","building":"house","building:levels":"1","house":"terrace","name":"B9 L17","block":"9","lot":"17","searchLabel":"B9 L17"},"geometry":{"type":"Polygon","coordinates":[[[121.2059901,13.8655043],[121.2059997,13.865457],[121.2060822,13.8654728],[121.2060726,13.8655201],[121.2059901,13.8655043]]]}},{"type":"Feature","properties":{"category":"building","building":"house","building:levels":"1","house":"terrace","name":"B9 L51","block":"9","lot":"51","searchLabel":"B9 L51"},"geometry":{"type":"Polygon","coordinates":[[[121.2060868,13.8655248],[121.2060773,13.8655725],[121.2061458,13.8655854],[121.2061554,13.8655377],[121.2060868,13.8655248]]]}},{"type":"Feature","properties":{"category":"building","building":"house","building:levels":"1","house":"terrace","name":"B9 L53","block":"9","lot":"53","searchLabel":"B9 L53"},"geometry":{"type":"Polygon","coordinates":[[[121.2060963,13.8654773],[121.2061057,13.86543],[121.2061743,13.8654428],[121.2061648,13.8654902],[121.2060963,13.8654773]]]}},{"type":"Feature","properties":{"category":"building","building":"house","building:levels":"1","house":"terrace","name":"B9 L55","block":"9","lot":"55","searchLabel":"B9 L55"},"geometry":{"type":"Polygon","coordinates":[[[121.2061151,13.8653828],[121.2061245,13.8653359],[121.2061931,13.8653488],[121.2061837,13.8653957],[121.2061151,13.8653828]]]}},{"type":"Feature","properties":{"category":"building","building":"house","building:levels":"1","house":"terrace","name":"B9 L57","block":"9","lot":"57","searchLabel":"B9 L57"},"geometry":{"type":"Polygon","coordinates":[[[121.2061431,13.8652426],[121.2061338,13.8652892],[121.2062024,13.865302],[121.2062117,13.8652555],[121.2061431,13.8652426]]]}},{"type":"Feature","properties":{"category":"building","building":"house","building:levels":"1","house":"terrace","name":"B9 L10","block":"9","lot":"10","searchLabel":"B9 L10"},"geometry":{"type":"Polygon","coordinates":[[[121.2061142,13.8651609],[121.2060652,13.8651513],[121.2060813,13.8650741],[121.2061303,13.8650838],[121.2061142,13.8651609]]]}},{"type":"Feature","properties":{"category":"building","building":"house","building:levels":"1","house":"terrace","name":"B9 L8","block":"9","lot":"8","searchLabel":"B9 L8"},"geometry":{"type":"Polygon","coordinates":[[[121.2061631,13.8651706],[121.2062118,13.8651802],[121.2062279,13.865103],[121.2061792,13.8650934],[121.2061631,13.8651706]]]}},{"type":"Feature","properties":{"category":"building","building":"house","building:levels":"1","house":"terrace","name":"B9 L6","block":"9","lot":"6","searchLabel":"B9 L6"},"geometry":{"type":"Polygon","coordinates":[[[121.206309,13.8651993],[121.2063251,13.8651222],[121.2062765,13.8651126],[121.2062604,13.8651897],[121.206309,13.8651993]]]}},{"type":"Feature","properties":{"category":"building","building":"house","building:levels":"1","house":"terrace","name":"B9 L4","block":"9","lot":"4","searchLabel":"B9 L4"},"geometry":{"type":"Polygon","coordinates":[[[121.2063573,13.8652088],[121.2064057,13.8652183],[121.2064219,13.8651413],[121.2063735,13.8651317],[121.2063573,13.8652088]]]}},{"type":"Feature","properties":{"category":"building","building":"house","building:levels":"1","house":"terrace","name":"B9 L2","block":"9","lot":"2","searchLabel":"B9 L2"},"geometry":{"type":"Polygon","coordinates":[[[121.206454,13.8652278],[121.2065021,13.8652374],[121.2065182,13.8651603],[121.2064701,13.8651508],[121.206454,13.8652278]]]}},{"type":"Feature","properties":{"category":"building","building":"house","building:levels":"1","house":"terrace","name":"B9 L1","block":"9","lot":"1","searchLabel":"B9 L1"},"geometry":{"type":"Polygon","coordinates":[[[121.2065021,13.8652374],[121.2065501,13.8652468],[121.2065662,13.8651698],[121.2065182,13.8651603],[121.2065021,13.8652374]]]}},{"type":"Feature","properties":{"category":"building","building":"house","building:levels":"1","house":"terrace","name":"B9 L3","block":"9","lot":"3","searchLabel":"B9 L3"},"geometry":{"type":"Polygon","coordinates":[[[121.206454,13.8652278],[121.2064057,13.8652183],[121.2064219,13.8651413],[121.2064701,13.8651508],[121.206454,13.8652278]]]}},{"type":"Feature","properties":{"category":"building","building":"house","building:levels":"1","house":"terrace","name":"B9 L5","block":"9","lot":"5","searchLabel":"B9 L5"},"geometry":{"type":"Polygon","coordinates":[[[121.206309,13.8651993],[121.2063573,13.8652088],[121.2063735,13.8651317],[121.2063251,13.8651222],[121.206309,13.8651993]]]}},{"type":"Feature","properties":{"category":"building","building":"house","building:levels":"1","house":"terrace","name":"B9 L7","block":"9","lot":"7","searchLabel":"B9 L7"},"geometry":{"type":"Polygon","coordinates":[[[121.2062604,13.8651897],[121.2062118,13.8651802],[121.2062279,13.865103],[121.2062765,13.8651126],[121.2062604,13.8651897]]]}},{"type":"Feature","properties":{"category":"building","building":"house","building:levels":"1","house":"terrace","name":"B9 L9","block":"9","lot":"9","searchLabel":"B9 L9"},"geometry":{"type":"Polygon","coordinates":[[[121.2061631,13.8651706],[121.2061142,13.8651609],[121.2061303,13.8650838],[121.2061792,13.8650934],[121.2061631,13.8651706]]]}},{"type":"Feature","properties":{"category":"building","building":"house","building:levels":"1","house":"terrace","name":"B9 L26","block":"9","lot":"26","searchLabel":"B9 L26"},"geometry":{"type":"Polygon","coordinates":[[[121.2058902,13.8659584],[121.205969,13.8659736],[121.2059786,13.8659269],[121.2058997,13.8659117],[121.2058902,13.8659584]]]}},{"type":"Feature","properties":{"category":"building","building":"house","building:levels":"1","house":"terrace","name":"B9 L24","block":"9","lot":"24","searchLabel":"B9 L24"},"geometry":{"type":"Polygon","coordinates":[[[121.2059881,13.8658801],[121.2059093,13.8658649],[121.2059188,13.8658183],[121.2059976,13.8658335],[121.2059881,13.8658801]]]}},{"type":"Feature","properties":{"category":"building","building":"house","building:levels":"1","house":"terrace","name":"B9 L22","block":"9","lot":"22","searchLabel":"B9 L22"},"geometry":{"type":"Polygon","coordinates":[[[121.2060072,13.865787],[121.2060167,13.8657404],[121.2059379,13.8657252],[121.2059284,13.8657718],[121.2060072,13.865787]]]}},{"type":"Feature","properties":{"category":"building","building":"house","building:levels":"1","house":"terrace","name":"B9 L20","block":"9","lot":"20","searchLabel":"B9 L20"},"geometry":{"type":"Polygon","coordinates":[[[121.2060262,13.865694],[121.2060357,13.8656476],[121.2059569,13.8656324],[121.2059474,13.8656788],[121.2060262,13.865694]]]}},{"type":"Feature","properties":{"category":"building","building":"house","building:levels":"1","house":"terrace","name":"B9 L19","block":"9","lot":"19","searchLabel":"B9 L19"},"geometry":{"type":"Polygon","coordinates":[[[121.2059569,13.8656324],[121.2059664,13.8655861],[121.2060451,13.8656012],[121.2060357,13.8656476],[121.2059569,13.8656324]]]}},{"type":"Feature","properties":{"category":"building","building":"house","building:levels":"1","house":"terrace","name":"B9 L21","block":"9","lot":"21","searchLabel":"B9 L21"},"geometry":{"type":"Polygon","coordinates":[[[121.2059379,13.8657252],[121.2059474,13.8656788],[121.2060262,13.865694],[121.2060167,13.8657404],[121.2059379,13.8657252]]]}},{"type":"Feature","properties":{"category":"building","building":"house","building:levels":"1","house":"terrace","name":"B9 L23","block":"9","lot":"23","searchLabel":"B9 L23"},"geometry":{"type":"Polygon","coordinates":[[[121.2059188,13.8658183],[121.2059284,13.8657718],[121.2060072,13.865787],[121.2059976,13.8658335],[121.2059188,13.8658183]]]}},{"type":"Feature","properties":{"category":"building","building":"house","building:levels":"1","house":"terrace","name":"B9 L25","block":"9","lot":"25","searchLabel":"B9 L25"},"geometry":{"type":"Polygon","coordinates":[[[121.2058997,13.8659117],[121.2059093,13.8658649],[121.2059881,13.8658801],[121.2059786,13.8659269],[121.2058997,13.8659117]]]}},{"type":"Feature","properties":{"category":"building","building":"house","building:levels":"1","house":"terrace","name":"B9 L43","block":"9","lot":"43","searchLabel":"B9 L43"},"geometry":{"type":"Polygon","coordinates":[[[121.2060542,13.8659903],[121.2059797,13.8659754],[121.2059897,13.8659283],[121.2060642,13.8659432],[121.2060542,13.8659903]]]}},{"type":"Feature","properties":{"category":"building","building":"house","building:levels":"1","house":"terrace","name":"B9 L45","block":"9","lot":"45","searchLabel":"B9 L45"},"geometry":{"type":"Polygon","coordinates":[[[121.2060742,13.8658962],[121.2059997,13.8658813],[121.2060096,13.8658345],[121.2060841,13.8658493],[121.2060742,13.8658962]]]}},{"type":"Feature","properties":{"category":"building","building":"house","building:levels":"1","house":"terrace","name":"B9 L47","block":"9","lot":"47","searchLabel":"B9 L47"},"geometry":{"type":"Polygon","coordinates":[[[121.2060195,13.8657878],[121.206094,13.8658026],[121.2061039,13.865756],[121.2060294,13.8657412],[121.2060195,13.8657878]]]}},{"type":"Feature","properties":{"category":"building","building":"house","building:levels":"1","house":"terrace","name":"B9 L49","block":"9","lot":"49","searchLabel":"B9 L49"},"geometry":{"type":"Polygon","coordinates":[[[121.2060392,13.8656947],[121.2061137,13.8657096],[121.2061235,13.8656633],[121.206049,13.8656484],[121.2060392,13.8656947]]]}},{"type":"Feature","properties":{"category":"building","building":"house","building:levels":"1","house":"terrace","name":"B9 L50","block":"9","lot":"50","searchLabel":"B9 L50"},"geometry":{"type":"Polygon","coordinates":[[[121.206049,13.8656484],[121.2060588,13.8656023],[121.2061333,13.8656171],[121.2061235,13.8656633],[121.206049,13.8656484]]]}},{"type":"Feature","properties":{"category":"building","building":"house","building:levels":"1","house":"terrace","name":"B9 L48","block":"9","lot":"48","searchLabel":"B9 L48"},"geometry":{"type":"Polygon","coordinates":[[[121.2060294,13.8657412],[121.2060392,13.8656947],[121.2061137,13.8657096],[121.2061039,13.865756],[121.2060294,13.8657412]]]}},{"type":"Feature","properties":{"category":"building","building":"house","building:levels":"1","house":"terrace","name":"B9 L46","block":"9","lot":"46","searchLabel":"B9 L46"},"geometry":{"type":"Polygon","coordinates":[[[121.2060096,13.8658345],[121.2060195,13.8657878],[121.206094,13.8658026],[121.2060841,13.8658493],[121.2060096,13.8658345]]]}},{"type":"Feature","properties":{"category":"building","building":"house","building:levels":"1","house":"terrace","name":"B9 L44","block":"9","lot":"44","searchLabel":"B9 L44"},"geometry":{"type":"Polygon","coordinates":[[[121.2059897,13.8659283],[121.2059997,13.8658813],[121.2060742,13.8658962],[121.2060642,13.8659432],[121.2059897,13.8659283]]]}},{"type":"Feature","properties":{"category":"building","building":"house","building:levels":"1","house":"terrace","name":"B9 L42","block":"9","lot":"42","searchLabel":"B9 L42"},"geometry":{"type":"Polygon","coordinates":[[[121.2060868,13.8660107],[121.2060999,13.8659469],[121.2061503,13.8659567],[121.2061372,13.8660204],[121.2060868,13.8660107]]]}},{"type":"Feature","properties":{"category":"building","building":"house","building:levels":"1","house":"terrace","name":"B9 L40","block":"9","lot":"40","searchLabel":"B9 L40"},"geometry":{"type":"Polygon","coordinates":[[[121.2061875,13.8660302],[121.2062377,13.8660399],[121.2062508,13.8659762],[121.2062006,13.8659665],[121.2061875,13.8660302]]]}},{"type":"Feature","properties":{"category":"building","building":"house","building:levels":"1","house":"terrace","name":"B9 L38","block":"9","lot":"38","searchLabel":"B9 L38"},"geometry":{"type":"Polygon","coordinates":[[[121.2062878,13.8660496],[121.2063379,13.8660593],[121.2063509,13.8659956],[121.2063009,13.8659859],[121.2062878,13.8660496]]]}},{"type":"Feature","properties":{"category":"building","building":"house","building:levels":"1","house":"terrace","name":"B9 L37","block":"9","lot":"37","searchLabel":"B9 L37"},"geometry":{"type":"Polygon","coordinates":[[[121.2063379,13.8660593],[121.2063879,13.866069],[121.2064009,13.8660053],[121.2063509,13.8659956],[121.2063379,13.8660593]]]}},{"type":"Feature","properties":{"category":"building","building":"house","building:levels":"1","house":"terrace","name":"B9 L39","block":"9","lot":"39","searchLabel":"B9 L39"},"geometry":{"type":"Polygon","coordinates":[[[121.2062377,13.8660399],[121.2062878,13.8660496],[121.2063009,13.8659859],[121.2062508,13.8659762],[121.2062377,13.8660399]]]}},{"type":"Feature","properties":{"category":"building","building":"house","building:levels":"1","house":"terrace","name":"B9 L41","block":"9","lot":"41","searchLabel":"B9 L41"},"geometry":{"type":"Polygon","coordinates":[[[121.2061875,13.8660302],[121.2061372,13.8660204],[121.2061503,13.8659567],[121.2062006,13.8659665],[121.2061875,13.8660302]]]}},{"type":"Feature","properties":{"category":"building","building":"house","building:levels":"1","house":"terrace","name":"B9 L27","block":"9","lot":"27","searchLabel":"B9 L27"},"geometry":{"type":"Polygon","coordinates":[[[121.2059273,13.8660729],[121.2058786,13.8660636],[121.205894,13.8659877],[121.2059426,13.865997],[121.2059273,13.8660729]]]}},{"type":"Feature","properties":{"category":"building","building":"house","building:levels":"1","house":"terrace","name":"B9 L29","block":"9","lot":"29","searchLabel":"B9 L29"},"geometry":{"type":"Polygon","coordinates":[[[121.2059759,13.8660822],[121.2060246,13.8660915],[121.20604,13.8660155],[121.2059913,13.8660062],[121.2059759,13.8660822]]]}},{"type":"Feature","properties":{"category":"building","building":"house","building:levels":"1","house":"terrace","name":"B9 L31","block":"9","lot":"31","searchLabel":"B9 L31"},"geometry":{"type":"Polygon","coordinates":[[[121.2060734,13.8661008],[121.2061222,13.8661101],[121.2061376,13.8660342],[121.2060888,13.8660249],[121.2060734,13.8661008]]]}},{"type":"Feature","properties":{"category":"building","building":"house","building:levels":"1","house":"terrace","name":"B9 L33","block":"9","lot":"33","searchLabel":"B9 L33"},"geometry":{"type":"Polygon","coordinates":[[[121.2061709,13.8661194],[121.2062196,13.8661288],[121.2062351,13.8660528],[121.2061863,13.8660435],[121.2061709,13.8661194]]]}},{"type":"Feature","properties":{"category":"building","building":"house","building:levels":"1","house":"terrace","name":"B9 L35","block":"9","lot":"35","searchLabel":"B9 L35"},"geometry":{"type":"Polygon","coordinates":[[[121.2062684,13.8661381],[121.2063173,13.8661475],[121.2063327,13.8660715],[121.2062839,13.8660622],[121.2062684,13.8661381]]]}},{"type":"Feature","properties":{"category":"building","building":"house","building:levels":"1","house":"terrace","name":"B9 L36","block":"9","lot":"36","searchLabel":"B9 L36"},"geometry":{"type":"Polygon","coordinates":[[[121.2063173,13.8661475],[121.2063662,13.8661568],[121.2063816,13.8660809],[121.2063327,13.8660715],[121.2063173,13.8661475]]]}},{"type":"Feature","properties":{"category":"building","building":"house","building:levels":"1","house":"terrace","name":"B9 L34","block":"9","lot":"34","searchLabel":"B9 L34"},"geometry":{"type":"Polygon","coordinates":[[[121.2062196,13.8661288],[121.2062684,13.8661381],[121.2062839,13.8660622],[121.2062351,13.8660528],[121.2062196,13.8661288]]]}},{"type":"Feature","properties":{"category":"building","building":"house","building:levels":"1","house":"terrace","name":"B9 L32","block":"9","lot":"32","searchLabel":"B9 L32"},"geometry":{"type":"Polygon","coordinates":[[[121.2061222,13.8661101],[121.2061709,13.8661194],[121.2061863,13.8660435],[121.2061376,13.8660342],[121.2061222,13.8661101]]]}},{"type":"Feature","properties":{"category":"building","building":"house","building:levels":"1","house":"terrace","name":"B9 L30","block":"9","lot":"30","searchLabel":"B9 L30"},"geometry":{"type":"Polygon","coordinates":[[[121.2060246,13.8660915],[121.2060734,13.8661008],[121.2060888,13.8660249],[121.20604,13.8660155],[121.2060246,13.8660915]]]}},{"type":"Feature","properties":{"category":"building","building":"house","building:levels":"1","house":"terrace","name":"B9 L28","block":"9","lot":"28","searchLabel":"B9 L28"},"geometry":{"type":"Polygon","coordinates":[[[121.2059273,13.8660729],[121.2059759,13.8660822],[121.2059913,13.8660062],[121.2059426,13.865997],[121.2059273,13.8660729]]]}},{"type":"Feature","properties":{"category":"building","building":"house","building:levels":"1","house":"terrace","name":"B17 L31","block":"17","lot":"31","searchLabel":"B17 L31"},"geometry":{"type":"Polygon","coordinates":[[[121.2051883,13.8661408],[121.2052339,13.8661507],[121.20525,13.8660814],[121.2052044,13.8660714],[121.2051883,13.8661408]]]}},{"type":"Feature","properties":{"category":"building","building":"house","building:levels":"1","house":"terrace","name":"B17 L33","block":"17","lot":"33","searchLabel":"B17 L33"},"geometry":{"type":"Polygon","coordinates":[[[121.2052794,13.8661607],[121.205325,13.8661706],[121.205341,13.8661013],[121.2052955,13.8660913],[121.2052794,13.8661607]]]}},{"type":"Feature","properties":{"category":"building","building":"house","building:levels":"1","house":"terrace","name":"B17 L34","block":"17","lot":"34","searchLabel":"B17 L34"},"geometry":{"type":"Polygon","coordinates":[[[121.205325,13.8661706],[121.2053705,13.8661805],[121.2053865,13.8661112],[121.205341,13.8661013],[121.205325,13.8661706]]]}},{"type":"Feature","properties":{"category":"building","building":"house","building:levels":"1","house":"terrace","name":"B17 L32","block":"17","lot":"32","searchLabel":"B17 L32"},"geometry":{"type":"Polygon","coordinates":[[[121.2052339,13.8661507],[121.2052794,13.8661607],[121.2052955,13.8660913],[121.20525,13.8660814],[121.2052339,13.8661507]]]}},{"type":"Feature","properties":{"category":"building","building":"house","building:levels":"1","house":"terrace","name":"B17 L8","block":"17","lot":"8","searchLabel":"B17 L8"},"geometry":{"type":"Polygon","coordinates":[[[121.2053433,13.8660893],[121.2053583,13.8660211],[121.205405,13.8660308],[121.20539,13.866099],[121.2053433,13.8660893]]]}},{"type":"Feature","properties":{"category":"building","building":"house","building:levels":"1","house":"terrace","name":"B17 L10","block":"17","lot":"10","searchLabel":"B17 L10"},"geometry":{"type":"Polygon","coordinates":[[[121.2052964,13.8660795],[121.2052497,13.8660698],[121.2052647,13.8660016],[121.2053115,13.8660114],[121.2052964,13.8660795]]]}},{"type":"Feature","properties":{"category":"building","building":"house","building:levels":"1","house":"terrace","name":"B17 L12","block":"17","lot":"12","searchLabel":"B17 L12"},"geometry":{"type":"Polygon","coordinates":[[[121.2052028,13.86606],[121.2052179,13.8659919],[121.2051711,13.8659822],[121.2051561,13.8660503],[121.2052028,13.86606]]]}},{"type":"Feature","properties":{"category":"building","building":"house","building:levels":"1","house":"terrace","name":"B17 L14","block":"17","lot":"14","searchLabel":"B17 L14"},"geometry":{"type":"Polygon","coordinates":[[[121.2051093,13.8660406],[121.2050625,13.8660308],[121.2050776,13.8659627],[121.2051244,13.8659724],[121.2051093,13.8660406]]]}},{"type":"Feature","properties":{"category":"building","building":"house","building:levels":"1","house":"terrace","name":"B17 L13","block":"17","lot":"13","searchLabel":"B17 L13"},"geometry":{"type":"Polygon","coordinates":[[[121.2051093,13.8660406],[121.2051561,13.8660503],[121.2051711,13.8659822],[121.2051244,13.8659724],[121.2051093,13.8660406]]]}},{"type":"Feature","properties":{"category":"building","building":"house","building:levels":"1","house":"terrace","name":"B17 L11","block":"17","lot":"11","searchLabel":"B17 L11"},"geometry":{"type":"Polygon","coordinates":[[[121.2052028,13.86606],[121.2052497,13.8660698],[121.2052647,13.8660016],[121.2052179,13.8659919],[121.2052028,13.86606]]]}},{"type":"Feature","properties":{"category":"building","building":"house","building:levels":"1","house":"terrace","name":"B17 L9","block":"17","lot":"9","searchLabel":"B17 L9"},"geometry":{"type":"Polygon","coordinates":[[[121.2052964,13.8660795],[121.2053433,13.8660893],[121.2053583,13.8660211],[121.2053115,13.8660114],[121.2052964,13.8660795]]]}},{"type":"Feature","properties":{"category":"building","building":"house","building:levels":"1","house":"terrace","name":"B17 L15","block":"17","lot":"15","searchLabel":"B17 L15"},"geometry":{"type":"Polygon","coordinates":[[[121.2050844,13.8661018],[121.2050128,13.8660792],[121.205028,13.8660337],[121.2050997,13.8660563],[121.2050844,13.8661018]]]}},{"type":"Feature","properties":{"category":"building","building":"house","building:levels":"1","house":"terrace","name":"B17 L17","block":"17","lot":"17","searchLabel":"B17 L17"},"geometry":{"type":"Polygon","coordinates":[[[121.2050692,13.8661474],[121.205054,13.8661928],[121.2049823,13.8661702],[121.2049975,13.8661248],[121.2050692,13.8661474]]]}},{"type":"Feature","properties":{"category":"building","building":"house","building:levels":"1","house":"terrace","name":"B17 L19","block":"17","lot":"19","searchLabel":"B17 L19"},"geometry":{"type":"Polygon","coordinates":[[[121.2050387,13.8662382],[121.2050235,13.8662836],[121.2049519,13.866261],[121.2049671,13.8662156],[121.2050387,13.8662382]]]}},{"type":"Feature","properties":{"category":"building","building":"house","building:levels":"1","house":"terrace","name":"B17 L21","block":"17","lot":"21","searchLabel":"B17 L21"},"geometry":{"type":"Polygon","coordinates":[[[121.2050083,13.8663291],[121.2049931,13.8663744],[121.2049215,13.8663518],[121.2049367,13.8663064],[121.2050083,13.8663291]]]}},{"type":"Feature","properties":{"category":"building","building":"house","building:levels":"1","house":"terrace","name":"B17 L22","block":"17","lot":"22","searchLabel":"B17 L22"},"geometry":{"type":"Polygon","coordinates":[[[121.2049931,13.8663744],[121.2049779,13.8664198],[121.2049063,13.8663971],[121.2049215,13.8663518],[121.2049931,13.8663744]]]}},{"type":"Feature","properties":{"category":"building","building":"house","building:levels":"1","house":"terrace","name":"B17 L20","block":"17","lot":"20","searchLabel":"B17 L20"},"geometry":{"type":"Polygon","coordinates":[[[121.2049367,13.8663064],[121.2049519,13.866261],[121.2050235,13.8662836],[121.2050083,13.8663291],[121.2049367,13.8663064]]]}},{"type":"Feature","properties":{"category":"building","building":"house","building:levels":"1","house":"terrace","name":"B17 L18","block":"17","lot":"18","searchLabel":"B17 L18"},"geometry":{"type":"Polygon","coordinates":[[[121.2049671,13.8662156],[121.2049823,13.8661702],[121.205054,13.8661928],[121.2050387,13.8662382],[121.2049671,13.8662156]]]}},{"type":"Feature","properties":{"category":"building","building":"house","building:levels":"1","house":"terrace","name":"B17 L16","block":"17","lot":"16","searchLabel":"B17 L16"},"geometry":{"type":"Polygon","coordinates":[[[121.2049975,13.8661248],[121.2050128,13.8660792],[121.2050844,13.8661018],[121.2050692,13.8661474],[121.2049975,13.8661248]]]}},{"type":"Feature","properties":{"category":"building","building":"house","building:levels":"1","house":"terrace","name":"B17 L23","block":"17","lot":"23","searchLabel":"B17 L23"},"geometry":{"type":"Polygon","coordinates":[[[121.2050088,13.86638],[121.2050793,13.8664014],[121.2050644,13.8664476],[121.2049939,13.8664262],[121.2050088,13.86638]]]}},{"type":"Feature","properties":{"category":"building","building":"house","building:levels":"1","house":"terrace","name":"B17 L25","block":"17","lot":"25","searchLabel":"B17 L25"},"geometry":{"type":"Polygon","coordinates":[[[121.2050237,13.8663339],[121.2050942,13.8663553],[121.205109,13.8663091],[121.2050385,13.8662877],[121.2050237,13.8663339]]]}},{"type":"Feature","properties":{"category":"building","building":"house","building:levels":"1","house":"terrace","name":"B17 L27","block":"17","lot":"27","searchLabel":"B17 L27"},"geometry":{"type":"Polygon","coordinates":[[[121.2050534,13.8662416],[121.2051239,13.866263],[121.2051387,13.8662169],[121.2050682,13.8661955],[121.2050534,13.8662416]]]}},{"type":"Feature","properties":{"category":"building","building":"house","building:levels":"1","house":"terrace","name":"B17 L29","block":"17","lot":"29","searchLabel":"B17 L29"},"geometry":{"type":"Polygon","coordinates":[[[121.2051536,13.8661708],[121.2051684,13.8661247],[121.2050979,13.8661034],[121.2050831,13.8661494],[121.2051536,13.8661708]]]}},{"type":"Feature","properties":{"category":"building","building":"house","building:levels":"1","house":"terrace","name":"B17 L24","block":"17","lot":"24","searchLabel":"B17 L24"},"geometry":{"type":"Polygon","coordinates":[[[121.2050088,13.86638],[121.2050237,13.8663339],[121.2050942,13.8663553],[121.2050793,13.8664014],[121.2050088,13.86638]]]}},{"type":"Feature","properties":{"category":"building","building":"house","building:levels":"1","house":"terrace","name":"B17 L26","block":"17","lot":"26","searchLabel":"B17 L26"},"geometry":{"type":"Polygon","coordinates":[[[121.2050385,13.8662877],[121.2050534,13.8662416],[121.2051239,13.866263],[121.205109,13.8663091],[121.2050385,13.8662877]]]}},{"type":"Feature","properties":{"category":"building","building":"house","building:levels":"1","house":"terrace","name":"B17 L28","block":"17","lot":"28","searchLabel":"B17 L28"},"geometry":{"type":"Polygon","coordinates":[[[121.2050682,13.8661955],[121.2050831,13.8661494],[121.2051536,13.8661708],[121.2051387,13.8662169],[121.2050682,13.8661955]]]}},{"type":"Feature","properties":{"category":"building","building":"house","building:levels":"1","house":"terrace","name":"B17 L30","block":"17","lot":"30","searchLabel":"B17 L30"},"geometry":{"type":"Polygon","coordinates":[[[121.2050979,13.8661034],[121.2051127,13.8660573],[121.2051832,13.8660787],[121.2051684,13.8661247],[121.2050979,13.8661034]]]}},{"type":"Feature","properties":{"category":"cityblock","name":"Block 17","place":"city_block","block":"17"},"geometry":{"type":"Polygon","coordinates":[[[121.2050856,13.8664911],[121.2051482,13.8663008],[121.205192,13.8661686],[121.2053785,13.8662112],[121.2055605,13.8662527],[121.2057737,13.8663005],[121.20584,13.8660854],[121.2050307,13.8659192],[121.2048543,13.8664207],[121.205033,13.8664751],[121.2050856,13.8664911]]]}},{"type":"Feature","properties":{"category":"building","building":"house","building:levels":"1","house":"terrace","name":"B43 L10","block":"43","lot":"10","searchLabel":"B43 L10"},"geometry":{"type":"Polygon","coordinates":[[[121.2037852,13.8662811],[121.2038397,13.8662723],[121.2038284,13.8662066],[121.2037739,13.8662155],[121.2037852,13.8662811]]]}},{"type":"Feature","properties":{"category":"building","building":"house","building:levels":"1","house":"terrace","name":"B43 L9","block":"43","lot":"9","searchLabel":"B43 L9"},"geometry":{"type":"Polygon","coordinates":[[[121.2038397,13.8662723],[121.2038908,13.866264],[121.2038795,13.8661983],[121.2038284,13.8662066],[121.2038397,13.8662723]]]}},{"type":"Feature","properties":{"category":"building","building":"house","building:levels":"1","house":"terrace","name":"B43 L8","block":"43","lot":"8","searchLabel":"B43 L8"},"geometry":{"type":"Polygon","coordinates":[[[121.2038908,13.866264],[121.2039409,13.8662558],[121.2039296,13.8661902],[121.2038795,13.8661983],[121.2038908,13.866264]]]}},{"type":"Feature","properties":{"category":"building","building":"house","building:levels":"1","house":"terrace","name":"B43 L5","block":"43","lot":"5","searchLabel":"B43 L5"},"geometry":{"type":"Polygon","coordinates":[[[121.2039572,13.866341],[121.2040177,13.8663608],[121.2040356,13.8663094],[121.2039751,13.8662896],[121.2039572,13.866341]]]}},{"type":"Feature","properties":{"category":"building","building":"house","building:levels":"1","house":"terrace","name":"B43 L6","block":"43","lot":"6","searchLabel":"B43 L6"},"geometry":{"type":"Polygon","coordinates":[[[121.2039751,13.8662896],[121.2039929,13.8662382],[121.2040535,13.866258],[121.2040356,13.8663094],[121.2039751,13.8662896]]]}},{"type":"Feature","properties":{"category":"building","building":"house","building:levels":"1","house":"terrace","name":"B43 L7","block":"43","lot":"7","searchLabel":"B43 L7"},"geometry":{"type":"Polygon","coordinates":[[[121.2040535,13.866258],[121.2040713,13.8662066],[121.2040108,13.8661867],[121.2039929,13.8662382],[121.2040535,13.866258]]]}},{"type":"Feature","properties":{"category":"building","building":"house","building:levels":"1","house":"terrace","name":"B43 L1","block":"43","lot":"1","searchLabel":"B43 L1"},"geometry":{"type":"Polygon","coordinates":[[[121.2040293,13.866362],[121.2040808,13.8663784],[121.2040965,13.8663321],[121.204045,13.8663156],[121.2040293,13.866362]]]}},{"type":"Feature","properties":{"category":"building","building":"house","building:levels":"1","house":"terrace","name":"B43 L2","block":"43","lot":"2","searchLabel":"B43 L2"},"geometry":{"type":"Polygon","coordinates":[[[121.204045,13.8663156],[121.2040607,13.8662692],[121.2041122,13.8662856],[121.2040965,13.8663321],[121.204045,13.8663156]]]}},{"type":"Feature","properties":{"category":"building","building":"house","building:levels":"1","house":"terrace","name":"B43 L3","block":"43","lot":"3","searchLabel":"B43 L3"},"geometry":{"type":"Polygon","coordinates":[[[121.2041122,13.8662856],[121.2041279,13.8662391],[121.2040764,13.8662227],[121.2040607,13.8662692],[121.2041122,13.8662856]]]}},{"type":"Feature","properties":{"category":"building","building":"house","building:levels":"1","house":"terrace","name":"B43 L4","block":"43","lot":"4","searchLabel":"B43 L4"},"geometry":{"type":"Polygon","coordinates":[[[121.2040764,13.8662227],[121.2040921,13.8661761],[121.2041437,13.8661925],[121.2041279,13.8662391],[121.2040764,13.8662227]]]}},{"type":"Feature","properties":{"category":"building","building":"house","building:levels":"1","house":"semi-detached","name":"B23 L20","block":"23","lot":"20","searchLabel":"B23 L20"},"geometry":{"type":"Polygon","coordinates":[[[121.2042552,13.8671691],[121.2043034,13.8671837],[121.2043204,13.8671311],[121.2042722,13.8671165],[121.2042552,13.8671691]]]}},{"type":"Feature","properties":{"category":"building","building":"house","building:levels":"1","house":"semi-detached","name":"B23 L21","block":"23","lot":"21","searchLabel":"B23 L21"},"geometry":{"type":"Polygon","coordinates":[[[121.2043034,13.8671837],[121.2043517,13.8671984],[121.2043687,13.8671457],[121.2043204,13.8671311],[121.2043034,13.8671837]]]}},{"type":"Feature","properties":{"category":"building","building":"house","building:levels":"1","house":"semi-detached","name":"B23 L19","block":"23","lot":"19","searchLabel":"B23 L19"},"geometry":{"type":"Polygon","coordinates":[[[121.204293,13.8670708],[121.2043479,13.8670881],[121.2043642,13.8670393],[121.2043093,13.867022],[121.204293,13.8670708]]]}},{"type":"Feature","properties":{"category":"building","building":"house","building:levels":"1","house":"semi-detached","name":"B23 L18","block":"23","lot":"18","searchLabel":"B23 L18"},"geometry":{"type":"Polygon","coordinates":[[[121.2043642,13.8670393],[121.2043806,13.8669905],[121.2043256,13.8669732],[121.2043093,13.867022],[121.2043642,13.8670393]]]}},{"type":"Feature","properties":{"category":"building","building":"house","building:levels":"1","house":"detached","name":"B23 L22","block":"23","lot":"22","searchLabel":"B23 L22"},"geometry":{"type":"Polygon","coordinates":[[[121.2042465,13.8672459],[121.204295,13.8672613],[121.2043129,13.8672081],[121.2042644,13.8671927],[121.2042465,13.8672459]]]}},{"type":"Feature","properties":{"category":"building","building":"house","building:levels":"1","house":"terrace","name":"B29 L1","block":"29","lot":"1","searchLabel":"B29 L1"},"geometry":{"type":"Polygon","coordinates":[[[121.2039391,13.8677918],[121.2039579,13.8677252],[121.2040057,13.8677379],[121.203987,13.8678045],[121.2039391,13.8677918]]]}},{"type":"Feature","properties":{"category":"building","building":"house","building:levels":"1","house":"terrace","name":"B29 L2","block":"29","lot":"2","searchLabel":"B29 L2"},"geometry":{"type":"Polygon","coordinates":[[[121.203987,13.8678045],[121.2040349,13.8678173],[121.2040537,13.8677506],[121.2040057,13.8677379],[121.203987,13.8678045]]]}},{"type":"Feature","properties":{"category":"building","building":"house","building:levels":"1","house":"terrace","name":"B29 L3","block":"29","lot":"3","searchLabel":"B29 L3"},"geometry":{"type":"Polygon","coordinates":[[[121.2040349,13.8678173],[121.2040827,13.8678299],[121.2041015,13.8677633],[121.2040537,13.8677506],[121.2040349,13.8678173]]]}},{"type":"Feature","properties":{"category":"building","building":"house","building:levels":"1","house":"terrace","name":"B29 L4","block":"29","lot":"4","searchLabel":"B29 L4"},"geometry":{"type":"Polygon","coordinates":[[[121.2040827,13.8678299],[121.2041304,13.8678426],[121.2041492,13.867776],[121.2041015,13.8677633],[121.2040827,13.8678299]]]}},{"type":"Feature","properties":{"category":"building","building":"house","building:levels":"1","house":"terrace","name":"B30 L8","block":"30","lot":"8","searchLabel":"B30 L8"},"geometry":{"type":"Polygon","coordinates":[[[121.2039905,13.8676595],[121.204057,13.867681],[121.2040726,13.8676353],[121.2040061,13.8676138],[121.2039905,13.8676595]]]}},{"type":"Feature","properties":{"category":"building","building":"house","building:levels":"1","house":"terrace","name":"B30 L7","block":"30","lot":"7","searchLabel":"B30 L7"},"geometry":{"type":"Polygon","coordinates":[[[121.2040726,13.8676353],[121.2040882,13.8675898],[121.2040217,13.8675684],[121.2040061,13.8676138],[121.2040726,13.8676353]]]}},{"type":"Feature","properties":{"category":"building","building":"house","building:levels":"1","house":"terrace","name":"B30 L6","block":"30","lot":"6","searchLabel":"B30 L6"},"geometry":{"type":"Polygon","coordinates":[[[121.2040882,13.8675898],[121.2041038,13.8675442],[121.2040373,13.8675227],[121.2040217,13.8675684],[121.2040882,13.8675898]]]}},{"type":"Feature","properties":{"category":"building","building":"house","building:levels":"1","house":"terrace","name":"B30 L5","block":"30","lot":"5","searchLabel":"B30 L5"},"geometry":{"type":"Polygon","coordinates":[[[121.2040373,13.8675227],[121.2040528,13.8674772],[121.2041193,13.8674986],[121.2041038,13.8675442],[121.2040373,13.8675227]]]}},{"type":"Feature","properties":{"category":"building","building":"house","building:levels":"1","house":"terrace","name":"B30 L4","block":"30","lot":"4","searchLabel":"B30 L4"},"geometry":{"type":"Polygon","coordinates":[[[121.2041193,13.8674986],[121.2041349,13.8674532],[121.2040684,13.8674318],[121.2040528,13.8674772],[121.2041193,13.8674986]]]}},{"type":"Feature","properties":{"category":"building","building":"house","building:levels":"1","house":"terrace","name":"B30 L3","block":"30","lot":"3","searchLabel":"B30 L3"},"geometry":{"type":"Polygon","coordinates":[[[121.2040684,13.8674318],[121.2040839,13.8673864],[121.2041504,13.8674078],[121.2041349,13.8674532],[121.2040684,13.8674318]]]}},{"type":"Feature","properties":{"category":"building","building":"house","building:levels":"1","house":"terrace","name":"B30 L2","block":"30","lot":"2","searchLabel":"B30 L2"},"geometry":{"type":"Polygon","coordinates":[[[121.2040839,13.8673864],[121.2040994,13.867341],[121.204166,13.8673624],[121.2041504,13.8674078],[121.2040839,13.8673864]]]}},{"type":"Feature","properties":{"category":"building","building":"house","building:levels":"1","house":"terrace","name":"B30 L1","block":"30","lot":"1","searchLabel":"B30 L1"},"geometry":{"type":"Polygon","coordinates":[[[121.204166,13.8673624],[121.2041815,13.8673169],[121.204115,13.8672955],[121.2040994,13.867341],[121.204166,13.8673624]]]}},{"type":"Feature","properties":{"category":"building","building":"house","building:levels":"1","house":"terrace","name":"B30 L9","block":"30","lot":"9","searchLabel":"B30 L9"},"geometry":{"type":"Polygon","coordinates":[[[121.2040739,13.8676875],[121.2041361,13.8677073],[121.2041516,13.8676613],[121.2040893,13.8676415],[121.2040739,13.8676875]]]}},{"type":"Feature","properties":{"category":"building","building":"house","building:levels":"1","house":"terrace","name":"B30 L10","block":"30","lot":"10","searchLabel":"B30 L10"},"geometry":{"type":"Polygon","coordinates":[[[121.2040893,13.8676415],[121.2041047,13.8675956],[121.2041671,13.8676153],[121.2041516,13.8676613],[121.2040893,13.8676415]]]}},{"type":"Feature","properties":{"category":"building","building":"house","building:levels":"1","house":"terrace","name":"B30 L11","block":"30","lot":"11","searchLabel":"B30 L11"},"geometry":{"type":"Polygon","coordinates":[[[121.2041671,13.8676153],[121.2041825,13.8675694],[121.2041202,13.8675497],[121.2041047,13.8675956],[121.2041671,13.8676153]]]}},{"type":"Feature","properties":{"category":"building","building":"house","building:levels":"1","house":"terrace","name":"B30 L12","block":"30","lot":"12","searchLabel":"B30 L12"},"geometry":{"type":"Polygon","coordinates":[[[121.2041202,13.8675497],[121.2041356,13.8675039],[121.2041979,13.8675237],[121.2041825,13.8675694],[121.2041202,13.8675497]]]}},{"type":"Feature","properties":{"category":"building","building":"house","building:levels":"1","house":"terrace","name":"B30 L13","block":"30","lot":"13","searchLabel":"B30 L13"},"geometry":{"type":"Polygon","coordinates":[[[121.2041979,13.8675237],[121.2042133,13.867478],[121.204151,13.8674582],[121.2041356,13.8675039],[121.2041979,13.8675237]]]}},{"type":"Feature","properties":{"category":"building","building":"house","building:levels":"1","house":"terrace","name":"B30 L14","block":"30","lot":"14","searchLabel":"B30 L14"},"geometry":{"type":"Polygon","coordinates":[[[121.204151,13.8674582],[121.2041664,13.8674126],[121.2042286,13.8674323],[121.2042133,13.867478],[121.204151,13.8674582]]]}},{"type":"Feature","properties":{"category":"building","building":"house","building:levels":"1","house":"terrace","name":"B30 L15","block":"30","lot":"15","searchLabel":"B30 L15"},"geometry":{"type":"Polygon","coordinates":[[[121.2042286,13.8674323],[121.204244,13.8673868],[121.2041817,13.8673671],[121.2041664,13.8674126],[121.2042286,13.8674323]]]}},{"type":"Feature","properties":{"category":"building","building":"house","building:levels":"1","house":"terrace","name":"B30 L16","block":"30","lot":"16","searchLabel":"B30 L16"},"geometry":{"type":"Polygon","coordinates":[[[121.2041817,13.8673671],[121.204197,13.8673216],[121.2042592,13.8673413],[121.204244,13.8673868],[121.2041817,13.8673671]]]}},{"type":"Feature","properties":{"category":"building","building":"house","building:levels":"1","house":"terrace","name":"B16 L54","block":"16","lot":"54","searchLabel":"B16 L54"},"geometry":{"type":"Polygon","coordinates":[[[121.2048952,13.8669559],[121.2048361,13.8669355],[121.204851,13.8668949],[121.20491,13.8669152],[121.2048952,13.8669559]]]}},{"type":"Feature","properties":{"category":"building","building":"house","building:levels":"1","house":"terrace","name":"B16 L53","block":"16","lot":"53","searchLabel":"B16 L53"},"geometry":{"type":"Polygon","coordinates":[[[121.20491,13.8669152],[121.2049249,13.8668745],[121.2048659,13.8668541],[121.204851,13.8668949],[121.20491,13.8669152]]]}},{"type":"Feature","properties":{"category":"building","building":"house","building:levels":"1","house":"terrace","name":"B16 L52","block":"16","lot":"52","searchLabel":"B16 L52"},"geometry":{"type":"Polygon","coordinates":[[[121.2049249,13.8668745],[121.2049398,13.8668337],[121.2048808,13.8668133],[121.2048659,13.8668541],[121.2049249,13.8668745]]]}},{"type":"Feature","properties":{"category":"building","building":"house","building:levels":"1","house":"terrace","name":"B16 L51","block":"16","lot":"51","searchLabel":"B16 L51"},"geometry":{"type":"Polygon","coordinates":[[[121.2048808,13.8668133],[121.2048957,13.8667725],[121.2049548,13.8667928],[121.2049398,13.8668337],[121.2048808,13.8668133]]]}},{"type":"Feature","properties":{"category":"building","building":"house","building:levels":"1","house":"terrace","name":"B16 L50","block":"16","lot":"50","searchLabel":"B16 L50"},"geometry":{"type":"Polygon","coordinates":[[[121.2048957,13.8667725],[121.2049106,13.8667315],[121.2049697,13.8667519],[121.2049548,13.8667928],[121.2048957,13.8667725]]]}},{"type":"Feature","properties":{"category":"building","building":"house","building:levels":"1","house":"terrace","name":"B22 L20","block":"22","lot":"20","searchLabel":"B22 L20"},"geometry":{"type":"Polygon","coordinates":[[[121.2043315,13.8667013],[121.2043578,13.8666238],[121.2044067,13.8666395],[121.2043804,13.8667169],[121.2043315,13.8667013]]]}},{"type":"Feature","properties":{"category":"building","building":"house","building:levels":"1","house":"terrace","name":"B22 L18","block":"22","lot":"18","searchLabel":"B22 L18"},"geometry":{"type":"Polygon","coordinates":[[[121.204427,13.8667318],[121.2044727,13.8667464],[121.204499,13.8666691],[121.2044533,13.8666544],[121.204427,13.8667318]]]}},{"type":"Feature","properties":{"category":"building","building":"house","building:levels":"1","house":"terrace","name":"B22 L16","block":"22","lot":"16","searchLabel":"B22 L16"},"geometry":{"type":"Polygon","coordinates":[[[121.2045176,13.8667608],[121.2045615,13.8667749],[121.2045879,13.8666975],[121.2045439,13.8666835],[121.2045176,13.8667608]]]}},{"type":"Feature","properties":{"category":"building","building":"house","building:levels":"1","house":"terrace","name":"B22 L14","block":"22","lot":"14","searchLabel":"B22 L14"},"geometry":{"type":"Polygon","coordinates":[[[121.2046037,13.8667884],[121.2046473,13.8668024],[121.2046736,13.866725],[121.20463,13.866711],[121.2046037,13.8667884]]]}},{"type":"Feature","properties":{"category":"building","building":"house","building:levels":"1","house":"terrace","name":"B22 L12","block":"22","lot":"12","searchLabel":"B22 L12"},"geometry":{"type":"Polygon","coordinates":[[[121.2046913,13.8668165],[121.204738,13.8668315],[121.2047644,13.8667542],[121.2047176,13.8667392],[121.2046913,13.8668165]]]}},{"type":"Feature","properties":{"category":"building","building":"house","building:levels":"1","house":"terrace","name":"B22 L10","block":"22","lot":"10","searchLabel":"B22 L10"},"geometry":{"type":"Polygon","coordinates":[[[121.2047657,13.8667439],[121.2048119,13.8667589],[121.2048333,13.866697],[121.2047871,13.8666819],[121.2047657,13.8667439]]]}},{"type":"Feature","properties":{"category":"building","building":"house","building:levels":"1","house":"terrace","name":"B22 L8","block":"22","lot":"8","searchLabel":"B22 L8"},"geometry":{"type":"Polygon","coordinates":[[[121.2047215,13.8667295],[121.2046765,13.8667148],[121.204698,13.8666529],[121.204743,13.8666675],[121.2047215,13.8667295]]]}},{"type":"Feature","properties":{"category":"building","building":"house","building:levels":"1","house":"terrace","name":"B22 L6","block":"22","lot":"6","searchLabel":"B22 L6"},"geometry":{"type":"Polygon","coordinates":[[[121.2046337,13.8667008],[121.2045892,13.8666863],[121.2046106,13.8666244],[121.2046551,13.8666389],[121.2046337,13.8667008]]]}},{"type":"Feature","properties":{"category":"building","building":"house","building:levels":"1","house":"terrace","name":"B22 L4","block":"22","lot":"4","searchLabel":"B22 L4"},"geometry":{"type":"Polygon","coordinates":[[[121.2045436,13.8666714],[121.2045005,13.8666573],[121.2045219,13.8665954],[121.2045651,13.8666095],[121.2045436,13.8666714]]]}},{"type":"Feature","properties":{"category":"building","building":"house","building:levels":"1","house":"terrace","name":"B22 L2","block":"22","lot":"2","searchLabel":"B22 L2"},"geometry":{"type":"Polygon","coordinates":[[[121.2044601,13.8666441],[121.2044128,13.8666286],[121.2044343,13.8665667],[121.2044816,13.8665822],[121.2044601,13.8666441]]]}},{"type":"Feature","properties":{"category":"building","building":"house","building:levels":"1","house":"terrace","name":"B22 L1","block":"22","lot":"1","searchLabel":"B22 L1"},"geometry":{"type":"Polygon","coordinates":[[[121.2044128,13.8666286],[121.2043656,13.8666132],[121.2043871,13.8665513],[121.2044343,13.8665667],[121.2044128,13.8666286]]]}},{"type":"Feature","properties":{"category":"building","building":"house","building:levels":"1","house":"terrace","name":"B22 L3","block":"22","lot":"3","searchLabel":"B22 L3"},"geometry":{"type":"Polygon","coordinates":[[[121.2044601,13.8666441],[121.2045005,13.8666573],[121.2045219,13.8665954],[121.2044816,13.8665822],[121.2044601,13.8666441]]]}},{"type":"Feature","properties":{"category":"building","building":"house","building:levels":"1","house":"terrace","name":"B22 L5","block":"22","lot":"5","searchLabel":"B22 L5"},"geometry":{"type":"Polygon","coordinates":[[[121.2045436,13.8666714],[121.2045892,13.8666863],[121.2046106,13.8666244],[121.2045651,13.8666095],[121.2045436,13.8666714]]]}},{"type":"Feature","properties":{"category":"building","building":"house","building:levels":"1","house":"terrace","name":"B22 L7","block":"22","lot":"7","searchLabel":"B22 L7"},"geometry":{"type":"Polygon","coordinates":[[[121.2046337,13.8667008],[121.2046765,13.8667148],[121.204698,13.8666529],[121.2046551,13.8666389],[121.2046337,13.8667008]]]}},{"type":"Feature","properties":{"category":"building","building":"house","building:levels":"1","house":"terrace","name":"B22 L9","block":"22","lot":"9","searchLabel":"B22 L9"},"geometry":{"type":"Polygon","coordinates":[[[121.2047215,13.8667295],[121.2047657,13.8667439],[121.2047871,13.8666819],[121.204743,13.8666675],[121.2047215,13.8667295]]]}},{"type":"Feature","properties":{"category":"building","building":"house","building:levels":"1","house":"terrace","name":"B22 L11","block":"22","lot":"11","searchLabel":"B22 L11"},"geometry":{"type":"Polygon","coordinates":[[[121.204738,13.8668315],[121.2047798,13.8668449],[121.2048061,13.8667676],[121.2047644,13.8667542],[121.204738,13.8668315]]]}},{"type":"Feature","properties":{"category":"building","building":"house","building:levels":"1","house":"terrace","name":"B22 L13","block":"22","lot":"13","searchLabel":"B22 L13"},"geometry":{"type":"Polygon","coordinates":[[[121.2046913,13.8668165],[121.2046473,13.8668024],[121.2046736,13.866725],[121.2047176,13.8667392],[121.2046913,13.8668165]]]}},{"type":"Feature","properties":{"category":"building","building":"house","building:levels":"1","house":"terrace","name":"B22 L15","block":"22","lot":"15","searchLabel":"B22 L15"},"geometry":{"type":"Polygon","coordinates":[[[121.2046037,13.8667884],[121.2045615,13.8667749],[121.2045879,13.8666975],[121.20463,13.866711],[121.2046037,13.8667884]]]}},{"type":"Feature","properties":{"category":"building","building":"house","building:levels":"1","house":"terrace","name":"B22 L17","block":"22","lot":"17","searchLabel":"B22 L17"},"geometry":{"type":"Polygon","coordinates":[[[121.2045176,13.8667608],[121.2044727,13.8667464],[121.204499,13.8666691],[121.2045439,13.8666835],[121.2045176,13.8667608]]]}},{"type":"Feature","properties":{"category":"building","building":"house","building:levels":"1","house":"terrace","name":"B22 L19","block":"22","lot":"19","searchLabel":"B22 L19"},"geometry":{"type":"Polygon","coordinates":[[[121.204427,13.8667318],[121.2043804,13.8667169],[121.2044067,13.8666395],[121.2044533,13.8666544],[121.204427,13.8667318]]]}},{"type":"Feature","properties":{"category":"building","building":"house","building:levels":"1","house":"terrace","name":"B15 L10","block":"15","lot":"10","searchLabel":"B15 L10"},"geometry":{"type":"Polygon","coordinates":[[[121.205736,13.8668015],[121.2057513,13.8667489],[121.2056715,13.8667271],[121.2056562,13.8667797],[121.205736,13.8668015]]]}},{"type":"Feature","properties":{"category":"building","building":"house","building:levels":"1","house":"terrace","name":"B15 L8","block":"15","lot":"8","searchLabel":"B15 L8"},"geometry":{"type":"Polygon","coordinates":[[[121.2057636,13.8667064],[121.2057772,13.8666592],[121.2056975,13.8666374],[121.2056838,13.8666846],[121.2057636,13.8667064]]]}},{"type":"Feature","properties":{"category":"building","building":"house","building:levels":"1","house":"terrace","name":"B15 L6","block":"15","lot":"6","searchLabel":"B15 L6"},"geometry":{"type":"Polygon","coordinates":[[[121.2057896,13.8666164],[121.2058013,13.8665761],[121.2057216,13.8665544],[121.2057099,13.8665946],[121.2057896,13.8666164]]]}},{"type":"Feature","properties":{"category":"building","building":"house","building:levels":"1","house":"terrace","name":"B15 L4","block":"15","lot":"4","searchLabel":"B15 L4"},"geometry":{"type":"Polygon","coordinates":[[[121.2058137,13.8665333],[121.2058267,13.8664884],[121.205747,13.8664667],[121.205734,13.8665115],[121.2058137,13.8665333]]]}},{"type":"Feature","properties":{"category":"building","building":"house","building:levels":"1","house":"terrace","name":"B15 L2","block":"15","lot":"2","searchLabel":"B15 L2"},"geometry":{"type":"Polygon","coordinates":[[[121.2058389,13.8664462],[121.205852,13.8664011],[121.2057723,13.8663794],[121.2057592,13.8664245],[121.2058389,13.8664462]]]}},{"type":"Feature","properties":{"category":"building","building":"house","building:levels":"1","house":"terrace","name":"B15 L1","block":"15","lot":"1","searchLabel":"B15 L1"},"geometry":{"type":"Polygon","coordinates":[[[121.205852,13.8664011],[121.2058658,13.8663533],[121.2057861,13.8663316],[121.2057723,13.8663794],[121.205852,13.8664011]]]}},{"type":"Feature","properties":{"category":"building","building":"house","building:levels":"1","house":"terrace","name":"B15 L3","block":"15","lot":"3","searchLabel":"B15 L3"},"geometry":{"type":"Polygon","coordinates":[[[121.2058267,13.8664884],[121.2058389,13.8664462],[121.2057592,13.8664245],[121.205747,13.8664667],[121.2058267,13.8664884]]]}},{"type":"Feature","properties":{"category":"building","building":"house","building:levels":"1","house":"terrace","name":"B15 L5","block":"15","lot":"5","searchLabel":"B15 L5"},"geometry":{"type":"Polygon","coordinates":[[[121.2058013,13.8665761],[121.2058137,13.8665333],[121.205734,13.8665115],[121.2057216,13.8665544],[121.2058013,13.8665761]]]}},{"type":"Feature","properties":{"category":"building","building":"house","building:levels":"1","house":"terrace","name":"B15 L7","block":"15","lot":"7","searchLabel":"B15 L7"},"geometry":{"type":"Polygon","coordinates":[[[121.2057772,13.8666592],[121.2057896,13.8666164],[121.2057099,13.8665946],[121.2056975,13.8666374],[121.2057772,13.8666592]]]}},{"type":"Feature","properties":{"category":"building","building":"house","building:levels":"1","house":"terrace","name":"B15 L9","block":"15","lot":"9","searchLabel":"B15 L9"},"geometry":{"type":"Polygon","coordinates":[[[121.2057513,13.8667489],[121.2057636,13.8667064],[121.2056838,13.8666846],[121.2056715,13.8667271],[121.2057513,13.8667489]]]}},{"type":"Feature","properties":{"category":"building","building":"house","building:levels":"1","house":"terrace","name":"B15 L11","block":"15","lot":"11","searchLabel":"B15 L11"},"geometry":{"type":"Polygon","coordinates":[[[121.20584,13.8667851],[121.2058547,13.8667363],[121.2057839,13.8667162],[121.2057692,13.866765],[121.20584,13.8667851]]]}},{"type":"Feature","properties":{"category":"building","building":"house","building:levels":"1","house":"terrace","name":"B15 L13","block":"15","lot":"13","searchLabel":"B15 L13"},"geometry":{"type":"Polygon","coordinates":[[[121.2058676,13.8666935],[121.2058803,13.8666512],[121.2058096,13.8666311],[121.2057968,13.8666734],[121.2058676,13.8666935]]]}},{"type":"Feature","properties":{"category":"building","building":"house","building:levels":"1","house":"terrace","name":"B15 L15","block":"15","lot":"15","searchLabel":"B15 L15"},"geometry":{"type":"Polygon","coordinates":[[[121.2058936,13.8666072],[121.2059068,13.8665633],[121.205836,13.8665432],[121.2058228,13.8665871],[121.2058936,13.8666072]]]}},{"type":"Feature","properties":{"category":"building","building":"house","building:levels":"1","house":"terrace","name":"B15 L17","block":"15","lot":"17","searchLabel":"B15 L17"},"geometry":{"type":"Polygon","coordinates":[[[121.2059193,13.8665218],[121.2059327,13.8664773],[121.2058619,13.8664572],[121.2058485,13.8665017],[121.2059193,13.8665218]]]}},{"type":"Feature","properties":{"category":"building","building":"house","building:levels":"1","house":"terrace","name":"B15 L19","block":"15","lot":"19","searchLabel":"B15 L19"},"geometry":{"type":"Polygon","coordinates":[[[121.2059457,13.8664341],[121.2059603,13.8663857],[121.2058895,13.8663657],[121.2058749,13.8664141],[121.2059457,13.8664341]]]}},{"type":"Feature","properties":{"category":"building","building":"house","building:levels":"1","house":"terrace","name":"B15 L18","block":"15","lot":"18","searchLabel":"B15 L18"},"geometry":{"type":"Polygon","coordinates":[[[121.2059327,13.8664773],[121.2059457,13.8664341],[121.2058749,13.8664141],[121.2058619,13.8664572],[121.2059327,13.8664773]]]}},{"type":"Feature","properties":{"category":"building","building":"house","building:levels":"1","house":"terrace","name":"B15 L16","block":"15","lot":"16","searchLabel":"B15 L16"},"geometry":{"type":"Polygon","coordinates":[[[121.2059068,13.8665633],[121.2059193,13.8665218],[121.2058485,13.8665017],[121.205836,13.8665432],[121.2059068,13.8665633]]]}},{"type":"Feature","properties":{"category":"building","building":"house","building:levels":"1","house":"terrace","name":"B15 L14","block":"15","lot":"14","searchLabel":"B15 L14"},"geometry":{"type":"Polygon","coordinates":[[[121.2058803,13.8666512],[121.2058936,13.8666072],[121.2058228,13.8665871],[121.2058096,13.8666311],[121.2058803,13.8666512]]]}},{"type":"Feature","properties":{"category":"building","building":"house","building:levels":"1","house":"terrace","name":"B15 L12","block":"15","lot":"12","searchLabel":"B15 L12"},"geometry":{"type":"Polygon","coordinates":[[[121.2058547,13.8667363],[121.2058676,13.8666935],[121.2057968,13.8666734],[121.2057839,13.8667162],[121.2058547,13.8667363]]]}},{"type":"Feature","properties":{"category":"building","building":"house","building:levels":"1","house":"terrace","name":"B3 L13","block":"3","lot":"13","searchLabel":"B3 L13"},"geometry":{"type":"Polygon","coordinates":[[[121.2052575,13.8643725],[121.2053061,13.864381],[121.2053175,13.8643196],[121.2052689,13.8643111],[121.2052575,13.8643725]]]}},{"type":"Feature","properties":{"category":"building","building":"house","building:levels":"1","house":"terrace","name":"B3 L12","block":"3","lot":"12","searchLabel":"B3 L12"},"geometry":{"type":"Polygon","coordinates":[[[121.2053061,13.864381],[121.2053547,13.8643894],[121.205366,13.8643281],[121.2053175,13.8643196],[121.2053061,13.864381]]]}},{"type":"Feature","properties":{"category":"building","building":"house","building:levels":"1","house":"terrace","name":"B3 L11","block":"3","lot":"11","searchLabel":"B3 L11"},"geometry":{"type":"Polygon","coordinates":[[[121.2053547,13.8643894],[121.2054032,13.8643979],[121.2054146,13.8643366],[121.205366,13.8643281],[121.2053547,13.8643894]]]}},{"type":"Feature","properties":{"category":"building","building":"house","building:levels":"1","house":"detached","name":"B3 L14","block":"3","lot":"14","searchLabel":"B3 L14"},"geometry":{"type":"Polygon","coordinates":[[[121.2052789,13.8642978],[121.2052851,13.8642611],[121.2053447,13.8642706],[121.2053384,13.8643073],[121.2052789,13.8642978]]]}},{"type":"Feature","properties":{"category":"building","building":"house","building:levels":"1","house":"terrace","name":"B3 L9","block":"3","lot":"9","searchLabel":"B3 L9"},"geometry":{"type":"Polygon","coordinates":[[[121.2054686,13.8643531],[121.2055177,13.8643615],[121.2055286,13.8643011],[121.2054795,13.8642928],[121.2054686,13.8643531]]]}},{"type":"Feature","properties":{"category":"building","building":"house","building:levels":"1","house":"terrace","name":"B3 L8","block":"3","lot":"8","searchLabel":"B3 L8"},"geometry":{"type":"Polygon","coordinates":[[[121.2055177,13.8643615],[121.2055668,13.8643698],[121.2055777,13.8643095],[121.2055286,13.8643011],[121.2055177,13.8643615]]]}},{"type":"Feature","properties":{"category":"building","building":"house","building:levels":"1","house":"terrace","name":"B3 L7","block":"3","lot":"7","searchLabel":"B3 L7"},"geometry":{"type":"Polygon","coordinates":[[[121.2055668,13.8643698],[121.2056159,13.8643782],[121.2056268,13.8643179],[121.2055777,13.8643095],[121.2055668,13.8643698]]]}},{"type":"Feature","properties":{"category":"building","building":"house","building:levels":"1","house":"terrace","name":"B3 L6","block":"3","lot":"6","searchLabel":"B3 L6"},"geometry":{"type":"Polygon","coordinates":[[[121.2056677,13.8643666],[121.2057091,13.8643475],[121.2056806,13.8642895],[121.2056393,13.8643086],[121.2056677,13.8643666]]]}},{"type":"Feature","properties":{"category":"building","building":"house","building:levels":"1","house":"terrace","name":"B3 L4","block":"3","lot":"4","searchLabel":"B3 L4"},"geometry":{"type":"Polygon","coordinates":[[[121.2057504,13.8643284],[121.2057916,13.8643093],[121.2057632,13.8642514],[121.205722,13.8642704],[121.2057504,13.8643284]]]}},{"type":"Feature","properties":{"category":"building","building":"house","building:levels":"1","house":"terrace","name":"B3 L2","block":"3","lot":"2","searchLabel":"B3 L2"},"geometry":{"type":"Polygon","coordinates":[[[121.2058328,13.8642903],[121.2058739,13.8642713],[121.2058455,13.8642133],[121.2058044,13.8642324],[121.2058328,13.8642903]]]}},{"type":"Feature","properties":{"category":"building","building":"house","building:levels":"1","house":"terrace","name":"B3 L1","block":"3","lot":"1","searchLabel":"B3 L1"},"geometry":{"type":"Polygon","coordinates":[[[121.2058739,13.8642713],[121.205915,13.8642523],[121.2058866,13.8641944],[121.2058455,13.8642133],[121.2058739,13.8642713]]]}},{"type":"Feature","properties":{"category":"building","building":"house","building:levels":"1","house":"terrace","name":"B3 L3","block":"3","lot":"3","searchLabel":"B3 L3"},"geometry":{"type":"Polygon","coordinates":[[[121.2057916,13.8643093],[121.2058328,13.8642903],[121.2058044,13.8642324],[121.2057632,13.8642514],[121.2057916,13.8643093]]]}},{"type":"Feature","properties":{"category":"building","building":"house","building:levels":"1","house":"terrace","name":"B3 L5","block":"3","lot":"5","searchLabel":"B3 L5"},"geometry":{"type":"Polygon","coordinates":[[[121.2057091,13.8643475],[121.2057504,13.8643284],[121.205722,13.8642704],[121.2056806,13.8642895],[121.2057091,13.8643475]]]}},{"type":"Feature","properties":{"category":"road","access":"private","highway":"service","oneway":"yes","surface":"concrete"},"geometry":{"type":"LineString","coordinates":[[121.2049111,13.8652652],[121.2048878,13.8652089],[121.2048833,13.8651697],[121.2048863,13.8651338],[121.2048995,13.8651031],[121.2049285,13.8650699],[121.2049595,13.8650511],[121.2050028,13.8650356],[121.2050642,13.8650346]]}},{"type":"Feature","properties":{"category":"building","building":"house","building:levels":"1","house":"terrace","name":"B2 L12","block":"2","lot":"12","searchLabel":"B2 L12"},"geometry":{"type":"Polygon","coordinates":[[[121.2059441,13.8646548],[121.2058706,13.8646409],[121.2058807,13.8645905],[121.2059542,13.8646044],[121.2059441,13.8646548]]]}},{"type":"Feature","properties":{"category":"building","building":"house","building:levels":"1","house":"terrace","name":"B2 L14","block":"2","lot":"14","searchLabel":"B2 L14"},"geometry":{"type":"Polygon","coordinates":[[[121.205964,13.8645552],[121.2059726,13.8645127],[121.2058991,13.8644988],[121.2058906,13.8645413],[121.205964,13.8645552]]]}},{"type":"Feature","properties":{"category":"building","building":"house","building:levels":"1","house":"terrace","name":"B2 L16","block":"2","lot":"16","searchLabel":"B2 L16"},"geometry":{"type":"Polygon","coordinates":[[[121.2059828,13.8644618],[121.2059913,13.8644195],[121.2059178,13.8644056],[121.2059093,13.8644479],[121.2059828,13.8644618]]]}},{"type":"Feature","properties":{"category":"building","building":"house","building:levels":"1","house":"terrace","name":"B2 L18","block":"2","lot":"18","searchLabel":"B2 L18"},"geometry":{"type":"Polygon","coordinates":[[[121.2059998,13.864377],[121.2060091,13.8643306],[121.2059357,13.8643167],[121.2059264,13.8643631],[121.2059998,13.864377]]]}},{"type":"Feature","properties":{"category":"building","building":"house","building:levels":"1","house":"terrace","name":"B2 L20","block":"2","lot":"20","searchLabel":"B2 L20"},"geometry":{"type":"Polygon","coordinates":[[[121.2060185,13.8642836],[121.2060266,13.8642433],[121.2059532,13.8642294],[121.2059451,13.8642697],[121.2060185,13.8642836]]]}},{"type":"Feature","properties":{"category":"building","building":"house","building:levels":"1","house":"terrace","name":"B2 L21","block":"2","lot":"21","searchLabel":"B2 L21"},"geometry":{"type":"Polygon","coordinates":[[[121.2059532,13.8642294],[121.2059619,13.8641861],[121.2060353,13.8642],[121.2060266,13.8642433],[121.2059532,13.8642294]]]}},{"type":"Feature","properties":{"category":"building","building":"house","building:levels":"1","house":"terrace","name":"B2 L22","block":"2","lot":"22","searchLabel":"B2 L22"},"geometry":{"type":"Polygon","coordinates":[[[121.2059619,13.8641861],[121.2059703,13.8641445],[121.2060436,13.8641584],[121.2060353,13.8642],[121.2059619,13.8641861]]]}},{"type":"Feature","properties":{"category":"building","building":"house","building:levels":"1","house":"terrace","name":"B2 L19","block":"2","lot":"19","searchLabel":"B2 L19"},"geometry":{"type":"Polygon","coordinates":[[[121.2059357,13.8643167],[121.2059451,13.8642697],[121.2060185,13.8642836],[121.2060091,13.8643306],[121.2059357,13.8643167]]]}},{"type":"Feature","properties":{"category":"building","building":"house","building:levels":"1","house":"terrace","name":"B2 L17","block":"2","lot":"17","searchLabel":"B2 L17"},"geometry":{"type":"Polygon","coordinates":[[[121.2059178,13.8644056],[121.2059264,13.8643631],[121.2059998,13.864377],[121.2059913,13.8644195],[121.2059178,13.8644056]]]}},{"type":"Feature","properties":{"category":"building","building":"house","building:levels":"1","house":"terrace","name":"B2 L15","block":"2","lot":"15","searchLabel":"B2 L15"},"geometry":{"type":"Polygon","coordinates":[[[121.2058991,13.8644988],[121.2059093,13.8644479],[121.2059828,13.8644618],[121.2059726,13.8645127],[121.2058991,13.8644988]]]}},{"type":"Feature","properties":{"category":"building","building":"house","building:levels":"1","house":"terrace","name":"B2 L13","block":"2","lot":"13","searchLabel":"B2 L13"},"geometry":{"type":"Polygon","coordinates":[[[121.2058807,13.8645905],[121.2058906,13.8645413],[121.205964,13.8645552],[121.2059542,13.8646044],[121.2058807,13.8645905]]]}},{"type":"Feature","properties":{"category":"road","highway":"footway"},"geometry":{"type":"Polygon","coordinates":[[[121.2066484,13.8649111],[121.2066419,13.8649122],[121.2066361,13.8649154],[121.2066319,13.8649203],[121.2066295,13.8649263],[121.2066295,13.8649327],[121.2066316,13.8649388],[121.2066358,13.8649437],[121.2066415,13.8649471],[121.2066479,13.8649483],[121.2066537,13.8649476],[121.2066589,13.8649452],[121.2066632,13.8649415],[121.2066662,13.8649366],[121.2066675,13.8649311],[121.206667,13.8649255],[121.2066649,13.8649203],[121.2066606,13.8649154],[121.2066549,13.8649122],[121.2066484,13.8649111]]]}},{"type":"Feature","properties":{"category":"road","highway":"footway"},"geometry":{"type":"LineString","coordinates":[[121.2068856,13.8650052],[121.2069399,13.8650139],[121.2069731,13.8650088],[121.206999,13.8650056],[121.2070313,13.865002]]}},{"type":"Feature","properties":{"category":"road","highway":"footway"},"geometry":{"type":"LineString","coordinates":[[121.2066632,13.8649415],[121.2066949,13.8649526],[121.206724,13.8649673],[121.2067836,13.8649851]]}},{"type":"Feature","properties":{"category":"road","bridge":"yes","highway":"footway","layer":"1","surface":"concrete"},"geometry":{"type":"LineString","coordinates":[[121.2067836,13.8649851],[121.2068303,13.8649968],[121.2068856,13.8650052]]}},{"type":"Feature","properties":{"category":"barrier","barrier":"fence","fence_type":"chain_link","height":"2","material":"wire"},"geometry":{"type":"LineString","coordinates":[[121.2064589,13.8649617],[121.2064611,13.8649511],[121.2063859,13.8649367],[121.2063952,13.8648935],[121.2064102,13.864882],[121.2064272,13.8648713],[121.2064475,13.8648606],[121.2064694,13.864854],[121.2064853,13.8648517],[121.2064824,13.8648699],[121.2065027,13.8648729],[121.2065056,13.8648548],[121.2065427,13.8648583],[121.2065549,13.8648585],[121.2070379,13.8649675],[121.20711,13.8649805],[121.2071432,13.8649868],[121.2071749,13.8649954],[121.2072027,13.8650083],[121.2072083,13.8650363],[121.2071469,13.8650411],[121.2071004,13.865031],[121.2070283,13.865018],[121.2070238,13.8650276],[121.2069537,13.865057],[121.2064589,13.8649617]]}},{"type":"Feature","properties":{"category":"road","highway":"footway"},"geometry":{"type":"LineString","coordinates":[[121.2066319,13.8649203],[121.2066194,13.8649106],[121.2066018,13.8649003],[121.2065842,13.8648915],[121.2065635,13.8648821],[121.2065453,13.8648765],[121.2065382,13.8648757]]}},{"type":"Feature","properties":{"category":"road","highway":"footway"},"geometry":{"type":"LineString","coordinates":[[121.2065382,13.8648757],[121.2065357,13.8648889]]}},{"type":"Feature","properties":{"category":"natural","intermittent":"no","natural":"water","salt":"no","water":"pond"},"geometry":{"type":"Polygon","coordinates":[[[121.2067993,13.8650042],[121.2067902,13.8649946],[121.2067923,13.8649781],[121.2068022,13.8649685],[121.2068237,13.8649781],[121.2068515,13.8649838],[121.2068788,13.8649817],[121.2068829,13.8649962],[121.2068804,13.8650151],[121.2068655,13.8650223],[121.2068461,13.8650195],[121.2068303,13.8650131],[121.2068154,13.8650079],[121.2067993,13.8650042]]]}},{"type":"Feature","properties":{"category":"leisure","access":"yes","fee":"no","garden:type":"community","leisure":"garden"},"geometry":{"type":"Polygon","coordinates":[[[121.2063303,13.8648269],[121.206352,13.8647255],[121.2063557,13.864714],[121.2064821,13.8647574],[121.2064448,13.8647682],[121.2064167,13.8647807],[121.2063902,13.8647935],[121.2063551,13.8648121],[121.2063303,13.8648269]]]}},{"type":"Feature","properties":{"category":"building","building":"house","building:levels":"1","house":"terrace","name":"B10 L10","block":"10","lot":"10","searchLabel":"B10 L10"},"geometry":{"type":"Polygon","coordinates":[[[121.2066036,13.8653945],[121.2066747,13.8654081],[121.2066645,13.8654582],[121.2065934,13.8654445],[121.2066036,13.8653945]]]}},{"type":"Feature","properties":{"category":"building","building":"house","building:levels":"1","house":"terrace","name":"B10 L8","block":"10","lot":"8","searchLabel":"B10 L8"},"geometry":{"type":"Polygon","coordinates":[[[121.2066849,13.8653582],[121.2066139,13.8653445],[121.2066241,13.8652945],[121.2066951,13.8653082],[121.2066849,13.8653582]]]}},{"type":"Feature","properties":{"category":"building","building":"house","building:levels":"1","house":"terrace","name":"B10 L6","block":"10","lot":"6","searchLabel":"B10 L6"},"geometry":{"type":"Polygon","coordinates":[[[121.2067054,13.8652581],[121.2066343,13.8652444],[121.2066446,13.8651944],[121.2067156,13.8652081],[121.2067054,13.8652581]]]}},{"type":"Feature","properties":{"category":"building","building":"house","building:levels":"1","house":"terrace","name":"B10 L7","block":"10","lot":"7","searchLabel":"B10 L7"},"geometry":{"type":"Polygon","coordinates":[[[121.2066241,13.8652945],[121.2066343,13.8652444],[121.2067054,13.8652581],[121.2066951,13.8653082],[121.2066241,13.8652945]]]}},{"type":"Feature","properties":{"category":"building","building":"house","building:levels":"1","house":"terrace","name":"B10 L9","block":"10","lot":"9","searchLabel":"B10 L9"},"geometry":{"type":"Polygon","coordinates":[[[121.2066747,13.8654081],[121.2066849,13.8653582],[121.2066139,13.8653445],[121.2066036,13.8653945],[121.2066747,13.8654081]]]}},{"type":"Feature","properties":{"category":"building","building":"house","building:levels":"2","house":"terrace","name":"B10 L1","block":"10","lot":"1","searchLabel":"B10 L1"},"geometry":{"type":"Polygon","coordinates":[[[121.2069348,13.8653148],[121.2069481,13.8652499],[121.2070015,13.8652602],[121.2069882,13.8653251],[121.2069348,13.8653148]]]}},{"type":"Feature","properties":{"category":"building","building":"house","building:levels":"1","house":"terrace","name":"B10 L3","block":"10","lot":"3","searchLabel":"B10 L3"},"geometry":{"type":"Polygon","coordinates":[[[121.2068814,13.8653045],[121.206828,13.8652942],[121.2068412,13.8652293],[121.2068947,13.8652396],[121.2068814,13.8653045]]]}},{"type":"Feature","properties":{"category":"building","building":"house","building:levels":"1","house":"terrace","name":"B10 L5","block":"10","lot":"5","searchLabel":"B10 L5"},"geometry":{"type":"Polygon","coordinates":[[[121.2067746,13.8652839],[121.2067879,13.8652191],[121.2067345,13.8652088],[121.2067212,13.8652737],[121.2067746,13.8652839]]]}},{"type":"Feature","properties":{"category":"building","building":"house","building:levels":"1","house":"terrace","name":"B10 L4","block":"10","lot":"4","searchLabel":"B10 L4"},"geometry":{"type":"Polygon","coordinates":[[[121.2067746,13.8652839],[121.206828,13.8652942],[121.2068412,13.8652293],[121.2067879,13.8652191],[121.2067746,13.8652839]]]}},{"type":"Feature","properties":{"category":"building","building":"house","building:levels":"1","house":"terrace","name":"B10 L2","block":"10","lot":"2","searchLabel":"B10 L2"},"geometry":{"type":"Polygon","coordinates":[[[121.2068814,13.8653045],[121.2069348,13.8653148],[121.2069481,13.8652499],[121.2068947,13.8652396],[121.2068814,13.8653045]]]}},{"type":"Feature","properties":{"category":"building","building":"house","building:levels":"1","house":"terrace","name":"B10 L32","block":"10","lot":"32","searchLabel":"B10 L32"},"geometry":{"type":"Polygon","coordinates":[[[121.2067596,13.8653754],[121.2067734,13.8653026],[121.2067203,13.8652932],[121.2067065,13.8653659],[121.2067596,13.8653754]]]}},{"type":"Feature","properties":{"category":"building","building":"house","building:levels":"1","house":"terrace","name":"B10 L34","block":"10","lot":"34","searchLabel":"B10 L34"},"geometry":{"type":"Polygon","coordinates":[[[121.2068126,13.8653849],[121.2068657,13.8653943],[121.2068794,13.8653216],[121.2068264,13.8653121],[121.2068126,13.8653849]]]}},{"type":"Feature","properties":{"category":"building","building":"house","building:levels":"1","house":"terrace","name":"B10 L36","block":"10","lot":"36","searchLabel":"B10 L36"},"geometry":{"type":"Polygon","coordinates":[[[121.2069187,13.8654038],[121.2069718,13.8654133],[121.2069855,13.8653405],[121.2069325,13.865331],[121.2069187,13.8654038]]]}},{"type":"Feature","properties":{"category":"building","building":"house","building:levels":"1","house":"terrace","name":"B10 L35","block":"10","lot":"35","searchLabel":"B10 L35"},"geometry":{"type":"Polygon","coordinates":[[[121.2068657,13.8653943],[121.2069187,13.8654038],[121.2069325,13.865331],[121.2068794,13.8653216],[121.2068657,13.8653943]]]}},{"type":"Feature","properties":{"category":"building","building":"house","building:levels":"1","house":"terrace","name":"B10 L33","block":"10","lot":"33","searchLabel":"B10 L33"},"geometry":{"type":"Polygon","coordinates":[[[121.2067596,13.8653754],[121.2068126,13.8653849],[121.2068264,13.8653121],[121.2067734,13.8653026],[121.2067596,13.8653754]]]}},{"type":"Feature","properties":{"category":"building","building":"house","building:levels":"1","house":"terrace","name":"B10 L27","block":"10","lot":"27","searchLabel":"B10 L27"},"geometry":{"type":"Polygon","coordinates":[[[121.2066475,13.8656048],[121.2067159,13.8656167],[121.2067058,13.8656711],[121.2066376,13.8656592],[121.2066475,13.8656048]]]}},{"type":"Feature","properties":{"category":"building","building":"house","building:levels":"1","house":"terrace","name":"B10 L29","block":"10","lot":"29","searchLabel":"B10 L29"},"geometry":{"type":"Polygon","coordinates":[[[121.2066576,13.8655505],[121.2067259,13.8655623],[121.206736,13.8655079],[121.2066677,13.8654961],[121.2066576,13.8655505]]]}},{"type":"Feature","properties":{"category":"building","building":"house","building:levels":"1","house":"terrace","name":"B10 L31","block":"10","lot":"31","searchLabel":"B10 L31"},"geometry":{"type":"Polygon","coordinates":[[[121.2066777,13.8654416],[121.2067461,13.8654536],[121.2067561,13.8653992],[121.2066878,13.8653872],[121.2066777,13.8654416]]]}},{"type":"Feature","properties":{"category":"building","building":"house","building:levels":"1","house":"terrace","name":"B10 L28","block":"10","lot":"28","searchLabel":"B10 L28"},"geometry":{"type":"Polygon","coordinates":[[[121.2066475,13.8656048],[121.2066576,13.8655505],[121.2067259,13.8655623],[121.2067159,13.8656167],[121.2066475,13.8656048]]]}},{"type":"Feature","properties":{"category":"building","building":"house","building:levels":"1","house":"terrace","name":"B10 L30","block":"10","lot":"30","searchLabel":"B10 L30"},"geometry":{"type":"Polygon","coordinates":[[[121.206736,13.8655079],[121.2067461,13.8654536],[121.2066777,13.8654416],[121.2066677,13.8654961],[121.206736,13.8655079]]]}},{"type":"Feature","properties":{"category":"building","building":"house","building:levels":"1","house":"terrace","name":"B10 L19","block":"10","lot":"19","searchLabel":"B10 L19"},"geometry":{"type":"Polygon","coordinates":[[[121.2062633,13.8655977],[121.2062772,13.8655245],[121.2062264,13.8655154],[121.2062126,13.8655887],[121.2062633,13.8655977]]]}},{"type":"Feature","properties":{"category":"building","building":"house","building:levels":"1","house":"terrace","name":"B10 L21","block":"10","lot":"21","searchLabel":"B10 L21"},"geometry":{"type":"Polygon","coordinates":[[[121.206314,13.8656067],[121.2063646,13.8656157],[121.2063785,13.8655425],[121.2063278,13.8655335],[121.206314,13.8656067]]]}},{"type":"Feature","properties":{"category":"building","building":"house","building:levels":"1","house":"terrace","name":"B10 L23","block":"10","lot":"23","searchLabel":"B10 L23"},"geometry":{"type":"Polygon","coordinates":[[[121.2064154,13.8656248],[121.2064662,13.8656338],[121.20648,13.8655606],[121.2064292,13.8655515],[121.2064154,13.8656248]]]}},{"type":"Feature","properties":{"category":"building","building":"house","building:levels":"1","house":"terrace","name":"B10 L25","block":"10","lot":"25","searchLabel":"B10 L25"},"geometry":{"type":"Polygon","coordinates":[[[121.2065169,13.8656428],[121.2065676,13.8656518],[121.2065814,13.8655786],[121.2065307,13.8655696],[121.2065169,13.8656428]]]}},{"type":"Feature","properties":{"category":"building","building":"house","building:levels":"1","house":"terrace","name":"B10 L26","block":"10","lot":"26","searchLabel":"B10 L26"},"geometry":{"type":"Polygon","coordinates":[[[121.2065676,13.8656518],[121.2066182,13.8656609],[121.2066321,13.8655876],[121.2065814,13.8655786],[121.2065676,13.8656518]]]}},{"type":"Feature","properties":{"category":"building","building":"house","building:levels":"1","house":"terrace","name":"B10 L24","block":"10","lot":"24","searchLabel":"B10 L24"},"geometry":{"type":"Polygon","coordinates":[[[121.2064662,13.8656338],[121.2065169,13.8656428],[121.2065307,13.8655696],[121.20648,13.8655606],[121.2064662,13.8656338]]]}},{"type":"Feature","properties":{"category":"building","building":"house","building:levels":"1","house":"terrace","name":"B10 L22","block":"10","lot":"22","searchLabel":"B10 L22"},"geometry":{"type":"Polygon","coordinates":[[[121.2064154,13.8656248],[121.2063646,13.8656157],[121.2063785,13.8655425],[121.2064292,13.8655515],[121.2064154,13.8656248]]]}},{"type":"Feature","properties":{"category":"building","building":"house","building:levels":"1","house":"terrace","name":"B10 L20","block":"10","lot":"20","searchLabel":"B10 L20"},"geometry":{"type":"Polygon","coordinates":[[[121.206314,13.8656067],[121.2062633,13.8655977],[121.2062772,13.8655245],[121.2063278,13.8655335],[121.206314,13.8656067]]]}},{"type":"Feature","properties":{"category":"building","building":"house","building:levels":"1","house":"terrace","name":"B10 L18","block":"10","lot":"18","searchLabel":"B10 L18"},"geometry":{"type":"Polygon","coordinates":[[[121.2062831,13.8655089],[121.2062955,13.8654408],[121.2062455,13.8654321],[121.206233,13.8655003],[121.2062831,13.8655089]]]}},{"type":"Feature","properties":{"category":"building","building":"house","building:levels":"1","house":"terrace","name":"B10 L16","block":"10","lot":"16","searchLabel":"B10 L16"},"geometry":{"type":"Polygon","coordinates":[[[121.206333,13.8655175],[121.2063454,13.8654494],[121.2063954,13.865458],[121.2063829,13.8655261],[121.206333,13.8655175]]]}},{"type":"Feature","properties":{"category":"building","building":"house","building:levels":"1","house":"terrace","name":"B10 L14","block":"10","lot":"14","searchLabel":"B10 L14"},"geometry":{"type":"Polygon","coordinates":[[[121.2064329,13.8655348],[121.2064454,13.8654666],[121.2064953,13.8654752],[121.2064829,13.8655434],[121.2064329,13.8655348]]]}},{"type":"Feature","properties":{"category":"building","building":"house","building:levels":"1","house":"terrace","name":"B10 L12","block":"10","lot":"12","searchLabel":"B10 L12"},"geometry":{"type":"Polygon","coordinates":[[[121.2065329,13.865552],[121.2065453,13.8654839],[121.2065952,13.8654925],[121.2065827,13.8655606],[121.2065329,13.865552]]]}},{"type":"Feature","properties":{"category":"building","building":"house","building:levels":"1","house":"terrace","name":"B10 L11","block":"10","lot":"11","searchLabel":"B10 L11"},"geometry":{"type":"Polygon","coordinates":[[[121.2065827,13.8655606],[121.2066327,13.8655692],[121.2066452,13.8655011],[121.2065952,13.8654925],[121.2065827,13.8655606]]]}},{"type":"Feature","properties":{"category":"building","building":"house","building:levels":"1","house":"terrace","name":"B10 L13","block":"10","lot":"13","searchLabel":"B10 L13"},"geometry":{"type":"Polygon","coordinates":[[[121.2064829,13.8655434],[121.2065329,13.865552],[121.2065453,13.8654839],[121.2064953,13.8654752],[121.2064829,13.8655434]]]}},{"type":"Feature","properties":{"category":"building","building":"house","building:levels":"1","house":"terrace","name":"B10 L15","block":"10","lot":"15","searchLabel":"B10 L15"},"geometry":{"type":"Polygon","coordinates":[[[121.2063829,13.8655261],[121.2064329,13.8655348],[121.2064454,13.8654666],[121.2063954,13.865458],[121.2063829,13.8655261]]]}},{"type":"Feature","properties":{"category":"building","building":"house","building:levels":"1","house":"terrace","name":"B10 L17","block":"10","lot":"17","searchLabel":"B10 L17"},"geometry":{"type":"Polygon","coordinates":[[[121.2062831,13.8655089],[121.206333,13.8655175],[121.2063454,13.8654494],[121.2062955,13.8654408],[121.2062831,13.8655089]]]}},{"type":"Feature","properties":{"category":"building","building":"house","building:levels":"1","house":"terrace","name":"B12 L30","block":"12","lot":"30","searchLabel":"B12 L30"},"geometry":{"type":"Polygon","coordinates":[[[121.2068304,13.8661916],[121.2067583,13.8661778],[121.206748,13.8662286],[121.2068201,13.8662425],[121.2068304,13.8661916]]]}},{"type":"Feature","properties":{"category":"building","building":"house","building:levels":"1","house":"terrace","name":"B12 L28","block":"12","lot":"28","searchLabel":"B12 L28"},"geometry":{"type":"Polygon","coordinates":[[[121.2068408,13.8661408],[121.2067687,13.866127],[121.206779,13.8660763],[121.2068511,13.8660901],[121.2068408,13.8661408]]]}},{"type":"Feature","properties":{"category":"building","building":"house","building:levels":"1","house":"terrace","name":"B12 L26","block":"12","lot":"26","searchLabel":"B12 L26"},"geometry":{"type":"Polygon","coordinates":[[[121.2068614,13.8660394],[121.2067894,13.8660256],[121.2067997,13.865975],[121.2068718,13.8659889],[121.2068614,13.8660394]]]}},{"type":"Feature","properties":{"category":"building","building":"house","building:levels":"1","house":"terrace","name":"B12 L24","block":"12","lot":"24","searchLabel":"B12 L24"},"geometry":{"type":"Polygon","coordinates":[[[121.2068821,13.8659383],[121.20681,13.8659245],[121.2068203,13.865874],[121.2068923,13.8658879],[121.2068821,13.8659383]]]}},{"type":"Feature","properties":{"category":"building","building":"house","building:levels":"1","house":"terrace","name":"B12 L22","block":"12","lot":"22","searchLabel":"B12 L22"},"geometry":{"type":"Polygon","coordinates":[[[121.2069026,13.8658375],[121.2068306,13.8658236],[121.2068409,13.8657732],[121.2069129,13.865787],[121.2069026,13.8658375]]]}},{"type":"Feature","properties":{"category":"building","building":"house","building:levels":"1","house":"terrace","name":"B12 L20","block":"12","lot":"20","searchLabel":"B12 L20"},"geometry":{"type":"Polygon","coordinates":[[[121.2068511,13.8657228],[121.2068614,13.8656725],[121.2069334,13.8656864],[121.2069232,13.8657367],[121.2068511,13.8657228]]]}},{"type":"Feature","properties":{"category":"building","building":"house","building:levels":"1","house":"terrace","name":"B12 L18","block":"12","lot":"18","searchLabel":"B12 L18"},"geometry":{"type":"Polygon","coordinates":[[[121.2068717,13.8656222],[121.2068819,13.8655721],[121.2069539,13.865586],[121.2069437,13.8656361],[121.2068717,13.8656222]]]}},{"type":"Feature","properties":{"category":"building","building":"house","building:levels":"2","house":"terrace","name":"B12 L16","block":"12","lot":"16","searchLabel":"B12 L16"},"geometry":{"type":"Polygon","coordinates":[[[121.2068922,13.865522],[121.2069024,13.865472],[121.2069744,13.8654858],[121.2069641,13.8655359],[121.2068922,13.865522]]]}},{"type":"Feature","properties":{"category":"building","building":"house","building:levels":"1","house":"terrace","name":"B12 L17","block":"12","lot":"17","searchLabel":"B12 L17"},"geometry":{"type":"Polygon","coordinates":[[[121.2069641,13.8655359],[121.2069539,13.865586],[121.2068819,13.8655721],[121.2068922,13.865522],[121.2069641,13.8655359]]]}},{"type":"Feature","properties":{"category":"building","building":"house","building:levels":"1","house":"terrace","name":"B12 L19","block":"12","lot":"19","searchLabel":"B12 L19"},"geometry":{"type":"Polygon","coordinates":[[[121.2069334,13.8656864],[121.2069437,13.8656361],[121.2068717,13.8656222],[121.2068614,13.8656725],[121.2069334,13.8656864]]]}},{"type":"Feature","properties":{"category":"building","building":"house","building:levels":"1","house":"terrace","name":"B12 L21","block":"12","lot":"21","searchLabel":"B12 L21"},"geometry":{"type":"Polygon","coordinates":[[[121.2069129,13.865787],[121.2069232,13.8657367],[121.2068511,13.8657228],[121.2068409,13.8657732],[121.2069129,13.865787]]]}},{"type":"Feature","properties":{"category":"building","building":"house","building:levels":"1","house":"terrace","name":"B12 L23","block":"12","lot":"23","searchLabel":"B12 L23"},"geometry":{"type":"Polygon","coordinates":[[[121.2068923,13.8658879],[121.2069026,13.8658375],[121.2068306,13.8658236],[121.2068203,13.865874],[121.2068923,13.8658879]]]}},{"type":"Feature","properties":{"category":"building","building":"house","building:levels":"1","house":"terrace","name":"B12 L25","block":"12","lot":"25","searchLabel":"B12 L25"},"geometry":{"type":"Polygon","coordinates":[[[121.2068718,13.8659889],[121.2068821,13.8659383],[121.20681,13.8659245],[121.2067997,13.865975],[121.2068718,13.8659889]]]}},{"type":"Feature","properties":{"category":"building","building":"house","building:levels":"1","house":"terrace","name":"B12 L27","block":"12","lot":"27","searchLabel":"B12 L27"},"geometry":{"type":"Polygon","coordinates":[[[121.2068511,13.8660901],[121.2068614,13.8660394],[121.2067894,13.8660256],[121.206779,13.8660763],[121.2068511,13.8660901]]]}},{"type":"Feature","properties":{"category":"building","building":"house","building:levels":"1","house":"terrace","name":"B12 L29","block":"12","lot":"29","searchLabel":"B12 L29"},"geometry":{"type":"Polygon","coordinates":[[[121.2068304,13.8661916],[121.2068408,13.8661408],[121.2067687,13.866127],[121.2067583,13.8661778],[121.2068304,13.8661916]]]}},{"type":"Feature","properties":{"category":"building","building":"house","building:levels":"1","house":"terrace","name":"B12 L8","block":"12","lot":"8","searchLabel":"B12 L8"},"geometry":{"type":"Polygon","coordinates":[[[121.2067409,13.8657935],[121.2068138,13.8658072],[121.2068042,13.8658556],[121.2067312,13.8658419],[121.2067409,13.8657935]]]}},{"type":"Feature","properties":{"category":"building","building":"house","building:levels":"1","house":"terrace","name":"B12 L10","block":"12","lot":"10","searchLabel":"B12 L10"},"geometry":{"type":"Polygon","coordinates":[[[121.2067505,13.8657452],[121.2068235,13.8657589],[121.206833,13.8657107],[121.2067601,13.865697],[121.2067505,13.8657452]]]}},{"type":"Feature","properties":{"category":"building","building":"house","building:levels":"1","house":"terrace","name":"B12 L12","block":"12","lot":"12","searchLabel":"B12 L12"},"geometry":{"type":"Polygon","coordinates":[[[121.2067696,13.8656489],[121.2068426,13.8656626],[121.2068521,13.8656147],[121.2067792,13.865601],[121.2067696,13.8656489]]]}},{"type":"Feature","properties":{"category":"building","building":"house","building:levels":"1","house":"terrace","name":"B12 L14","block":"12","lot":"14","searchLabel":"B12 L14"},"geometry":{"type":"Polygon","coordinates":[[[121.2068616,13.8655669],[121.2067887,13.8655532],[121.2067981,13.8655056],[121.2068711,13.8655192],[121.2068616,13.8655669]]]}},{"type":"Feature","properties":{"category":"building","building":"house","building:levels":"1","house":"terrace","name":"B12 L15","block":"12","lot":"15","searchLabel":"B12 L15"},"geometry":{"type":"Polygon","coordinates":[[[121.2067981,13.8655056],[121.2068076,13.865458],[121.2068805,13.8654717],[121.2068711,13.8655192],[121.2067981,13.8655056]]]}},{"type":"Feature","properties":{"category":"building","building":"house","building:levels":"1","house":"terrace","name":"B12 L13","block":"12","lot":"13","searchLabel":"B12 L13"},"geometry":{"type":"Polygon","coordinates":[[[121.2067792,13.865601],[121.2067887,13.8655532],[121.2068616,13.8655669],[121.2068521,13.8656147],[121.2067792,13.865601]]]}},{"type":"Feature","properties":{"category":"building","building":"house","building:levels":"1","house":"terrace","name":"B12 L11","block":"12","lot":"11","searchLabel":"B12 L11"},"geometry":{"type":"Polygon","coordinates":[[[121.2067601,13.865697],[121.2067696,13.8656489],[121.2068426,13.8656626],[121.206833,13.8657107],[121.2067601,13.865697]]]}},{"type":"Feature","properties":{"category":"building","building":"house","building:levels":"1","house":"terrace","name":"B12 L9","block":"12","lot":"9","searchLabel":"B12 L9"},"geometry":{"type":"Polygon","coordinates":[[[121.2067409,13.8657935],[121.2067505,13.8657452],[121.2068235,13.8657589],[121.2068138,13.8658072],[121.2067409,13.8657935]]]}},{"type":"Feature","properties":{"category":"building","building":"house","building:levels":"1","house":"terrace","name":"B12 L1","block":"12","lot":"1","searchLabel":"B12 L1"},"geometry":{"type":"Polygon","coordinates":[[[121.2066545,13.8662098],[121.206666,13.8661526],[121.2067436,13.8661674],[121.2067321,13.8662245],[121.2066545,13.8662098]]]}},{"type":"Feature","properties":{"category":"building","building":"house","building:levels":"1","house":"terrace","name":"B12 L2","block":"12","lot":"2","searchLabel":"B12 L2"},"geometry":{"type":"Polygon","coordinates":[[[121.206666,13.8661526],[121.2066775,13.8660958],[121.206755,13.8661105],[121.2067436,13.8661674],[121.206666,13.8661526]]]}},{"type":"Feature","properties":{"category":"building","building":"house","building:levels":"1","house":"terrace","name":"B12 L3","block":"12","lot":"3","searchLabel":"B12 L3"},"geometry":{"type":"Polygon","coordinates":[[[121.2066775,13.8660958],[121.2066869,13.8660489],[121.2067645,13.8660636],[121.206755,13.8661105],[121.2066775,13.8660958]]]}},{"type":"Feature","properties":{"category":"building","building":"house","building:levels":"1","house":"terrace","name":"B12 L4","block":"12","lot":"4","searchLabel":"B12 L4"},"geometry":{"type":"Polygon","coordinates":[[[121.2066869,13.8660489],[121.2066969,13.8659995],[121.2067744,13.8660142],[121.2067645,13.8660636],[121.2066869,13.8660489]]]}},{"type":"Feature","properties":{"category":"building","building":"house","building:levels":"1","house":"terrace","name":"B12 L5","block":"12","lot":"5","searchLabel":"B12 L5"},"geometry":{"type":"Polygon","coordinates":[[[121.2066969,13.8659995],[121.2067065,13.8659513],[121.2067841,13.865966],[121.2067744,13.8660142],[121.2066969,13.8659995]]]}},{"type":"Feature","properties":{"category":"building","building":"house","building:levels":"1","house":"terrace","name":"B12 L6","block":"12","lot":"6","searchLabel":"B12 L6"},"geometry":{"type":"Polygon","coordinates":[[[121.2067065,13.8659513],[121.2067158,13.865905],[121.2067934,13.8659198],[121.2067841,13.865966],[121.2067065,13.8659513]]]}},{"type":"Feature","properties":{"category":"building","building":"house","building:levels":"1","house":"terrace","name":"B12 L7","block":"12","lot":"7","searchLabel":"B12 L7"},"geometry":{"type":"Polygon","coordinates":[[[121.2067158,13.865905],[121.206726,13.8658548],[121.2068036,13.8658695],[121.2067934,13.8659198],[121.2067158,13.865905]]]}},{"type":"Feature","properties":{"category":"building","building":"house","building:levels":"1","house":"terrace","name":"B16 L5","block":"16","lot":"5","searchLabel":"B16 L5"},"geometry":{"type":"Polygon","coordinates":[[[121.2068873,13.8662242],[121.2069826,13.8662419],[121.2069704,13.8663034],[121.2068752,13.8662857],[121.2068873,13.8662242]]]}},{"type":"Feature","properties":{"category":"building","building":"house","building:levels":"1","house":"terrace","name":"B16 L1","block":"16","lot":"1","searchLabel":"B16 L1"},"geometry":{"type":"Polygon","coordinates":[[[121.2069237,13.8660399],[121.207019,13.8660576],[121.2070311,13.8659962],[121.2069359,13.8659784],[121.2069237,13.8660399]]]}},{"type":"Feature","properties":{"category":"building","building":"house","building:levels":"1","house":"terrace","name":"B16 L4","block":"16","lot":"4","searchLabel":"B16 L4"},"geometry":{"type":"Polygon","coordinates":[[[121.2068873,13.8662242],[121.2068994,13.8661628],[121.2069947,13.8661805],[121.2069826,13.8662419],[121.2068873,13.8662242]]]}},{"type":"Feature","properties":{"category":"building","building":"house","building:levels":"1","house":"terrace","name":"B16 L3","block":"16","lot":"3","searchLabel":"B16 L3"},"geometry":{"type":"Polygon","coordinates":[[[121.2068994,13.8661628],[121.2069116,13.8661013],[121.2070068,13.8661191],[121.2069947,13.8661805],[121.2068994,13.8661628]]]}},{"type":"Feature","properties":{"category":"building","building":"house","building:levels":"1","house":"terrace","name":"B16 L2","block":"16","lot":"2","searchLabel":"B16 L2"},"geometry":{"type":"Polygon","coordinates":[[[121.2069116,13.8661013],[121.2069237,13.8660399],[121.207019,13.8660576],[121.2070068,13.8661191],[121.2069116,13.8661013]]]}},{"type":"Feature","properties":{"category":"building","building":"house","building:levels":"1","house":"terrace","name":"B14A L38","block":null,"lot":null,"searchLabel":"B14A L38"},"geometry":{"type":"Polygon","coordinates":[[[121.2058313,13.8662715],[121.2058794,13.8662812],[121.2058954,13.8662066],[121.2058472,13.8661969],[121.2058313,13.8662715]]]}},{"type":"Feature","properties":{"category":"building","building":"house","building:levels":"1","house":"terrace","name":"B14A L36","block":null,"lot":null,"searchLabel":"B14A L36"},"geometry":{"type":"Polygon","coordinates":[[[121.2059274,13.866291],[121.2059755,13.8663007],[121.2059915,13.866226],[121.2059435,13.8662163],[121.2059274,13.866291]]]}},{"type":"Feature","properties":{"category":"building","building":"house","building:levels":"1","house":"terrace","name":"B14A L34","block":null,"lot":null,"searchLabel":"B14A L34"},"geometry":{"type":"Polygon","coordinates":[[[121.2060236,13.8663104],[121.2060717,13.8663202],[121.2060878,13.8662455],[121.2060396,13.8662357],[121.2060236,13.8663104]]]}},{"type":"Feature","properties":{"category":"building","building":"house","building:levels":"1","house":"terrace","name":"B14A L32","block":null,"lot":null,"searchLabel":"B14A L32"},"geometry":{"type":"Polygon","coordinates":[[[121.2061198,13.8663299],[121.2061679,13.8663396],[121.2061839,13.866265],[121.2061358,13.8662552],[121.2061198,13.8663299]]]}},{"type":"Feature","properties":{"category":"building","building":"house","building:levels":"1","house":"terrace","name":"B14A L30","block":null,"lot":null,"searchLabel":"B14A L30"},"geometry":{"type":"Polygon","coordinates":[[[121.206216,13.8663494],[121.2062641,13.8663591],[121.2062801,13.8662845],[121.206232,13.8662747],[121.206216,13.8663494]]]}},{"type":"Feature","properties":{"category":"building","building":"house","building:levels":"1","house":"terrace","name":"B14A L37","block":null,"lot":null,"searchLabel":"B14A L37"},"geometry":{"type":"Polygon","coordinates":[[[121.2058794,13.8662812],[121.2059274,13.866291],[121.2059435,13.8662163],[121.2058954,13.8662066],[121.2058794,13.8662812]]]}},{"type":"Feature","properties":{"category":"building","building":"house","building:levels":"1","house":"terrace","name":"B14A L35","block":null,"lot":null,"searchLabel":"B14A L35"},"geometry":{"type":"Polygon","coordinates":[[[121.2059755,13.8663007],[121.2060236,13.8663104],[121.2060396,13.8662357],[121.2059915,13.866226],[121.2059755,13.8663007]]]}},{"type":"Feature","properties":{"category":"building","building":"house","building:levels":"1","house":"terrace","name":"B14A L33","block":null,"lot":null,"searchLabel":"B14A L33"},"geometry":{"type":"Polygon","coordinates":[[[121.2060717,13.8663202],[121.2061198,13.8663299],[121.2061358,13.8662552],[121.2060878,13.8662455],[121.2060717,13.8663202]]]}},{"type":"Feature","properties":{"category":"building","building":"house","building:levels":"1","house":"terrace","name":"B14A L31","block":null,"lot":null,"searchLabel":"B14A L31"},"geometry":{"type":"Polygon","coordinates":[[[121.2061679,13.8663396],[121.206216,13.8663494],[121.206232,13.8662747],[121.2061839,13.866265],[121.2061679,13.8663396]]]}},{"type":"Feature","properties":{"category":"building","building":"house","building:levels":"1","house":"terrace","name":"B14A L1","block":null,"lot":null,"searchLabel":"B14A L1"},"geometry":{"type":"Polygon","coordinates":[[[121.2059001,13.8662001],[121.2059158,13.8661269],[121.2058682,13.8661173],[121.2058525,13.8661904],[121.2059001,13.8662001]]]}},{"type":"Feature","properties":{"category":"building","building":"house","building:levels":"1","house":"terrace","name":"B14A L3","block":null,"lot":null,"searchLabel":"B14A L3"},"geometry":{"type":"Polygon","coordinates":[[[121.2059478,13.8662097],[121.2059635,13.8661366],[121.2060111,13.8661462],[121.2059954,13.8662193],[121.2059478,13.8662097]]]}},{"type":"Feature","properties":{"category":"building","building":"house","building:levels":"1","house":"terrace","name":"B14A L5","block":null,"lot":null,"searchLabel":"B14A L5"},"geometry":{"type":"Polygon","coordinates":[[[121.2060431,13.866229],[121.2060588,13.8661559],[121.2061065,13.8661655],[121.2060907,13.8662386],[121.2060431,13.866229]]]}},{"type":"Feature","properties":{"category":"building","building":"house","building:levels":"1","house":"terrace","name":"B14A L7","block":null,"lot":null,"searchLabel":"B14A L7"},"geometry":{"type":"Polygon","coordinates":[[[121.2061384,13.8662483],[121.2061541,13.8661752],[121.2062017,13.8661848],[121.206186,13.866258],[121.2061384,13.8662483]]]}},{"type":"Feature","properties":{"category":"building","building":"house","building:levels":"1","house":"terrace","name":"B14A L9","block":null,"lot":null,"searchLabel":"B14A L9"},"geometry":{"type":"Polygon","coordinates":[[[121.2062337,13.8662676],[121.2062494,13.8661945],[121.206297,13.8662041],[121.2062813,13.8662773],[121.2062337,13.8662676]]]}},{"type":"Feature","properties":{"category":"building","building":"house","building:levels":"1","house":"terrace","name":"B14A L2","block":null,"lot":null,"searchLabel":"B14A L2"},"geometry":{"type":"Polygon","coordinates":[[[121.2059001,13.8662001],[121.2059478,13.8662097],[121.2059635,13.8661366],[121.2059158,13.8661269],[121.2059001,13.8662001]]]}},{"type":"Feature","properties":{"category":"building","building":"house","building:levels":"1","house":"terrace","name":"B14A L4","block":null,"lot":null,"searchLabel":"B14A L4"},"geometry":{"type":"Polygon","coordinates":[[[121.2059954,13.8662193],[121.2060431,13.866229],[121.2060588,13.8661559],[121.2060111,13.8661462],[121.2059954,13.8662193]]]}},{"type":"Feature","properties":{"category":"building","building":"house","building:levels":"1","house":"terrace","name":"B14A L6","block":null,"lot":null,"searchLabel":"B14A L6"},"geometry":{"type":"Polygon","coordinates":[[[121.2060907,13.8662386],[121.2061384,13.8662483],[121.2061541,13.8661752],[121.2061065,13.8661655],[121.2060907,13.8662386]]]}},{"type":"Feature","properties":{"category":"building","building":"house","building:levels":"1","house":"terrace","name":"B14A L8","block":null,"lot":null,"searchLabel":"B14A L8"},"geometry":{"type":"Polygon","coordinates":[[[121.206186,13.866258],[121.2062337,13.8662676],[121.2062494,13.8661945],[121.2062017,13.8661848],[121.206186,13.866258]]]}},{"type":"Feature","properties":{"category":"building","building":"house","building:levels":"1","house":"terrace","name":"B14A L29","block":null,"lot":null,"searchLabel":"B14A L29"},"geometry":{"type":"Polygon","coordinates":[[[121.2063435,13.8663736],[121.2063599,13.8662992],[121.2063134,13.8662895],[121.206297,13.8663639],[121.2063435,13.8663736]]]}},{"type":"Feature","properties":{"category":"building","building":"house","building:levels":"1","house":"terrace","name":"B14A L27","block":null,"lot":null,"searchLabel":"B14A L27"},"geometry":{"type":"Polygon","coordinates":[[[121.2063901,13.8663833],[121.2064065,13.8663089],[121.2064531,13.8663186],[121.2064366,13.866393],[121.2063901,13.8663833]]]}},{"type":"Feature","properties":{"category":"building","building":"house","building:levels":"1","house":"terrace","name":"B14A L25","block":null,"lot":null,"searchLabel":"B14A L25"},"geometry":{"type":"Polygon","coordinates":[[[121.2064832,13.8664027],[121.2064997,13.8663283],[121.2065462,13.8663381],[121.2065297,13.8664125],[121.2064832,13.8664027]]]}},{"type":"Feature","properties":{"category":"building","building":"house","building:levels":"1","house":"terrace","name":"B14A L23","block":null,"lot":null,"searchLabel":"B14A L23"},"geometry":{"type":"Polygon","coordinates":[[[121.2065763,13.8664222],[121.2065927,13.8663478],[121.2066393,13.8663575],[121.2066229,13.8664319],[121.2065763,13.8664222]]]}},{"type":"Feature","properties":{"category":"building","building":"house","building:levels":"1","house":"terrace","name":"B14A L21","block":null,"lot":null,"searchLabel":"B14A L21"},"geometry":{"type":"Polygon","coordinates":[[[121.2066694,13.8664416],[121.2066858,13.8663672],[121.2067324,13.8663769],[121.206716,13.8664513],[121.2066694,13.8664416]]]}},{"type":"Feature","properties":{"category":"building","building":"house","building:levels":"1","house":"terrace","name":"B14A L19","block":null,"lot":null,"searchLabel":"B14A L19"},"geometry":{"type":"Polygon","coordinates":[[[121.2067383,13.8663632],[121.2067525,13.866294],[121.2067996,13.8663032],[121.2067854,13.8663723],[121.2067383,13.8663632]]]}},{"type":"Feature","properties":{"category":"building","building":"house","building:levels":"1","house":"terrace","name":"B14A L17","block":null,"lot":null,"searchLabel":"B14A L17"},"geometry":{"type":"Polygon","coordinates":[[[121.2066912,13.8663541],[121.2067054,13.8662849],[121.2066583,13.8662758],[121.2066441,13.8663449],[121.2066912,13.8663541]]]}},{"type":"Feature","properties":{"category":"building","building":"house","building:levels":"1","house":"terrace","name":"B14A L15","block":null,"lot":null,"searchLabel":"B14A L15"},"geometry":{"type":"Polygon","coordinates":[[[121.206597,13.8663358],[121.2066112,13.8662667],[121.2065641,13.8662575],[121.2065499,13.8663267],[121.206597,13.8663358]]]}},{"type":"Feature","properties":{"category":"building","building":"house","building:levels":"1","house":"terrace","name":"B14A L13","block":null,"lot":null,"searchLabel":"B14A L13"},"geometry":{"type":"Polygon","coordinates":[[[121.2065028,13.8663175],[121.206517,13.8662484],[121.20647,13.8662393],[121.2064557,13.8663084],[121.2065028,13.8663175]]]}},{"type":"Feature","properties":{"category":"building","building":"house","building:levels":"1","house":"terrace","name":"B14A L11","block":null,"lot":null,"searchLabel":"B14A L11"},"geometry":{"type":"Polygon","coordinates":[[[121.2064087,13.8662992],[121.2064229,13.8662301],[121.2063759,13.866221],[121.2063616,13.8662901],[121.2064087,13.8662992]]]}},{"type":"Feature","properties":{"category":"building","building":"house","building:levels":"1","house":"terrace","name":"B14A L10","block":null,"lot":null,"searchLabel":"B14A L10"},"geometry":{"type":"Polygon","coordinates":[[[121.2063616,13.8662901],[121.2063146,13.866281],[121.2063288,13.8662119],[121.2063759,13.866221],[121.2063616,13.8662901]]]}},{"type":"Feature","properties":{"category":"building","building":"house","building:levels":"1","house":"terrace","name":"B14A L12","block":null,"lot":null,"searchLabel":"B14A L12"},"geometry":{"type":"Polygon","coordinates":[[[121.2064087,13.8662992],[121.2064557,13.8663084],[121.20647,13.8662393],[121.2064229,13.8662301],[121.2064087,13.8662992]]]}},{"type":"Feature","properties":{"category":"building","building":"house","building:levels":"1","house":"terrace","name":"B14A L14","block":null,"lot":null,"searchLabel":"B14A L14"},"geometry":{"type":"Polygon","coordinates":[[[121.2065499,13.8663267],[121.2065028,13.8663175],[121.206517,13.8662484],[121.2065641,13.8662575],[121.2065499,13.8663267]]]}},{"type":"Feature","properties":{"category":"building","building":"house","building:levels":"1","house":"terrace","name":"B14A L16","block":null,"lot":null,"searchLabel":"B14A L16"},"geometry":{"type":"Polygon","coordinates":[[[121.206597,13.8663358],[121.2066441,13.8663449],[121.2066583,13.8662758],[121.2066112,13.8662667],[121.206597,13.8663358]]]}},{"type":"Feature","properties":{"category":"building","building":"house","building:levels":"1","house":"terrace","name":"B14A L18","block":null,"lot":null,"searchLabel":"B14A L18"},"geometry":{"type":"Polygon","coordinates":[[[121.2066912,13.8663541],[121.2067383,13.8663632],[121.2067525,13.866294],[121.2067054,13.8662849],[121.2066912,13.8663541]]]}},{"type":"Feature","properties":{"category":"building","building":"house","building:levels":"1","house":"terrace","name":"B14A L28","block":null,"lot":null,"searchLabel":"B14A L28"},"geometry":{"type":"Polygon","coordinates":[[[121.2063901,13.8663833],[121.2063435,13.8663736],[121.2063599,13.8662992],[121.2064065,13.8663089],[121.2063901,13.8663833]]]}},{"type":"Feature","properties":{"category":"building","building":"house","building:levels":"1","house":"terrace","name":"B14A L26","block":null,"lot":null,"searchLabel":"B14A L26"},"geometry":{"type":"Polygon","coordinates":[[[121.2064366,13.866393],[121.2064832,13.8664027],[121.2064997,13.8663283],[121.2064531,13.8663186],[121.2064366,13.866393]]]}},{"type":"Feature","properties":{"category":"building","building":"house","building:levels":"1","house":"terrace","name":"B14A L24","block":null,"lot":null,"searchLabel":"B14A L24"},"geometry":{"type":"Polygon","coordinates":[[[121.2065297,13.8664125],[121.2065763,13.8664222],[121.2065927,13.8663478],[121.2065462,13.8663381],[121.2065297,13.8664125]]]}},{"type":"Feature","properties":{"category":"building","building":"house","building:levels":"1","house":"terrace","name":"B14A L22","block":null,"lot":null,"searchLabel":"B14A L22"},"geometry":{"type":"Polygon","coordinates":[[[121.2066229,13.8664319],[121.2066694,13.8664416],[121.2066858,13.8663672],[121.2066393,13.8663575],[121.2066229,13.8664319]]]}},{"type":"Feature","properties":{"category":"building","building":"house","building:levels":"1","house":"terrace","name":"B14A L20","block":null,"lot":null,"searchLabel":"B14A L20"},"geometry":{"type":"Polygon","coordinates":[[[121.206716,13.8664513],[121.2067625,13.866461],[121.206779,13.8663866],[121.2067324,13.8663769],[121.206716,13.8664513]]]}},{"type":"Feature","properties":{"category":"road","access":"private","highway":"residential","lanes":"2","name":"Italy","oneway":"no","surface":"concrete"},"geometry":{"type":"LineString","coordinates":[[121.2033283,13.8664146],[121.2038342,13.8665714]]}},{"type":"Feature","properties":{"category":"road","access":"private","highway":"residential","lanes":"2","name":"Italy","oneway":"no","surface":"concrete"},"geometry":{"type":"LineString","coordinates":[[121.2038342,13.8665714],[121.204047,13.8666358]]}},{"type":"Feature","properties":{"category":"road","access":"private","highway":"residential","lanes":"2","name":"Italy","oneway":"no","surface":"concrete"},"geometry":{"type":"LineString","coordinates":[[121.204047,13.8666358],[121.2039078,13.8670183],[121.2038675,13.8671259]]}},{"type":"Feature","properties":{"category":"road","access":"private","highway":"residential","lanes":"2","name":"Australia","oneway":"no","surface":"concrete"},"geometry":{"type":"LineString","coordinates":[[121.2043435,13.8664997],[121.2043114,13.8665917],[121.2042675,13.8667178],[121.2041405,13.867096],[121.20409,13.8672462]]}},{"type":"Feature","properties":{"category":"road","access":"private","highway":"residential","lanes":"2","name":"Russia","oneway":"no","surface":"concrete"},"geometry":{"type":"LineString","coordinates":[[121.2048929,13.8666819],[121.2043435,13.8664997]]}},{"type":"Feature","properties":{"category":"cityblock","name":"Block 12","place":"city_block","block":"12"},"geometry":{"type":"Polygon","coordinates":[[[121.2066234,13.8662373],[121.2068456,13.8662804],[121.2068665,13.8661756],[121.206988,13.8655649],[121.2070093,13.8654579],[121.2067821,13.8654169],[121.2067261,13.8657091],[121.2066234,13.8662373]]]}},{"type":"Feature","properties":{"category":"cityblock","name":"Block 10","place":"city_block","block":"10"},"geometry":{"type":"Polygon","coordinates":[[[121.2061706,13.8656068],[121.2067261,13.8657091],[121.2067821,13.8654169],[121.2070093,13.8654579],[121.2070338,13.8652332],[121.2066173,13.8651529],[121.2065767,13.8653561],[121.2065561,13.8654609],[121.2062148,13.8654011],[121.2061706,13.8656068]]]}},{"type":"Feature","properties":{"category":"cityblock","name":"Block 19","place":"city_block","block":"19"},"geometry":{"type":"Polygon","coordinates":[[[121.2048543,13.8664207],[121.2046464,13.8663574],[121.2048065,13.8658777],[121.2050307,13.8659192],[121.2048543,13.8664207]]]}},{"type":"Feature","properties":{"category":"cityblock","name":"Block 20","place":"city_block","block":"20"},"geometry":{"type":"Polygon","coordinates":[[[121.2048065,13.8658777],[121.2045765,13.8658138],[121.2043435,13.8664997],[121.2048929,13.8666819],[121.2049573,13.8667033],[121.2055942,13.8668823],[121.2056608,13.8666663],[121.2050856,13.8664911],[121.205033,13.8664751],[121.2048543,13.8664207],[121.2046464,13.8663574],[121.2048065,13.8658777]]]}},{"type":"Feature","properties":{"category":"cityblock","name":"Block 28","place":"city_block","block":"28"},"geometry":{"type":"Polygon","coordinates":[[[121.2039367,13.867688],[121.2039039,13.8677704],[121.2038936,13.8678019],[121.2029312,13.867567],[121.2031873,13.8664714],[121.2033978,13.8662861],[121.2034383,13.8663146],[121.203359,13.8663854],[121.2033283,13.8664146],[121.2031989,13.8669711],[121.2030809,13.8674784],[121.2034711,13.8675725],[121.2036909,13.8676264],[121.2039367,13.867688]]]}},{"type":"Feature","properties":{"category":"cityblock","name":"Block 14B","place":"city_block","block":"14B"},"geometry":{"type":"Polygon","coordinates":[[[121.2058675,13.8667911],[121.2060095,13.8663477],[121.2062711,13.8664003],[121.2067503,13.8664967],[121.2063682,13.8666223],[121.2061475,13.8665769],[121.2061007,13.8667134],[121.2058675,13.8667911]]]}},{"type":"Feature","properties":{"category":"cityblock","name":"Block 16","place":"city_block","block":"16"},"geometry":{"type":"Polygon","coordinates":[[[121.20479,13.8669636],[121.2048338,13.8669865],[121.2049195,13.8669482],[121.2050063,13.8669041],[121.2051791,13.8669355],[121.2053266,13.8670907],[121.2055998,13.8670751],[121.2069333,13.8666089],[121.2070915,13.8659475],[121.2070905,13.8655913],[121.2070186,13.8655686],[121.2070057,13.8655665],[121.206988,13.8655649],[121.2068665,13.8661756],[121.2068456,13.8662804],[121.2068061,13.8664786],[121.2067503,13.8664967],[121.2063682,13.8666223],[121.2061007,13.8667134],[121.2058675,13.8667911],[121.2055942,13.8668823],[121.2049573,13.8667033],[121.2048929,13.8666819],[121.2048158,13.8668915],[121.20479,13.8669636]]]}},{"type":"Feature","properties":{"category":"road","highway":"footway","surface":"unpaved","width":"1"},"geometry":{"type":"LineString","coordinates":[[121.2049428,13.8652174],[121.2051546,13.865348]]}},{"type":"Feature","properties":{"category":"building","building":"house","building:levels":"1","house":"detached","name":"B14B L11","block":null,"lot":null,"searchLabel":"B14B L11"},"geometry":{"type":"Polygon","coordinates":[[[121.2063546,13.8665699],[121.2063632,13.866528],[121.2064273,13.8665404],[121.2064187,13.8665824],[121.2063546,13.8665699]]]}},{"type":"Feature","properties":{"category":"building","building":"house","building:levels":"1","house":"terrace","name":"B14B L15","block":null,"lot":null,"searchLabel":"B14B L15"},"geometry":{"type":"Polygon","coordinates":[[[121.206207,13.8665625],[121.2061581,13.8665521],[121.2061735,13.8664834],[121.2062225,13.8664937],[121.206207,13.8665625]]]}},{"type":"Feature","properties":{"category":"building","building":"house","building:levels":"1","house":"terrace","name":"B14B L13","block":null,"lot":null,"searchLabel":"B14B L13"},"geometry":{"type":"Polygon","coordinates":[[[121.2062543,13.8665725],[121.2062984,13.8665818],[121.2063137,13.866513],[121.2062696,13.8665037],[121.2062543,13.8665725]]]}},{"type":"Feature","properties":{"category":"building","building":"house","building:levels":"1","house":"terrace","name":"B14B L12","block":null,"lot":null,"searchLabel":"B14B L12"},"geometry":{"type":"Polygon","coordinates":[[[121.2062984,13.8665818],[121.206339,13.8665904],[121.2063544,13.8665216],[121.2063137,13.866513],[121.2062984,13.8665818]]]}},{"type":"Feature","properties":{"category":"building","building":"house","building:levels":"1","house":"terrace","name":"B14B L14","block":null,"lot":null,"searchLabel":"B14B L14"},"geometry":{"type":"Polygon","coordinates":[[[121.206207,13.8665625],[121.2062543,13.8665725],[121.2062696,13.8665037],[121.2062225,13.8664937],[121.206207,13.8665625]]]}},{"type":"Feature","properties":{"category":"building","building":"house","building:levels":"1","house":"terrace","name":"B14B L19","block":null,"lot":null,"searchLabel":"B14B L19"},"geometry":{"type":"Polygon","coordinates":[[[121.2060404,13.8665949],[121.2061016,13.8666137],[121.2060856,13.866663],[121.2060244,13.8666443],[121.2060404,13.8665949]]]}},{"type":"Feature","properties":{"category":"building","building":"house","building:levels":"1","house":"terrace","name":"B14B L17","block":null,"lot":null,"searchLabel":"B14B L17"},"geometry":{"type":"Polygon","coordinates":[[[121.2060539,13.8665533],[121.2061152,13.8665721],[121.2061296,13.8665274],[121.2060684,13.8665087],[121.2060539,13.8665533]]]}},{"type":"Feature","properties":{"category":"building","building":"house","building:levels":"1","house":"terrace","name":"B14B L16","block":null,"lot":null,"searchLabel":"B14B L16"},"geometry":{"type":"Polygon","coordinates":[[[121.2060684,13.8665087],[121.2060829,13.8664639],[121.2061442,13.8664826],[121.2061296,13.8665274],[121.2060684,13.8665087]]]}},{"type":"Feature","properties":{"category":"building","building":"house","building:levels":"1","house":"terrace","name":"B14B L18","block":null,"lot":null,"searchLabel":"B14B L18"},"geometry":{"type":"Polygon","coordinates":[[[121.2060404,13.8665949],[121.2060539,13.8665533],[121.2061152,13.8665721],[121.2061016,13.8666137],[121.2060404,13.8665949]]]}},{"type":"Feature","properties":{"category":"building","building":"house","building:levels":"1","house":"terrace","name":"B14B L20","block":null,"lot":null,"searchLabel":"B14B L20"},"geometry":{"type":"Polygon","coordinates":[[[121.2059181,13.8666908],[121.2059348,13.8666383],[121.2060043,13.8666591],[121.2059875,13.8667117],[121.2059181,13.8666908]]]}},{"type":"Feature","properties":{"category":"building","building":"house","building:levels":"1","house":"terrace","name":"B14B L22","block":null,"lot":null,"searchLabel":"B14B L22"},"geometry":{"type":"Polygon","coordinates":[[[121.2059477,13.8665978],[121.2060172,13.8666186],[121.2060309,13.8665757],[121.2059614,13.8665548],[121.2059477,13.8665978]]]}},{"type":"Feature","properties":{"category":"building","building":"house","building:levels":"1","house":"terrace","name":"B14B L24","block":null,"lot":null,"searchLabel":"B14B L24"},"geometry":{"type":"Polygon","coordinates":[[[121.2059754,13.8665108],[121.2060449,13.8665317],[121.2060588,13.8664878],[121.2059894,13.866467],[121.2059754,13.8665108]]]}},{"type":"Feature","properties":{"category":"building","building":"house","building:levels":"1","house":"terrace","name":"B14B L26","block":null,"lot":null,"searchLabel":"B14B L26"},"geometry":{"type":"Polygon","coordinates":[[[121.2060018,13.8664278],[121.2060713,13.8664486],[121.2060859,13.8664026],[121.2060164,13.8663818],[121.2060018,13.8664278]]]}},{"type":"Feature","properties":{"category":"building","building":"house","building:levels":"1","house":"terrace","name":"B14B L25","block":null,"lot":null,"searchLabel":"B14B L25"},"geometry":{"type":"Polygon","coordinates":[[[121.2059894,13.866467],[121.2060018,13.8664278],[121.2060713,13.8664486],[121.2060588,13.8664878],[121.2059894,13.866467]]]}},{"type":"Feature","properties":{"category":"building","building":"house","building:levels":"1","house":"terrace","name":"B14B L21","block":null,"lot":null,"searchLabel":"B14B L21"},"geometry":{"type":"Polygon","coordinates":[[[121.2059348,13.8666383],[121.2059477,13.8665978],[121.2060172,13.8666186],[121.2060043,13.8666591],[121.2059348,13.8666383]]]}},{"type":"Feature","properties":{"category":"building","building":"house","building:levels":"1","house":"terrace","name":"B14B L23","block":null,"lot":null,"searchLabel":"B14B L23"},"geometry":{"type":"Polygon","coordinates":[[[121.2059614,13.8665548],[121.2059754,13.8665108],[121.2060449,13.8665317],[121.2060309,13.8665757],[121.2059614,13.8665548]]]}},{"type":"Feature","properties":{"category":"building","building":"house","building:levels":"1","house":"terrace","name":"B14B L1","block":null,"lot":null,"searchLabel":"B14B L1"},"geometry":{"type":"Polygon","coordinates":[[[121.20614,13.866467],[121.2061536,13.866404],[121.2061043,13.866394],[121.2060907,13.866457],[121.20614,13.866467]]]}},{"type":"Feature","properties":{"category":"building","building":"house","building:levels":"1","house":"terrace","name":"B14B L3","block":null,"lot":null,"searchLabel":"B14B L3"},"geometry":{"type":"Polygon","coordinates":[[[121.2061854,13.8664762],[121.206199,13.8664132],[121.2062422,13.866422],[121.2062286,13.866485],[121.2061854,13.8664762]]]}},{"type":"Feature","properties":{"category":"building","building":"house","building:levels":"1","house":"terrace","name":"B14B L5","block":null,"lot":null,"searchLabel":"B14B L5"},"geometry":{"type":"Polygon","coordinates":[[[121.206274,13.8664941],[121.2062875,13.8664312],[121.2063312,13.86644],[121.2063176,13.866503],[121.206274,13.8664941]]]}},{"type":"Feature","properties":{"category":"building","building":"house","building:levels":"1","house":"terrace","name":"B14B L7","block":null,"lot":null,"searchLabel":"B14B L7"},"geometry":{"type":"Polygon","coordinates":[[[121.2063613,13.8665118],[121.2063749,13.8664489],[121.2064215,13.8664583],[121.206408,13.8665213],[121.2063613,13.8665118]]]}},{"type":"Feature","properties":{"category":"building","building":"house","building:levels":"1","house":"terrace","name":"B14B L9","block":null,"lot":null,"searchLabel":"B14B L9"},"geometry":{"type":"Polygon","coordinates":[[[121.2064544,13.8665307],[121.2064679,13.8664677],[121.2065105,13.8664764],[121.206497,13.8665393],[121.2064544,13.8665307]]]}},{"type":"Feature","properties":{"category":"building","building":"house","building:levels":"1","house":"terrace","name":"B14B L10","block":null,"lot":null,"searchLabel":"B14B L10"},"geometry":{"type":"Polygon","coordinates":[[[121.206497,13.8665393],[121.2065441,13.8665489],[121.2065577,13.8664859],[121.2065105,13.8664764],[121.206497,13.8665393]]]}},{"type":"Feature","properties":{"category":"building","building":"house","building:levels":"1","house":"terrace","name":"B14B L8","block":null,"lot":null,"searchLabel":"B14B L8"},"geometry":{"type":"Polygon","coordinates":[[[121.206408,13.8665213],[121.2064544,13.8665307],[121.2064679,13.8664677],[121.2064215,13.8664583],[121.206408,13.8665213]]]}},{"type":"Feature","properties":{"category":"building","building":"house","building:levels":"1","house":"terrace","name":"B14B L6","block":null,"lot":null,"searchLabel":"B14B L6"},"geometry":{"type":"Polygon","coordinates":[[[121.2063176,13.866503],[121.2063613,13.8665118],[121.2063749,13.8664489],[121.2063312,13.86644],[121.2063176,13.866503]]]}},{"type":"Feature","properties":{"category":"building","building":"house","building:levels":"1","house":"terrace","name":"B14B L4","block":null,"lot":null,"searchLabel":"B14B L4"},"geometry":{"type":"Polygon","coordinates":[[[121.2062286,13.866485],[121.206274,13.8664941],[121.2062875,13.8664312],[121.2062422,13.866422],[121.2062286,13.866485]]]}},{"type":"Feature","properties":{"category":"building","building":"house","building:levels":"1","house":"terrace","name":"B14B L2","block":null,"lot":null,"searchLabel":"B14B L2"},"geometry":{"type":"Polygon","coordinates":[[[121.20614,13.866467],[121.2061854,13.8664762],[121.206199,13.8664132],[121.2061536,13.866404],[121.20614,13.866467]]]}},{"type":"Feature","properties":{"category":"road","highway":"footway","surface":"unpaved","width":"1"},"geometry":{"type":"LineString","coordinates":[[121.2053785,13.8662112],[121.2054299,13.866]]}},{"type":"Feature","properties":{"category":"road","highway":"footway","surface":"unpaved","width":"1"},"geometry":{"type":"LineString","coordinates":[[121.2034246,13.8670228],[121.2031989,13.8669711]]}},{"type":"Feature","properties":{"category":"road","highway":"footway","surface":"unpaved","width":"1"},"geometry":{"type":"LineString","coordinates":[[121.2039078,13.8670183],[121.2041405,13.867096]]}},{"type":"Feature","properties":{"category":"building","building":"house","building:levels":"1","house":"terrace","name":"B21 L13","block":"21","lot":"13","searchLabel":"B21 L13"},"geometry":{"type":"Polygon","coordinates":[[[121.2042466,13.8663843],[121.204182,13.8663649],[121.2041673,13.8664111],[121.2042319,13.8664305],[121.2042466,13.8663843]]]}},{"type":"Feature","properties":{"category":"building","building":"house","building:levels":"1","house":"terrace","name":"B21 L15","block":"21","lot":"15","searchLabel":"B21 L15"},"geometry":{"type":"Polygon","coordinates":[[[121.2042614,13.8663381],[121.2041968,13.8663187],[121.2042115,13.8662725],[121.2042761,13.8662919],[121.2042614,13.8663381]]]}},{"type":"Feature","properties":{"category":"building","building":"house","building:levels":"1","house":"terrace","name":"B21 L17","block":"21","lot":"17","searchLabel":"B21 L17"},"geometry":{"type":"Polygon","coordinates":[[[121.2042262,13.8662263],[121.2042908,13.8662457],[121.2043056,13.8661995],[121.2042409,13.8661801],[121.2042262,13.8662263]]]}},{"type":"Feature","properties":{"category":"building","building":"house","building:levels":"1","house":"terrace","name":"B21 L18","block":"21","lot":"18","searchLabel":"B21 L18"},"geometry":{"type":"Polygon","coordinates":[[[121.2042409,13.8661801],[121.2042557,13.8661338],[121.2043203,13.8661533],[121.2043056,13.8661995],[121.2042409,13.8661801]]]}},{"type":"Feature","properties":{"category":"building","building":"house","building:levels":"1","house":"terrace","name":"B21 L14","block":"21","lot":"14","searchLabel":"B21 L14"},"geometry":{"type":"Polygon","coordinates":[[[121.204182,13.8663649],[121.2041968,13.8663187],[121.2042614,13.8663381],[121.2042466,13.8663843],[121.204182,13.8663649]]]}},{"type":"Feature","properties":{"category":"building","building":"house","building:levels":"1","house":"terrace","name":"B21 L16","block":"21","lot":"16","searchLabel":"B21 L16"},"geometry":{"type":"Polygon","coordinates":[[[121.2042115,13.8662725],[121.2042262,13.8662263],[121.2042908,13.8662457],[121.2042761,13.8662919],[121.2042115,13.8662725]]]}},{"type":"Feature","properties":{"category":"building","building":"house","building:levels":"1","house":"terrace","name":"B21 L12","block":"21","lot":"12","searchLabel":"B21 L12"},"geometry":{"type":"Polygon","coordinates":[[[121.204273,13.866396],[121.2043307,13.8664135],[121.2043165,13.8664576],[121.2042589,13.8664401],[121.204273,13.866396]]]}},{"type":"Feature","properties":{"category":"building","building":"house","building:levels":"1","house":"terrace","name":"B21 L10","block":"21","lot":"10","searchLabel":"B21 L10"},"geometry":{"type":"Polygon","coordinates":[[[121.2042872,13.866352],[121.2043448,13.8663694],[121.204359,13.8663253],[121.2043014,13.8663079],[121.2042872,13.866352]]]}},{"type":"Feature","properties":{"category":"building","building":"house","building:levels":"1","house":"terrace","name":"B21 L8","block":"21","lot":"8","searchLabel":"B21 L8"},"geometry":{"type":"Polygon","coordinates":[[[121.2043156,13.8662638],[121.2043732,13.8662812],[121.2043873,13.8662372],[121.2043297,13.8662197],[121.2043156,13.8662638]]]}},{"type":"Feature","properties":{"category":"building","building":"house","building:levels":"1","house":"terrace","name":"B21 L6","block":"21","lot":"6","searchLabel":"B21 L6"},"geometry":{"type":"Polygon","coordinates":[[[121.2043439,13.8661758],[121.2044014,13.8661933],[121.2044156,13.8661493],[121.204358,13.8661319],[121.2043439,13.8661758]]]}},{"type":"Feature","properties":{"category":"building","building":"house","building:levels":"1","house":"terrace","name":"B21 L4","block":"21","lot":"4","searchLabel":"B21 L4"},"geometry":{"type":"Polygon","coordinates":[[[121.2043721,13.866088],[121.2044297,13.8661054],[121.2044438,13.8660615],[121.2043863,13.866044],[121.2043721,13.866088]]]}},{"type":"Feature","properties":{"category":"building","building":"house","building:levels":"1","house":"terrace","name":"B21 L2","block":"21","lot":"2","searchLabel":"B21 L2"},"geometry":{"type":"Polygon","coordinates":[[[121.2044004,13.8660001],[121.2044579,13.8660176],[121.204472,13.8659737],[121.2044145,13.8659562],[121.2044004,13.8660001]]]}},{"type":"Feature","properties":{"category":"building","building":"house","building:levels":"1","house":"terrace","name":"B21 L1","block":"21","lot":"1","searchLabel":"B21 L1"},"geometry":{"type":"Polygon","coordinates":[[[121.2044145,13.8659562],[121.2044286,13.8659123],[121.2044861,13.8659298],[121.204472,13.8659737],[121.2044145,13.8659562]]]}},{"type":"Feature","properties":{"category":"building","building":"house","building:levels":"1","house":"terrace","name":"B21 L3","block":"21","lot":"3","searchLabel":"B21 L3"},"geometry":{"type":"Polygon","coordinates":[[[121.2043863,13.866044],[121.2044004,13.8660001],[121.2044579,13.8660176],[121.2044438,13.8660615],[121.2043863,13.866044]]]}},{"type":"Feature","properties":{"category":"building","building":"house","building:levels":"1","house":"terrace","name":"B21 L5","block":"21","lot":"5","searchLabel":"B21 L5"},"geometry":{"type":"Polygon","coordinates":[[[121.204358,13.8661319],[121.2043721,13.866088],[121.2044297,13.8661054],[121.2044156,13.8661493],[121.204358,13.8661319]]]}},{"type":"Feature","properties":{"category":"building","building":"house","building:levels":"1","house":"terrace","name":"B21 L7","block":"21","lot":"7","searchLabel":"B21 L7"},"geometry":{"type":"Polygon","coordinates":[[[121.2043297,13.8662197],[121.2043439,13.8661758],[121.2044014,13.8661933],[121.2043873,13.8662372],[121.2043297,13.8662197]]]}},{"type":"Feature","properties":{"category":"building","building":"house","building:levels":"1","house":"terrace","name":"B21 L9","block":"21","lot":"9","searchLabel":"B21 L9"},"geometry":{"type":"Polygon","coordinates":[[[121.2043014,13.8663079],[121.2043156,13.8662638],[121.2043732,13.8662812],[121.204359,13.8663253],[121.2043014,13.8663079]]]}},{"type":"Feature","properties":{"category":"building","building":"house","building:levels":"1","house":"terrace","name":"B21 L11","block":"21","lot":"11","searchLabel":"B21 L11"},"geometry":{"type":"Polygon","coordinates":[[[121.204273,13.866396],[121.2042872,13.866352],[121.2043448,13.8663694],[121.2043307,13.8664135],[121.204273,13.866396]]]}},{"type":"Feature","properties":{"category":"barrier","barrier":"wall","height":"2.3","material":"concrete","wall":"wall"},"geometry":{"type":"LineString","coordinates":[[121.2072027,13.8650083],[121.2072083,13.8650363],[121.2072211,13.865114],[121.2072254,13.8651437],[121.2070907,13.8652115],[121.2070523,13.8652347],[121.2070268,13.8654625],[121.2070057,13.8655665],[121.2070186,13.8655686],[121.2070905,13.8655913],[121.2070915,13.8659475],[121.2069333,13.8666089],[121.2055998,13.8670751],[121.2053266,13.8670907],[121.2051791,13.8669355],[121.2050063,13.8669041],[121.2049195,13.8669482],[121.2048338,13.8669865],[121.2043472,13.8673429],[121.2042031,13.8677618],[121.2041632,13.8678736],[121.2038936,13.8678019],[121.2029312,13.867567],[121.2031873,13.8664714],[121.2033978,13.8662861],[121.2036571,13.8662262],[121.20421,13.8661366],[121.2044545,13.8658419],[121.204471,13.8657603],[121.2044799,13.8657098],[121.2045052,13.8655488],[121.2045678,13.865161],[121.204834,13.8649379],[121.2049609,13.864867],[121.2048994,13.8648425],[121.2048069,13.8648056],[121.2051775,13.8642429],[121.2052472,13.8642444],[121.2054521,13.8642765],[121.2055969,13.8643],[121.2058848,13.8641675],[121.2059617,13.8641319],[121.2060813,13.8640792],[121.2059765,13.8646403],[121.2063557,13.864714],[121.2064821,13.8647574],[121.2065552,13.8647646],[121.2066308,13.8647798],[121.2067412,13.8648047],[121.2071834,13.8649118]]}},{"type":"Feature","properties":{"category":"barrier","barrier":"fence","fence_type":"chain_link","height":"2","material":"wire"},"geometry":{"type":"LineString","coordinates":[[121.2044799,13.8657098],[121.2045382,13.8657333],[121.2045928,13.8656275],[121.2046081,13.865598],[121.2045052,13.8655488],[121.2044799,13.8657098]]}},{"type":"Feature","properties":{"category":"building","building":"yes","name":"Guard Shack","office":"security","opening_hours":"24/7","block":null,"lot":null,"searchLabel":"Guard Shack"},"geometry":{"type":"Polygon","coordinates":[[[121.2065583,13.864823],[121.2065363,13.864817],[121.2065402,13.8648037],[121.2065622,13.8648097],[121.2065583,13.864823]]]}},{"type":"Feature","properties":{"category":"road","access":"private","highway":"residential","lanes":"1","oneway":"yes","surface":"concrete"},"geometry":{"type":"LineString","coordinates":[[121.2064167,13.8648304],[121.2064483,13.8648091],[121.2064798,13.8647962],[121.2065068,13.8647924],[121.206529,13.8647905],[121.206558,13.864795],[121.2065977,13.8648031],[121.2066322,13.8648148],[121.2066623,13.8648294],[121.2067023,13.8648501]]}},{"type":"Feature","properties":{"category":"road","access":"private","highway":"residential","lanes":"1","oneway":"yes","surface":"concrete"},"geometry":{"type":"LineString","coordinates":[[121.2065484,13.8648309],[121.2065233,13.864826],[121.2064917,13.8648225],[121.2064647,13.8648225],[121.2064167,13.8648304]]}},{"type":"Feature","properties":{"category":"road","highway":"footway"},"geometry":{"type":"LineString","coordinates":[[121.2065382,13.8648757],[121.2065407,13.8648652],[121.2065427,13.8648583],[121.2065484,13.8648309]]}},{"type":"Feature","properties":{"category":"road","highway":"footway","surface":"paving_stones"},"geometry":{"type":"LineString","coordinates":[[121.2064573,13.8648944],[121.2064602,13.8648852],[121.2064927,13.8648781],[121.2065135,13.8648763],[121.2065382,13.8648757]]}},{"type":"Feature","properties":{"category":"barrier","barrier":"bollard","bollard":"removable","colour":"yellow","height":"1","material":"concrete"},"geometry":{"type":"LineString","coordinates":[[121.2065339,13.8648089],[121.2065221,13.8648073],[121.2065146,13.8648065],[121.2065022,13.8648063],[121.2064921,13.8648072]]}},{"type":"Feature","properties":{"category":"barrier","barrier":"bollard","bollard":"removable","colour":"yellow","height":"1","material":"concrete"},"geometry":{"type":"LineString","coordinates":[[121.2066207,13.8648294],[121.2066,13.8648241],[121.2065827,13.8648204],[121.2065646,13.8648166]]}},{"type":"Feature","properties":{"category":"road","access":"private","highway":"residential","lanes":"2","name":"Canada","oneway":"no","surface":"concrete"},"geometry":{"type":"LineString","coordinates":[[121.2060478,13.8650392],[121.2059436,13.8655637]]}},{"type":"Feature","properties":{"category":"road","access":"private","highway":"residential","lanes":"2","name":"Denmark","oneway":"no","surface":"concrete"},"geometry":{"type":"LineString","coordinates":[[121.2060478,13.8650392],[121.2056482,13.8649567],[121.2054328,13.8649097]]}},{"type":"Feature","properties":{"category":"road","access":"private","highway":"residential","lanes":"2","name":"Denmark","surface":"concrete"},"geometry":{"type":"LineString","coordinates":[[121.2070338,13.8652332],[121.2066176,13.8651513]]}},{"type":"Feature","properties":{"category":"road","access":"private","highway":"residential","lanes":"2","name":"Australia","surface":"concrete"},"geometry":{"type":"LineString","coordinates":[[121.2064167,13.8648304],[121.2063793,13.8648496],[121.2063492,13.8648589]]}},{"type":"Feature","properties":{"category":"road","access":"private","highway":"residential","lanes":"2","name":"Australia","oneway":"no","surface":"concrete"},"geometry":{"type":"LineString","coordinates":[[121.2060959,13.8648147],[121.2060294,13.8648017],[121.2058103,13.8647553],[121.2056329,13.8647183],[121.205318,13.8646496]]}},{"type":"Feature","properties":{"category":"road","access":"private","highway":"residential","lanes":"2","name":"Australia","oneway":"no","surface":"concrete"},"geometry":{"type":"LineString","coordinates":[[121.205318,13.8646496],[121.2052545,13.8647399],[121.2051295,13.8649355],[121.2050642,13.8650346],[121.2049428,13.8652174]]}},{"type":"Feature","properties":{"category":"road","access":"private","highway":"residential","lanes":"2","name":"Australia","oneway":"no","surface":"concrete"},"geometry":{"type":"LineString","coordinates":[[121.20409,13.8672462],[121.2040624,13.8673251],[121.2039367,13.867688],[121.2039039,13.8677704]]}},{"type":"Feature","properties":{"category":"building","building":"house","building:levels":"1","house":"terrace","name":"B20 L55","block":"20","lot":"55","searchLabel":"B20 L55"},"geometry":{"type":"Polygon","coordinates":[[[121.2044574,13.8664978],[121.2045009,13.8665117],[121.2045205,13.8664538],[121.2044771,13.8664399],[121.2044574,13.8664978]]]}},{"type":"Feature","properties":{"category":"building","building":"house","building:levels":"1","house":"terrace","name":"B20 L53","block":"20","lot":"53","searchLabel":"B20 L53"},"geometry":{"type":"Polygon","coordinates":[[[121.2045447,13.8665257],[121.2045886,13.8665397],[121.2046082,13.8664818],[121.2045643,13.8664678],[121.2045447,13.8665257]]]}},{"type":"Feature","properties":{"category":"building","building":"house","building:levels":"1","house":"terrace","name":"B20 L51","block":"20","lot":"51","searchLabel":"B20 L51"},"geometry":{"type":"Polygon","coordinates":[[[121.2046328,13.8665538],[121.2046771,13.866568],[121.2046968,13.8665101],[121.2046524,13.8664959],[121.2046328,13.8665538]]]}},{"type":"Feature","properties":{"category":"building","building":"house","building:levels":"1","house":"terrace","name":"B20 L49","block":"20","lot":"49","searchLabel":"B20 L49"},"geometry":{"type":"Polygon","coordinates":[[[121.2047218,13.8665822],[121.2047666,13.8665965],[121.2047862,13.8665386],[121.2047415,13.8665243],[121.2047218,13.8665822]]]}},{"type":"Feature","properties":{"category":"building","building":"house","building:levels":"1","house":"terrace","name":"B20 L47","block":"20","lot":"47","searchLabel":"B20 L47"},"geometry":{"type":"Polygon","coordinates":[[[121.2048117,13.866611],[121.204857,13.8666254],[121.2048766,13.8665675],[121.2048313,13.866553],[121.2048117,13.866611]]]}},{"type":"Feature","properties":{"category":"building","building":"house","building:levels":"1","house":"terrace","name":"B20 L56","block":"20","lot":"56","searchLabel":"B20 L56"},"geometry":{"type":"Polygon","coordinates":[[[121.2044574,13.8664978],[121.2044141,13.8664839],[121.2044337,13.8664261],[121.2044771,13.8664399],[121.2044574,13.8664978]]]}},{"type":"Feature","properties":{"category":"building","building":"house","building:levels":"1","house":"terrace","name":"B20 L54","block":"20","lot":"54","searchLabel":"B20 L54"},"geometry":{"type":"Polygon","coordinates":[[[121.2045009,13.8665117],[121.2045447,13.8665257],[121.2045643,13.8664678],[121.2045205,13.8664538],[121.2045009,13.8665117]]]}},{"type":"Feature","properties":{"category":"building","building":"house","building:levels":"1","house":"terrace","name":"B20 L52","block":"20","lot":"52","searchLabel":"B20 L52"},"geometry":{"type":"Polygon","coordinates":[[[121.2045886,13.8665397],[121.2046328,13.8665538],[121.2046524,13.8664959],[121.2046082,13.8664818],[121.2045886,13.8665397]]]}},{"type":"Feature","properties":{"category":"building","building":"house","building:levels":"1","house":"terrace","name":"B20 L50","block":"20","lot":"50","searchLabel":"B20 L50"},"geometry":{"type":"Polygon","coordinates":[[[121.2046771,13.866568],[121.2047218,13.8665822],[121.2047415,13.8665243],[121.2046968,13.8665101],[121.2046771,13.866568]]]}},{"type":"Feature","properties":{"category":"building","building":"house","building:levels":"1","house":"terrace","name":"B20 L48","block":"20","lot":"48","searchLabel":"B20 L48"},"geometry":{"type":"Polygon","coordinates":[[[121.2047666,13.8665965],[121.2048117,13.866611],[121.2048313,13.866553],[121.2047862,13.8665386],[121.2047666,13.8665965]]]}},{"type":"Feature","properties":{"category":"building","building":"house","building:levels":"1","house":"terrace","name":"B20 L46","block":"20","lot":"46","searchLabel":"B20 L46"},"geometry":{"type":"Polygon","coordinates":[[[121.204857,13.8666254],[121.2049025,13.86664],[121.2049222,13.866582],[121.2048766,13.8665675],[121.204857,13.8666254]]]}},{"type":"Feature","properties":{"category":"building","building":"house","building:levels":"1","house":"terrace","name":"B20 L45","block":"20","lot":"45","searchLabel":"B20 L45"},"geometry":{"type":"Polygon","coordinates":[[[121.2049025,13.86664],[121.2049482,13.8666546],[121.2049679,13.8665966],[121.2049222,13.866582],[121.2049025,13.86664]]]}},{"type":"Feature","properties":{"category":"building","building":"house","building:levels":"1","house":"terrace","name":"B20 L20","block":"20","lot":"20","searchLabel":"B20 L20"},"geometry":{"type":"Polygon","coordinates":[[[121.204927,13.866561],[121.2049739,13.8665757],[121.2049949,13.8665127],[121.204948,13.866498],[121.204927,13.866561]]]}},{"type":"Feature","properties":{"category":"building","building":"house","building:levels":"1","house":"terrace","name":"B20 L19","block":"20","lot":"19","searchLabel":"B20 L19"},"geometry":{"type":"Polygon","coordinates":[[[121.2048803,13.8665463],[121.204927,13.866561],[121.204948,13.866498],[121.2049014,13.8664833],[121.2048803,13.8665463]]]}},{"type":"Feature","properties":{"category":"building","building":"house","building:levels":"1","house":"terrace","name":"B20 L18","block":"20","lot":"18","searchLabel":"B20 L18"},"geometry":{"type":"Polygon","coordinates":[[[121.204834,13.8665316],[121.2048803,13.8665463],[121.2049014,13.8664833],[121.204855,13.8664686],[121.204834,13.8665316]]]}},{"type":"Feature","properties":{"category":"building","building":"house","building:levels":"1","house":"terrace","name":"B20 L17","block":"20","lot":"17","searchLabel":"B20 L17"},"geometry":{"type":"Polygon","coordinates":[[[121.2047878,13.8665171],[121.204834,13.8665316],[121.204855,13.8664686],[121.2048089,13.8664541],[121.2047878,13.8665171]]]}},{"type":"Feature","properties":{"category":"building","building":"house","building:levels":"1","house":"terrace","name":"B20 L16","block":"20","lot":"16","searchLabel":"B20 L16"},"geometry":{"type":"Polygon","coordinates":[[[121.204742,13.8665026],[121.2047878,13.8665171],[121.2048089,13.8664541],[121.2047631,13.8664397],[121.204742,13.8665026]]]}},{"type":"Feature","properties":{"category":"building","building":"house","building:levels":"1","house":"terrace","name":"B20 L15","block":"20","lot":"15","searchLabel":"B20 L15"},"geometry":{"type":"Polygon","coordinates":[[[121.2046964,13.8664882],[121.204742,13.8665026],[121.2047631,13.8664397],[121.2047174,13.8664253],[121.2046964,13.8664882]]]}},{"type":"Feature","properties":{"category":"building","building":"house","building:levels":"1","house":"terrace","name":"B20 L14","block":"20","lot":"14","searchLabel":"B20 L14"},"geometry":{"type":"Polygon","coordinates":[[[121.2046511,13.866474],[121.2046964,13.8664882],[121.2047174,13.8664253],[121.2046722,13.866411],[121.2046511,13.866474]]]}},{"type":"Feature","properties":{"category":"building","building":"house","building:levels":"1","house":"terrace","name":"B20 L13","block":"20","lot":"13","searchLabel":"B20 L13"},"geometry":{"type":"Polygon","coordinates":[[[121.2046061,13.8664598],[121.2046511,13.866474],[121.2046722,13.866411],[121.2046271,13.8663968],[121.2046061,13.8664598]]]}},{"type":"Feature","properties":{"category":"building","building":"house","building:levels":"1","house":"terrace","name":"B20 L12","block":"20","lot":"12","searchLabel":"B20 L12"},"geometry":{"type":"Polygon","coordinates":[[[121.2045612,13.8664456],[121.2046061,13.8664598],[121.2046271,13.8663968],[121.2045823,13.8663827],[121.2045612,13.8664456]]]}},{"type":"Feature","properties":{"category":"building","building":"house","building:levels":"1","house":"terrace","name":"B20 L11","block":"20","lot":"11","searchLabel":"B20 L11"},"geometry":{"type":"Polygon","coordinates":[[[121.2046154,13.8663418],[121.2046017,13.8663823],[121.204539,13.8663622],[121.2045527,13.8663218],[121.2046154,13.8663418]]]}},{"type":"Feature","properties":{"category":"building","building":"house","building:levels":"1","house":"terrace","name":"B20 L10","block":"20","lot":"10","searchLabel":"B20 L10"},"geometry":{"type":"Polygon","coordinates":[[[121.2046303,13.8662981],[121.2046154,13.8663418],[121.2045527,13.8663218],[121.2045675,13.8662781],[121.2046303,13.8662981]]]}},{"type":"Feature","properties":{"category":"building","building":"house","building:levels":"1","house":"terrace","name":"B20 L9","block":"20","lot":"9","searchLabel":"B20 L9"},"geometry":{"type":"Polygon","coordinates":[[[121.2045675,13.8662781],[121.2045839,13.8662297],[121.2046467,13.8662498],[121.2046303,13.8662981],[121.2045675,13.8662781]]]}},{"type":"Feature","properties":{"category":"building","building":"house","building:levels":"1","house":"terrace","name":"B20 L8","block":"20","lot":"8","searchLabel":"B20 L8"},"geometry":{"type":"Polygon","coordinates":[[[121.2046627,13.8662024],[121.2046467,13.8662498],[121.2045839,13.8662297],[121.2046,13.8661823],[121.2046627,13.8662024]]]}},{"type":"Feature","properties":{"category":"building","building":"house","building:levels":"1","house":"terrace","name":"B20 L7","block":"20","lot":"7","searchLabel":"B20 L7"},"geometry":{"type":"Polygon","coordinates":[[[121.2046,13.8661823],[121.2046147,13.8661391],[121.2046774,13.8661591],[121.2046627,13.8662024],[121.2046,13.8661823]]]}},{"type":"Feature","properties":{"category":"building","building":"house","building:levels":"1","house":"terrace","name":"B20 L5","block":"20","lot":"5","searchLabel":"B20 L5"},"geometry":{"type":"Polygon","coordinates":[[[121.2046319,13.8660883],[121.2046453,13.8660488],[121.204708,13.8660689],[121.2046946,13.8661084],[121.2046319,13.8660883]]]}},{"type":"Feature","properties":{"category":"building","building":"house","building:levels":"1","house":"terrace","name":"B20 L4","block":"20","lot":"4","searchLabel":"B20 L4"},"geometry":{"type":"Polygon","coordinates":[[[121.204708,13.8660689],[121.2046453,13.8660488],[121.2046578,13.8660121],[121.2047205,13.8660322],[121.204708,13.8660689]]]}},{"type":"Feature","properties":{"category":"building","building":"house","building:levels":"1","house":"terrace","name":"B20 L6","block":"20","lot":"6","searchLabel":"B20 L6"},"geometry":{"type":"Polygon","coordinates":[[[121.2046946,13.8661084],[121.2046774,13.8661591],[121.2046147,13.8661391],[121.2046319,13.8660883],[121.2046946,13.8661084]]]}},{"type":"Feature","properties":{"category":"building","building":"house","building:levels":"1","house":"terrace","name":"B20 L1","block":"20","lot":"1","searchLabel":"B20 L1"},"geometry":{"type":"Polygon","coordinates":[[[121.2047489,13.8659484],[121.2046862,13.8659284],[121.2046983,13.8658927],[121.204761,13.8659127],[121.2047489,13.8659484]]]}},{"type":"Feature","properties":{"category":"building","building":"house","building:levels":"1","house":"terrace","name":"B20 L2","block":"20","lot":"2","searchLabel":"B20 L2"},"geometry":{"type":"Polygon","coordinates":[[[121.2046744,13.865963],[121.2046862,13.8659284],[121.2047489,13.8659484],[121.2047371,13.8659831],[121.2046744,13.865963]]]}},{"type":"Feature","properties":{"category":"building","building":"house","building:levels":"1","house":"terrace","name":"B20 L3","block":"20","lot":"3","searchLabel":"B20 L3"},"geometry":{"type":"Polygon","coordinates":[[[121.2047371,13.8659831],[121.2047205,13.8660322],[121.2046578,13.8660121],[121.2046744,13.865963],[121.2047371,13.8659831]]]}},{"type":"Feature","properties":{"category":"building","building":"house","building:levels":"1","house":"terrace","name":"B20 L58","block":"20","lot":"58","searchLabel":"B20 L58"},"geometry":{"type":"Polygon","coordinates":[[[121.2045231,13.8663298],[121.204508,13.8663744],[121.2044455,13.8663544],[121.2044607,13.8663098],[121.2045231,13.8663298]]]}},{"type":"Feature","properties":{"category":"building","building":"house","building:levels":"1","house":"terrace","name":"B20 L59","block":"20","lot":"59","searchLabel":"B20 L59"},"geometry":{"type":"Polygon","coordinates":[[[121.2045382,13.8662852],[121.2045231,13.8663298],[121.2044607,13.8663098],[121.2044758,13.8662653],[121.2045382,13.8662852]]]}},{"type":"Feature","properties":{"category":"building","building":"house","building:levels":"1","house":"terrace","name":"B20 L60","block":"20","lot":"60","searchLabel":"B20 L60"},"geometry":{"type":"Polygon","coordinates":[[[121.2044758,13.8662653],[121.204491,13.8662207],[121.2045534,13.8662407],[121.2045382,13.8662852],[121.2044758,13.8662653]]]}},{"type":"Feature","properties":{"category":"building","building":"house","building:levels":"1","house":"terrace","name":"B20 L61","block":"20","lot":"61","searchLabel":"B20 L61"},"geometry":{"type":"Polygon","coordinates":[[[121.2045685,13.8661962],[121.2045534,13.8662407],[121.204491,13.8662207],[121.2045061,13.8661762],[121.2045685,13.8661962]]]}},{"type":"Feature","properties":{"category":"building","building":"house","building:levels":"1","house":"terrace","name":"B20 L62","block":"20","lot":"62","searchLabel":"B20 L62"},"geometry":{"type":"Polygon","coordinates":[[[121.2045061,13.8661762],[121.2045212,13.8661318],[121.2045836,13.8661517],[121.2045685,13.8661962],[121.2045061,13.8661762]]]}},{"type":"Feature","properties":{"category":"building","building":"house","building:levels":"1","house":"terrace","name":"B20 L63","block":"20","lot":"63","searchLabel":"B20 L63"},"geometry":{"type":"Polygon","coordinates":[[[121.2045986,13.8661073],[121.2045836,13.8661517],[121.2045212,13.8661318],[121.2045363,13.8660874],[121.2045986,13.8661073]]]}},{"type":"Feature","properties":{"category":"building","building":"house","building:levels":"1","house":"terrace","name":"B20 L64","block":"20","lot":"64","searchLabel":"B20 L64"},"geometry":{"type":"Polygon","coordinates":[[[121.2045363,13.8660874],[121.2045513,13.8660429],[121.2046137,13.8660629],[121.2045986,13.8661073],[121.2045363,13.8660874]]]}},{"type":"Feature","properties":{"category":"building","building":"house","building:levels":"1","house":"terrace","name":"B20 L68","block":"20","lot":"68","searchLabel":"B20 L68"},"geometry":{"type":"Polygon","coordinates":[[[121.2046588,13.8659299],[121.2045965,13.86591],[121.2046115,13.8658657],[121.2046739,13.8658856],[121.2046588,13.8659299]]]}},{"type":"Feature","properties":{"category":"building","building":"house","building:levels":"1","house":"terrace","name":"B20 L67","block":"20","lot":"67","searchLabel":"B20 L67"},"geometry":{"type":"Polygon","coordinates":[[[121.2045815,13.8659542],[121.2045965,13.86591],[121.2046588,13.8659299],[121.2046438,13.8659742],[121.2045815,13.8659542]]]}},{"type":"Feature","properties":{"category":"building","building":"house","building:levels":"1","house":"terrace","name":"B20 L66","block":"20","lot":"66","searchLabel":"B20 L66"},"geometry":{"type":"Polygon","coordinates":[[[121.2046438,13.8659742],[121.2046288,13.8660185],[121.2045664,13.8659986],[121.2045815,13.8659542],[121.2046438,13.8659742]]]}},{"type":"Feature","properties":{"category":"building","building":"house","building:levels":"1","house":"terrace","name":"B20 L65","block":"20","lot":"65","searchLabel":"B20 L65"},"geometry":{"type":"Polygon","coordinates":[[[121.2046137,13.8660629],[121.2045513,13.8660429],[121.2045664,13.8659986],[121.2046288,13.8660185],[121.2046137,13.8660629]]]}},{"type":"Feature","properties":{"category":"building","building":"house","building:levels":"1","house":"terrace","name":"B20 L57","block":"20","lot":"57","searchLabel":"B20 L57"},"geometry":{"type":"Polygon","coordinates":[[[121.204508,13.8663744],[121.2044928,13.866419],[121.2044304,13.8663991],[121.2044455,13.8663544],[121.204508,13.8663744]]]}},{"type":"Feature","properties":{"category":"building","building":"house","building:levels":"1","house":"terrace","name":"B19 L12","block":"19","lot":"12","searchLabel":"B19 L12"},"geometry":{"type":"Polygon","coordinates":[[[121.2048101,13.8662136],[121.2047953,13.866259],[121.2047235,13.8662369],[121.2047383,13.8661915],[121.2048101,13.8662136]]]}},{"type":"Feature","properties":{"category":"building","building":"house","building:levels":"1","house":"terrace","name":"B19 L13","block":"19","lot":"13","searchLabel":"B19 L13"},"geometry":{"type":"Polygon","coordinates":[[[121.2048242,13.8661704],[121.2048101,13.8662136],[121.2047383,13.8661915],[121.2047524,13.8661483],[121.2048242,13.8661704]]]}},{"type":"Feature","properties":{"category":"building","building":"house","building:levels":"1","house":"terrace","name":"B19 L14","block":"19","lot":"14","searchLabel":"B19 L14"},"geometry":{"type":"Polygon","coordinates":[[[121.2047524,13.8661483],[121.2047677,13.8661017],[121.2048394,13.8661237],[121.2048242,13.8661704],[121.2047524,13.8661483]]]}},{"type":"Feature","properties":{"category":"building","building":"house","building:levels":"1","house":"terrace","name":"B19 L15","block":"19","lot":"15","searchLabel":"B19 L15"},"geometry":{"type":"Polygon","coordinates":[[[121.2048542,13.8660786],[121.2048394,13.8661237],[121.2047677,13.8661017],[121.2047824,13.8660565],[121.2048542,13.8660786]]]}},{"type":"Feature","properties":{"category":"building","building":"house","building:levels":"1","house":"terrace","name":"B19 L16","block":"19","lot":"16","searchLabel":"B19 L16"},"geometry":{"type":"Polygon","coordinates":[[[121.2047824,13.8660565],[121.2047955,13.8660162],[121.2048673,13.8660383],[121.2048542,13.8660786],[121.2047824,13.8660565]]]}},{"type":"Feature","properties":{"category":"building","building":"house","building:levels":"1","house":"terrace","name":"B19 L17","block":"19","lot":"17","searchLabel":"B19 L17"},"geometry":{"type":"Polygon","coordinates":[[[121.2048834,13.8659889],[121.2048673,13.8660383],[121.2047955,13.8660162],[121.2048116,13.8659668],[121.2048834,13.8659889]]]}},{"type":"Feature","properties":{"category":"building","building":"house","building:levels":"1","house":"terrace","name":"B19 L18","block":"19","lot":"18","searchLabel":"B19 L18"},"geometry":{"type":"Polygon","coordinates":[[[121.2048116,13.8659668],[121.204824,13.865929],[121.2048957,13.8659511],[121.2048834,13.8659889],[121.2048116,13.8659668]]]}},{"type":"Feature","properties":{"category":"building","building":"house","building:levels":"1","house":"terrace","name":"B19 L11","block":"19","lot":"11","searchLabel":"B19 L11"},"geometry":{"type":"Polygon","coordinates":[[[121.2047093,13.8662802],[121.2047235,13.8662369],[121.2047953,13.866259],[121.2047811,13.8663023],[121.2047093,13.8662802]]]}},{"type":"Feature","properties":{"category":"building","building":"house","building:levels":"1","house":"terrace","name":"B19 L10","block":"19","lot":"10","searchLabel":"B19 L10"},"geometry":{"type":"Polygon","coordinates":[[[121.2047811,13.8663023],[121.2047618,13.8663612],[121.2046901,13.8663391],[121.2047093,13.8662802],[121.2047811,13.8663023]]]}},{"type":"Feature","properties":{"category":"building","building":"house","building:levels":"1","house":"terrace","name":"B19 L1","block":"19","lot":"1","searchLabel":"B19 L1"},"geometry":{"type":"Polygon","coordinates":[[[121.2048899,13.865991],[121.2049059,13.8659418],[121.2049777,13.8659638],[121.2049617,13.8660131],[121.2048899,13.865991]]]}},{"type":"Feature","properties":{"category":"building","building":"house","building:levels":"1","house":"terrace","name":"B19 L2","block":"19","lot":"2","searchLabel":"B19 L2"},"geometry":{"type":"Polygon","coordinates":[[[121.2049617,13.8660131],[121.2049456,13.8660624],[121.2048738,13.8660403],[121.2048899,13.865991],[121.2049617,13.8660131]]]}},{"type":"Feature","properties":{"category":"building","building":"house","building:levels":"1","house":"terrace","name":"B19 L3","block":"19","lot":"3","searchLabel":"B19 L3"},"geometry":{"type":"Polygon","coordinates":[[[121.2048606,13.8660806],[121.2048738,13.8660403],[121.2049456,13.8660624],[121.2049324,13.8661027],[121.2048606,13.8660806]]]}},{"type":"Feature","properties":{"category":"building","building":"house","building:levels":"1","house":"terrace","name":"B19 L4","block":"19","lot":"4","searchLabel":"B19 L4"},"geometry":{"type":"Polygon","coordinates":[[[121.2049324,13.8661027],[121.2049177,13.8661478],[121.2048459,13.8661257],[121.2048606,13.8660806],[121.2049324,13.8661027]]]}},{"type":"Feature","properties":{"category":"building","building":"house","building:levels":"1","house":"terrace","name":"B19 L5","block":"19","lot":"5","searchLabel":"B19 L5"},"geometry":{"type":"Polygon","coordinates":[[[121.2048307,13.8661723],[121.2048459,13.8661257],[121.2049177,13.8661478],[121.2049025,13.8661944],[121.2048307,13.8661723]]]}},{"type":"Feature","properties":{"category":"building","building":"house","building:levels":"1","house":"terrace","name":"B19 L6","block":"19","lot":"6","searchLabel":"B19 L6"},"geometry":{"type":"Polygon","coordinates":[[[121.2049025,13.8661944],[121.2048883,13.8662375],[121.2048166,13.8662154],[121.2048307,13.8661723],[121.2049025,13.8661944]]]}},{"type":"Feature","properties":{"category":"building","building":"house","building:levels":"1","house":"terrace","name":"B19 L7","block":"19","lot":"7","searchLabel":"B19 L7"},"geometry":{"type":"Polygon","coordinates":[[[121.2048883,13.8662375],[121.2048735,13.866283],[121.2048017,13.8662608],[121.2048166,13.8662154],[121.2048883,13.8662375]]]}},{"type":"Feature","properties":{"category":"building","building":"house","building:levels":"1","house":"terrace","name":"B19 L8","block":"19","lot":"8","searchLabel":"B19 L8"},"geometry":{"type":"Polygon","coordinates":[[[121.2047875,13.8663042],[121.2048017,13.8662608],[121.2048735,13.866283],[121.2048593,13.8663263],[121.2047875,13.8663042]]]}},{"type":"Feature","properties":{"category":"building","building":"house","building:levels":"1","house":"terrace","name":"B19 L9","block":"19","lot":"9","searchLabel":"B19 L9"},"geometry":{"type":"Polygon","coordinates":[[[121.2048593,13.8663263],[121.20484,13.8663853],[121.2047682,13.8663631],[121.2047875,13.8663042],[121.2048593,13.8663263]]]}},{"type":"Feature","properties":{"category":"building","building":"house","building:levels":"1","house":"terrace","name":"B16 L29","block":"16","lot":"29","searchLabel":"B16 L29"},"geometry":{"type":"Polygon","coordinates":[[[121.2057291,13.8669766],[121.2056729,13.866996],[121.2056462,13.8669233],[121.2057024,13.8669038],[121.2057291,13.8669766]]]}},{"type":"Feature","properties":{"category":"building","building":"house","building:levels":"1","house":"terrace","name":"B16 L28","block":"16","lot":"28","searchLabel":"B16 L28"},"geometry":{"type":"Polygon","coordinates":[[[121.2057291,13.8669766],[121.2057853,13.8669571],[121.2057585,13.8668844],[121.2057024,13.8669038],[121.2057291,13.8669766]]]}},{"type":"Feature","properties":{"category":"building","building":"house","building:levels":"1","house":"terrace","name":"B16 L27","block":"16","lot":"27","searchLabel":"B16 L27"},"geometry":{"type":"Polygon","coordinates":[[[121.2057853,13.8669571],[121.2058415,13.8669376],[121.2058148,13.8668649],[121.2057585,13.8668844],[121.2057853,13.8669571]]]}},{"type":"Feature","properties":{"category":"building","building":"house","building:levels":"1","house":"terrace","name":"B16 L26","block":"16","lot":"26","searchLabel":"B16 L26"},"geometry":{"type":"Polygon","coordinates":[[[121.2058415,13.8669376],[121.2058977,13.8669182],[121.205871,13.8668455],[121.2058148,13.8668649],[121.2058415,13.8669376]]]}},{"type":"Feature","properties":{"category":"building","building":"house","building:levels":"1","house":"terrace","name":"B16 L25","block":"16","lot":"25","searchLabel":"B16 L25"},"geometry":{"type":"Polygon","coordinates":[[[121.2058977,13.8669182],[121.2059538,13.8668987],[121.2059271,13.8668261],[121.205871,13.8668455],[121.2058977,13.8669182]]]}},{"type":"Feature","properties":{"category":"building","building":"house","building:levels":"1","house":"terrace","name":"B16 L24","block":"16","lot":"24","searchLabel":"B16 L24"},"geometry":{"type":"Polygon","coordinates":[[[121.2059538,13.8668987],[121.2060098,13.8668793],[121.2059831,13.8668067],[121.2059271,13.8668261],[121.2059538,13.8668987]]]}},{"type":"Feature","properties":{"category":"building","building":"house","building:levels":"1","house":"terrace","name":"B16 L23","block":"16","lot":"23","searchLabel":"B16 L23"},"geometry":{"type":"Polygon","coordinates":[[[121.2060098,13.8668793],[121.2060659,13.8668599],[121.2060392,13.8667873],[121.2059831,13.8668067],[121.2060098,13.8668793]]]}},{"type":"Feature","properties":{"category":"building","building":"house","building:levels":"1","house":"terrace","name":"B16 L22","block":"16","lot":"22","searchLabel":"B16 L22"},"geometry":{"type":"Polygon","coordinates":[[[121.2060659,13.8668599],[121.206122,13.8668405],[121.2060953,13.8667678],[121.2060392,13.8667873],[121.2060659,13.8668599]]]}},{"type":"Feature","properties":{"category":"building","building":"house","building:levels":"1","house":"terrace","name":"B16 L21","block":"16","lot":"21","searchLabel":"B16 L21"},"geometry":{"type":"Polygon","coordinates":[[[121.206122,13.8668405],[121.206178,13.8668211],[121.2061513,13.8667485],[121.2060953,13.8667678],[121.206122,13.8668405]]]}},{"type":"Feature","properties":{"category":"building","building":"house","building:levels":"1","house":"terrace","name":"B16 L20","block":"16","lot":"20","searchLabel":"B16 L20"},"geometry":{"type":"Polygon","coordinates":[[[121.206178,13.8668211],[121.2062339,13.8668018],[121.2062072,13.8667291],[121.2061513,13.8667485],[121.206178,13.8668211]]]}},{"type":"Feature","properties":{"category":"building","building":"house","building:levels":"1","house":"terrace","name":"B16 L19","block":"16","lot":"19","searchLabel":"B16 L19"},"geometry":{"type":"Polygon","coordinates":[[[121.2062339,13.8668018],[121.2062899,13.8667824],[121.2062632,13.8667097],[121.2062072,13.8667291],[121.2062339,13.8668018]]]}},{"type":"Feature","properties":{"category":"building","building":"house","building:levels":"1","house":"terrace","name":"B16 L18","block":"16","lot":"18","searchLabel":"B16 L18"},"geometry":{"type":"Polygon","coordinates":[[[121.2062899,13.8667824],[121.2063458,13.866763],[121.2063191,13.8666904],[121.2062632,13.8667097],[121.2062899,13.8667824]]]}},{"type":"Feature","properties":{"category":"building","building":"house","building:levels":"1","house":"terrace","name":"B16 L9","block":"16","lot":"9","searchLabel":"B16 L9"},"geometry":{"type":"Polygon","coordinates":[[[121.206792,13.8666086],[121.2068477,13.8665893],[121.2068211,13.8665168],[121.2067654,13.866536],[121.206792,13.8666086]]]}},{"type":"Feature","properties":{"category":"building","building":"house","building:levels":"1","house":"terrace","name":"B16 L10","block":"16","lot":"10","searchLabel":"B16 L10"},"geometry":{"type":"Polygon","coordinates":[[[121.2067364,13.8666279],[121.206792,13.8666086],[121.2067654,13.866536],[121.2067097,13.8665553],[121.2067364,13.8666279]]]}},{"type":"Feature","properties":{"category":"building","building":"house","building:levels":"1","house":"terrace","name":"B16 L11","block":"16","lot":"11","searchLabel":"B16 L11"},"geometry":{"type":"Polygon","coordinates":[[[121.2066806,13.8666471],[121.2067364,13.8666279],[121.2067097,13.8665553],[121.206654,13.8665746],[121.2066806,13.8666471]]]}},{"type":"Feature","properties":{"category":"building","building":"house","building:levels":"1","house":"terrace","name":"B16 L12","block":"16","lot":"12","searchLabel":"B16 L12"},"geometry":{"type":"Polygon","coordinates":[[[121.2066249,13.8666664],[121.2066806,13.8666471],[121.206654,13.8665746],[121.2065983,13.8665938],[121.2066249,13.8666664]]]}},{"type":"Feature","properties":{"category":"building","building":"house","building:levels":"1","house":"terrace","name":"B16 L13","block":"16","lot":"13","searchLabel":"B16 L13"},"geometry":{"type":"Polygon","coordinates":[[[121.2065691,13.8666857],[121.2066249,13.8666664],[121.2065983,13.8665938],[121.2065425,13.8666131],[121.2065691,13.8666857]]]}},{"type":"Feature","properties":{"category":"building","building":"house","building:levels":"1","house":"terrace","name":"B16 L14","block":"16","lot":"14","searchLabel":"B16 L14"},"geometry":{"type":"Polygon","coordinates":[[[121.2065133,13.866705],[121.2065691,13.8666857],[121.2065425,13.8666131],[121.2064867,13.8666324],[121.2065133,13.866705]]]}},{"type":"Feature","properties":{"category":"building","building":"house","building:levels":"1","house":"terrace","name":"B16 L15","block":"16","lot":"15","searchLabel":"B16 L15"},"geometry":{"type":"Polygon","coordinates":[[[121.2064575,13.8667244],[121.2065133,13.866705],[121.2064867,13.8666324],[121.2064309,13.8666517],[121.2064575,13.8667244]]]}},{"type":"Feature","properties":{"category":"building","building":"house","building:levels":"1","house":"terrace","name":"B16 L16","block":"16","lot":"16","searchLabel":"B16 L16"},"geometry":{"type":"Polygon","coordinates":[[[121.2064016,13.8667437],[121.2064575,13.8667244],[121.2064309,13.8666517],[121.206375,13.8666711],[121.2064016,13.8667437]]]}},{"type":"Feature","properties":{"category":"building","building":"house","building:levels":"1","house":"terrace","name":"B16 L17","block":"16","lot":"17","searchLabel":"B16 L17"},"geometry":{"type":"Polygon","coordinates":[[[121.2063458,13.866763],[121.2064016,13.8667437],[121.206375,13.8666711],[121.2063191,13.8666904],[121.2063458,13.866763]]]}},{"type":"Feature","properties":{"category":"building","building":"house","building:levels":"1","house":"detached","name":"B16 L30","block":"16","lot":"30","searchLabel":"B16 L30"},"geometry":{"type":"Polygon","coordinates":[[[121.2055707,13.8670189],[121.205627,13.8670167],[121.2056234,13.8669276],[121.2055671,13.8669297],[121.2055707,13.8670189]]]}},{"type":"Feature","properties":{"category":"building","building":"house","building:levels":"1","house":"detached","name":"B16 L31","block":"16","lot":"31","searchLabel":"B16 L31"},"geometry":{"type":"Polygon","coordinates":[[[121.2054789,13.8670013],[121.2055342,13.8670158],[121.2055596,13.8669241],[121.2055043,13.8669097],[121.2054789,13.8670013]]]}},{"type":"Feature","properties":{"category":"building","building":"house","house":"semi-detached","name":"B16 L39","block":"16","lot":"39","searchLabel":"B16 L39"},"geometry":{"type":"Polygon","coordinates":[[[121.2049651,13.8668258],[121.2050196,13.8668416],[121.2050406,13.8667733],[121.2049862,13.8667575],[121.2049651,13.8668258]]]}},{"type":"Feature","properties":{"category":"building","building":"house","house":"semi-detached","name":"B16 L38","block":"16","lot":"38","searchLabel":"B16 L38"},"geometry":{"type":"Polygon","coordinates":[[[121.2050196,13.8668416],[121.2050753,13.8668578],[121.2050963,13.8667895],[121.2050406,13.8667733],[121.2050196,13.8668416]]]}},{"type":"Feature","properties":{"category":"building","building":"house","house":"terrace","name":"B16 L37","block":"16","lot":"37","searchLabel":"B16 L37"},"geometry":{"type":"Polygon","coordinates":[[[121.2050877,13.8668627],[121.2051418,13.8668787],[121.2051636,13.8668093],[121.2051094,13.8667933],[121.2050877,13.8668627]]]}},{"type":"Feature","properties":{"category":"building","building":"house","house":"terrace","name":"B16 L36","block":"16","lot":"36","searchLabel":"B16 L36"},"geometry":{"type":"Polygon","coordinates":[[[121.2051418,13.8668787],[121.2051961,13.8668948],[121.2052179,13.8668254],[121.2051636,13.8668093],[121.2051418,13.8668787]]]}},{"type":"Feature","properties":{"category":"building","building":"house","house":"terrace","name":"B16 L35","block":"16","lot":"35","searchLabel":"B16 L35"},"geometry":{"type":"Polygon","coordinates":[[[121.2051961,13.8668948],[121.2052503,13.8669108],[121.2052721,13.8668414],[121.2052179,13.8668254],[121.2051961,13.8668948]]]}},{"type":"Feature","properties":{"category":"building","building":"house","house":"terrace","name":"B16 L34","block":"16","lot":"34","searchLabel":"B16 L34"},"geometry":{"type":"Polygon","coordinates":[[[121.2052503,13.8669108],[121.2053044,13.8669269],[121.2053262,13.8668574],[121.2052721,13.8668414],[121.2052503,13.8669108]]]}},{"type":"Feature","properties":{"category":"building","building":"house","house":"semi-detached","name":"B16 L33","block":"16","lot":"33","searchLabel":"B16 L33"},"geometry":{"type":"Polygon","coordinates":[[[121.2053115,13.8669334],[121.2053674,13.8669503],[121.2053911,13.8668764],[121.2053353,13.8668594],[121.2053115,13.8669334]]]}},{"type":"Feature","properties":{"category":"building","building":"house","house":"semi-detached","name":"B16 L32","block":"16","lot":"32","searchLabel":"B16 L32"},"geometry":{"type":"Polygon","coordinates":[[[121.2053674,13.8669503],[121.2054232,13.8669672],[121.2054469,13.8668932],[121.2053911,13.8668764],[121.2053674,13.8669503]]]}},{"type":"Feature","properties":{"category":"building","building":"house","building:levels":"1","house":"terrace","name":"B23 L1","block":"23","lot":"1","searchLabel":"B23 L1"},"geometry":{"type":"Polygon","coordinates":[[[121.204286,13.8668198],[121.2043063,13.8667582],[121.2043577,13.8667742],[121.2043374,13.8668357],[121.204286,13.8668198]]]}},{"type":"Feature","properties":{"category":"building","building":"house","building:levels":"1","house":"terrace","name":"B23 L2","block":"23","lot":"2","searchLabel":"B23 L2"},"geometry":{"type":"Polygon","coordinates":[[[121.2043854,13.8668506],[121.2043374,13.8668357],[121.2043577,13.8667742],[121.2044056,13.8667891],[121.2043854,13.8668506]]]}},{"type":"Feature","properties":{"category":"building","building":"house","building:levels":"1","house":"terrace","name":"B23 L3","block":"23","lot":"3","searchLabel":"B23 L3"},"geometry":{"type":"Polygon","coordinates":[[[121.2043854,13.8668506],[121.2044319,13.8668651],[121.2044522,13.8668036],[121.2044056,13.8667891],[121.2043854,13.8668506]]]}},{"type":"Feature","properties":{"category":"building","building":"house","building:levels":"1","house":"terrace","name":"B23 L4","block":"23","lot":"4","searchLabel":"B23 L4"},"geometry":{"type":"Polygon","coordinates":[[[121.2044791,13.8668797],[121.2044319,13.8668651],[121.2044522,13.8668036],[121.2044993,13.8668182],[121.2044791,13.8668797]]]}},{"type":"Feature","properties":{"category":"building","building":"house","building:levels":"1","house":"terrace","name":"B23 L5","block":"23","lot":"5","searchLabel":"B23 L5"},"geometry":{"type":"Polygon","coordinates":[[[121.2044791,13.8668797],[121.2045233,13.8668934],[121.2045435,13.8668319],[121.2044993,13.8668182],[121.2044791,13.8668797]]]}},{"type":"Feature","properties":{"category":"building","building":"house","building:levels":"1","house":"terrace","name":"B23 L6","block":"23","lot":"6","searchLabel":"B23 L6"},"geometry":{"type":"Polygon","coordinates":[[[121.2045656,13.8669066],[121.2045233,13.8668934],[121.2045435,13.8668319],[121.2045858,13.8668451],[121.2045656,13.8669066]]]}},{"type":"Feature","properties":{"category":"building","building":"house","building:levels":"1","house":"terrace","name":"B23 L7","block":"23","lot":"7","searchLabel":"B23 L7"},"geometry":{"type":"Polygon","coordinates":[[[121.2045656,13.8669066],[121.2046103,13.8669205],[121.2046306,13.866859],[121.2045858,13.8668451],[121.2045656,13.8669066]]]}},{"type":"Feature","properties":{"category":"building","building":"house","building:levels":"1","house":"terrace","name":"B23 L8","block":"23","lot":"8","searchLabel":"B23 L8"},"geometry":{"type":"Polygon","coordinates":[[[121.2046532,13.8669338],[121.2046103,13.8669205],[121.2046306,13.866859],[121.2046734,13.8668723],[121.2046532,13.8669338]]]}},{"type":"Feature","properties":{"category":"building","building":"house","building:levels":"1","house":"terrace","name":"B23 L9","block":"23","lot":"9","searchLabel":"B23 L9"},"geometry":{"type":"Polygon","coordinates":[[[121.2046532,13.8669338],[121.2046971,13.8669474],[121.2047174,13.866886],[121.2046734,13.8668723],[121.2046532,13.8669338]]]}},{"type":"Feature","properties":{"category":"building","building":"house","building:levels":"1","house":"terrace","name":"B23 L10","block":"23","lot":"10","searchLabel":"B23 L10"},"geometry":{"type":"Polygon","coordinates":[[[121.2046971,13.8669474],[121.2047359,13.8669595],[121.2047562,13.866898],[121.2047174,13.866886],[121.2046971,13.8669474]]]}},{"type":"Feature","properties":{"category":"building","building":"house","building:levels":"1","house":"terrace","name":"B23 L11","block":"23","lot":"11","searchLabel":"B23 L11"},"geometry":{"type":"Polygon","coordinates":[[[121.2046282,13.8670075],[121.2046723,13.8670212],[121.2046926,13.8669598],[121.2046485,13.8669461],[121.2046282,13.8670075]]]}},{"type":"Feature","properties":{"category":"building","building":"house","building:levels":"1","house":"terrace","name":"B23 L13","block":"23","lot":"13","searchLabel":"B23 L13"},"geometry":{"type":"Polygon","coordinates":[[[121.2045405,13.8669802],[121.2045853,13.8669941],[121.2046056,13.8669327],[121.2045607,13.8669188],[121.2045405,13.8669802]]]}},{"type":"Feature","properties":{"category":"building","building":"house","building:levels":"1","house":"terrace","name":"B23 L14","block":"23","lot":"14","searchLabel":"B23 L14"},"geometry":{"type":"Polygon","coordinates":[[[121.2045405,13.8669802],[121.2044981,13.866967],[121.2045183,13.8669056],[121.2045607,13.8669188],[121.2045405,13.8669802]]]}},{"type":"Feature","properties":{"category":"building","building":"house","building:levels":"1","house":"terrace","name":"B23 L15","block":"23","lot":"15","searchLabel":"B23 L15"},"geometry":{"type":"Polygon","coordinates":[[[121.2044538,13.8669532],[121.2044981,13.866967],[121.2045183,13.8669056],[121.204474,13.8668918],[121.2044538,13.8669532]]]}},{"type":"Feature","properties":{"category":"building","building":"house","building:levels":"1","house":"terrace","name":"B23 L16","block":"23","lot":"16","searchLabel":"B23 L16"},"geometry":{"type":"Polygon","coordinates":[[[121.2044538,13.8669532],[121.2044065,13.8669385],[121.2044268,13.8668771],[121.204474,13.8668918],[121.2044538,13.8669532]]]}},{"type":"Feature","properties":{"category":"building","building":"house","building:levels":"1","house":"terrace","name":"B23 L17","block":"23","lot":"17","searchLabel":"B23 L17"},"geometry":{"type":"Polygon","coordinates":[[[121.2043599,13.866924],[121.2044065,13.8669385],[121.2044268,13.8668771],[121.2043802,13.8668626],[121.2043599,13.866924]]]}},{"type":"Feature","properties":{"category":"building","building":"house","building:levels":"1","house":"terrace","name":"B23 L12","block":"23","lot":"12","searchLabel":"B23 L12"},"geometry":{"type":"Polygon","coordinates":[[[121.2046282,13.8670075],[121.2045853,13.8669941],[121.2046056,13.8669327],[121.2046485,13.8669461],[121.2046282,13.8670075]]]}},{"type":"Feature","properties":{"category":"building","building":"house","building:levels":"1","house":"terrace","name":"B23 L30","block":"23","lot":"30","searchLabel":"B23 L30"},"geometry":{"type":"Polygon","coordinates":[[[121.2043323,13.8668904],[121.2043187,13.8669316],[121.2042551,13.8669119],[121.2042687,13.8668706],[121.2043323,13.8668904]]]}},{"type":"Feature","properties":{"category":"building","building":"house","building:levels":"1","house":"terrace","name":"B23 L29","block":"23","lot":"29","searchLabel":"B23 L29"},"geometry":{"type":"Polygon","coordinates":[[[121.2043046,13.8669747],[121.2043187,13.8669316],[121.2042551,13.8669119],[121.204241,13.866955],[121.2043046,13.8669747]]]}},{"type":"Feature","properties":{"category":"building","building":"house","building:levels":"1","house":"terrace","name":"B23 L31","block":"23","lot":"31","searchLabel":"B23 L31"},"geometry":{"type":"Polygon","coordinates":[[[121.2043323,13.8668904],[121.2043463,13.8668479],[121.2042827,13.8668281],[121.2042687,13.8668706],[121.2043323,13.8668904]]]}},{"type":"Feature","properties":{"category":"building","building":"house","building:levels":"1","house":"terrace","name":"B23 L28","block":"23","lot":"28","searchLabel":"B23 L28"},"geometry":{"type":"Polygon","coordinates":[[[121.2043046,13.8669747],[121.2042911,13.8670156],[121.2042275,13.8669959],[121.204241,13.866955],[121.2043046,13.8669747]]]}},{"type":"Feature","properties":{"category":"building","building":"house","building:levels":"1","house":"terrace","name":"B23 L27","block":"23","lot":"27","searchLabel":"B23 L27"},"geometry":{"type":"Polygon","coordinates":[[[121.2042771,13.8670582],[121.2042911,13.8670156],[121.2042275,13.8669959],[121.2042135,13.8670385],[121.2042771,13.8670582]]]}},{"type":"Feature","properties":{"category":"building","building":"house","building:levels":"1","house":"terrace","name":"B23 L26","block":"23","lot":"26","searchLabel":"B23 L26"},"geometry":{"type":"Polygon","coordinates":[[[121.2042771,13.8670582],[121.2042621,13.8671038],[121.2041985,13.8670841],[121.2042135,13.8670385],[121.2042771,13.8670582]]]}},{"type":"Feature","properties":{"category":"building","building":"house","building:levels":"1","house":"terrace","name":"B23 L25","block":"23","lot":"25","searchLabel":"B23 L25"},"geometry":{"type":"Polygon","coordinates":[[[121.2042473,13.8671488],[121.2042621,13.8671038],[121.2041985,13.8670841],[121.2041837,13.8671291],[121.2042473,13.8671488]]]}},{"type":"Feature","properties":{"category":"building","building":"house","building:levels":"1","house":"terrace","name":"B23 L24","block":"23","lot":"24","searchLabel":"B23 L24"},"geometry":{"type":"Polygon","coordinates":[[[121.2042473,13.8671488],[121.2042321,13.8671952],[121.2041684,13.8671754],[121.2041837,13.8671291],[121.2042473,13.8671488]]]}},{"type":"Feature","properties":{"category":"building","building":"house","building:levels":"1","house":"terrace","name":"B23 L23","block":"23","lot":"23","searchLabel":"B23 L23"},"geometry":{"type":"Polygon","coordinates":[[[121.2042158,13.8672447],[121.2041521,13.867225],[121.2041684,13.8671754],[121.2042321,13.8671952],[121.2042158,13.8672447]]]}},{"type":"Feature","properties":{"category":"building","building":"house","building:levels":"1","house":"terrace","name":"B24 L14","block":"24","lot":"14","searchLabel":"B24 L14"},"geometry":{"type":"Polygon","coordinates":[[[121.2039913,13.8671717],[121.2040499,13.8671905],[121.2040655,13.8671445],[121.2040069,13.8671257],[121.2039913,13.8671717]]]}},{"type":"Feature","properties":{"category":"building","building":"house","building:levels":"1","house":"terrace","name":"B24 L15","block":"24","lot":"15","searchLabel":"B24 L15"},"geometry":{"type":"Polygon","coordinates":[[[121.2039757,13.8672176],[121.2039913,13.8671717],[121.2040499,13.8671905],[121.2040343,13.8672363],[121.2039757,13.8672176]]]}},{"type":"Feature","properties":{"category":"building","building":"house","building:levels":"1","house":"terrace","name":"B24 L16","block":"24","lot":"16","searchLabel":"B24 L16"},"geometry":{"type":"Polygon","coordinates":[[[121.2039602,13.8672632],[121.2040188,13.867282],[121.2040343,13.8672363],[121.2039757,13.8672176],[121.2039602,13.8672632]]]}},{"type":"Feature","properties":{"category":"building","building":"house","building:levels":"1","house":"terrace","name":"B24 L17","block":"24","lot":"17","searchLabel":"B24 L17"},"geometry":{"type":"Polygon","coordinates":[[[121.2039448,13.8673087],[121.2039602,13.8672632],[121.2040188,13.867282],[121.2040033,13.8673275],[121.2039448,13.8673087]]]}},{"type":"Feature","properties":{"category":"building","building":"house","building:levels":"1","house":"terrace","name":"B24 L18","block":"24","lot":"18","searchLabel":"B24 L18"},"geometry":{"type":"Polygon","coordinates":[[[121.2039293,13.8673542],[121.2039879,13.8673729],[121.2040033,13.8673275],[121.2039448,13.8673087],[121.2039293,13.8673542]]]}},{"type":"Feature","properties":{"category":"building","building":"house","building:levels":"1","house":"terrace","name":"B24 L19","block":"24","lot":"19","searchLabel":"B24 L19"},"geometry":{"type":"Polygon","coordinates":[[[121.203914,13.8673993],[121.2039293,13.8673542],[121.2039879,13.8673729],[121.2039725,13.8674181],[121.203914,13.8673993]]]}},{"type":"Feature","properties":{"category":"building","building":"house","building:levels":"1","house":"terrace","name":"B24 L20","block":"24","lot":"20","searchLabel":"B24 L20"},"geometry":{"type":"Polygon","coordinates":[[[121.2038987,13.8674444],[121.2039572,13.8674631],[121.2039725,13.8674181],[121.203914,13.8673993],[121.2038987,13.8674444]]]}},{"type":"Feature","properties":{"category":"building","building":"house","building:levels":"1","house":"terrace","name":"B24 L21","block":"24","lot":"21","searchLabel":"B24 L21"},"geometry":{"type":"Polygon","coordinates":[[[121.2038834,13.8674893],[121.2038987,13.8674444],[121.2039572,13.8674631],[121.2039419,13.8675081],[121.2038834,13.8674893]]]}},{"type":"Feature","properties":{"category":"building","building":"house","building:levels":"1","house":"terrace","name":"B24 L22","block":"24","lot":"22","searchLabel":"B24 L22"},"geometry":{"type":"Polygon","coordinates":[[[121.2038682,13.867534],[121.2039268,13.8675528],[121.2039419,13.8675081],[121.2038834,13.8674893],[121.2038682,13.867534]]]}},{"type":"Feature","properties":{"category":"building","building":"house","building:levels":"1","house":"terrace","name":"B24 L23","block":"24","lot":"23","searchLabel":"B24 L23"},"geometry":{"type":"Polygon","coordinates":[[[121.2038531,13.8675786],[121.2038682,13.867534],[121.2039268,13.8675528],[121.2039116,13.8675973],[121.2038531,13.8675786]]]}},{"type":"Feature","properties":{"category":"building","building":"house","building:levels":"1","house":"terrace","name":"B24 L24","block":"24","lot":"24","searchLabel":"B24 L24"},"geometry":{"type":"Polygon","coordinates":[[[121.2038531,13.8675786],[121.2039116,13.8675973],[121.2038965,13.8676418],[121.203838,13.867623],[121.2038531,13.8675786]]]}},{"type":"Feature","properties":{"category":"building","building":"house","building:levels":"1","house":"terrace","name":"B24 L13","block":"24","lot":"13","searchLabel":"B24 L13"},"geometry":{"type":"Polygon","coordinates":[[[121.2040069,13.8671257],[121.2040226,13.8670796],[121.2040812,13.8670983],[121.2040655,13.8671445],[121.2040069,13.8671257]]]}},{"type":"Feature","properties":{"category":"building","building":"house","building:levels":"1","house":"terrace","name":"B24 L25","block":"24","lot":"25","searchLabel":"B24 L25"},"geometry":{"type":"Polygon","coordinates":[[[121.2037761,13.8675534],[121.2038346,13.8675721],[121.2038195,13.8676166],[121.203761,13.8675978],[121.2037761,13.8675534]]]}},{"type":"Feature","properties":{"category":"building","building":"house","building:levels":"1","house":"terrace","name":"B24 L26","block":"24","lot":"26","searchLabel":"B24 L26"},"geometry":{"type":"Polygon","coordinates":[[[121.2037761,13.8675534],[121.2037912,13.8675088],[121.2038498,13.8675276],[121.2038346,13.8675721],[121.2037761,13.8675534]]]}},{"type":"Feature","properties":{"category":"building","building":"house","building:levels":"1","house":"terrace","name":"B24 L27","block":"24","lot":"27","searchLabel":"B24 L27"},"geometry":{"type":"Polygon","coordinates":[[[121.2037912,13.8675088],[121.2038498,13.8675276],[121.2038649,13.8674828],[121.2038064,13.8674641],[121.2037912,13.8675088]]]}},{"type":"Feature","properties":{"category":"building","building":"house","building:levels":"1","house":"terrace","name":"B24 L28","block":"24","lot":"28","searchLabel":"B24 L28"},"geometry":{"type":"Polygon","coordinates":[[[121.2038064,13.8674641],[121.2038217,13.8674192],[121.2038802,13.8674379],[121.2038649,13.8674828],[121.2038064,13.8674641]]]}},{"type":"Feature","properties":{"category":"building","building":"house","building:levels":"1","house":"terrace","name":"B24 L29","block":"24","lot":"29","searchLabel":"B24 L29"},"geometry":{"type":"Polygon","coordinates":[[[121.2038217,13.8674192],[121.2038802,13.8674379],[121.2038955,13.8673929],[121.203837,13.8673741],[121.2038217,13.8674192]]]}},{"type":"Feature","properties":{"category":"building","building":"house","building:levels":"1","house":"terrace","name":"B24 L30","block":"24","lot":"30","searchLabel":"B24 L30"},"geometry":{"type":"Polygon","coordinates":[[[121.203837,13.8673741],[121.2038523,13.867329],[121.2039109,13.8673477],[121.2038955,13.8673929],[121.203837,13.8673741]]]}},{"type":"Feature","properties":{"category":"building","building":"house","building:levels":"1","house":"terrace","name":"B24 L31","block":"24","lot":"31","searchLabel":"B24 L31"},"geometry":{"type":"Polygon","coordinates":[[[121.2038523,13.867329],[121.2039109,13.8673477],[121.2039263,13.8673023],[121.2038678,13.8672835],[121.2038523,13.867329]]]}},{"type":"Feature","properties":{"category":"building","building":"house","building:levels":"1","house":"terrace","name":"B24 L32","block":"24","lot":"32","searchLabel":"B24 L32"},"geometry":{"type":"Polygon","coordinates":[[[121.2038678,13.8672835],[121.2038832,13.867238],[121.2039418,13.8672568],[121.2039263,13.8673023],[121.2038678,13.8672835]]]}},{"type":"Feature","properties":{"category":"building","building":"house","building:levels":"1","house":"terrace","name":"B24 L33","block":"24","lot":"33","searchLabel":"B24 L33"},"geometry":{"type":"Polygon","coordinates":[[[121.2038832,13.867238],[121.2039418,13.8672568],[121.2039573,13.8672111],[121.2038987,13.8671924],[121.2038832,13.867238]]]}},{"type":"Feature","properties":{"category":"building","building":"house","building:levels":"1","house":"terrace","name":"B24 L34","block":"24","lot":"34","searchLabel":"B24 L34"},"geometry":{"type":"Polygon","coordinates":[[[121.2038987,13.8671924],[121.2039143,13.8671465],[121.2039729,13.8671653],[121.2039573,13.8672111],[121.2038987,13.8671924]]]}},{"type":"Feature","properties":{"category":"building","building":"house","building:levels":"1","house":"terrace","name":"B24 L35","block":"24","lot":"35","searchLabel":"B24 L35"},"geometry":{"type":"Polygon","coordinates":[[[121.2039143,13.8671465],[121.2039729,13.8671653],[121.2039885,13.8671193],[121.2039299,13.8671005],[121.2039143,13.8671465]]]}},{"type":"Feature","properties":{"category":"building","building":"house","building:levels":"1","house":"terrace","name":"B24 L36","block":"24","lot":"36","searchLabel":"B24 L36"},"geometry":{"type":"Polygon","coordinates":[[[121.2039299,13.8671005],[121.2039456,13.8670544],[121.2040042,13.8670731],[121.2039885,13.8671193],[121.2039299,13.8671005]]]}},{"type":"Feature","properties":{"category":"building","building":"house","building:levels":"1","house":"terrace","name":"B24 L11","block":"24","lot":"11","searchLabel":"B24 L11"},"geometry":{"type":"Polygon","coordinates":[[[121.2040663,13.8669394],[121.2041244,13.8669587],[121.2041072,13.8670076],[121.204049,13.8669883],[121.2040663,13.8669394]]]}},{"type":"Feature","properties":{"category":"building","building":"house","building:levels":"1","house":"terrace","name":"B24 L9","block":"24","lot":"9","searchLabel":"B24 L9"},"geometry":{"type":"Polygon","coordinates":[[[121.2040799,13.8669008],[121.204138,13.8669201],[121.2041527,13.8668784],[121.2040946,13.8668591],[121.2040799,13.8669008]]]}},{"type":"Feature","properties":{"category":"building","building":"house","building:levels":"1","house":"terrace","name":"B24 L10","block":"24","lot":"10","searchLabel":"B24 L10"},"geometry":{"type":"Polygon","coordinates":[[[121.2040663,13.8669394],[121.2040799,13.8669008],[121.204138,13.8669201],[121.2041244,13.8669587],[121.2040663,13.8669394]]]}},{"type":"Feature","properties":{"category":"building","building":"house","building:levels":"1","house":"terrace","name":"B24 L8","block":"24","lot":"8","searchLabel":"B24 L8"},"geometry":{"type":"Polygon","coordinates":[[[121.2040946,13.8668591],[121.2041089,13.8668182],[121.2041671,13.8668375],[121.2041527,13.8668784],[121.2040946,13.8668591]]]}},{"type":"Feature","properties":{"category":"building","building":"house","building:levels":"1","house":"terrace","name":"B24 L7","block":"24","lot":"7","searchLabel":"B24 L7"},"geometry":{"type":"Polygon","coordinates":[[[121.2041089,13.8668182],[121.2041671,13.8668375],[121.2041822,13.8667947],[121.2041239,13.8667756],[121.2041089,13.8668182]]]}},{"type":"Feature","properties":{"category":"building","building":"house","building:levels":"1","house":"terrace","name":"B24 L6","block":"24","lot":"6","searchLabel":"B24 L6"},"geometry":{"type":"Polygon","coordinates":[[[121.2041239,13.8667756],[121.2041407,13.8667273],[121.204199,13.8667464],[121.2041822,13.8667947],[121.2041239,13.8667756]]]}},{"type":"Feature","properties":{"category":"building","building":"house","building:levels":"1","house":"terrace","name":"B24 L5","block":"24","lot":"5","searchLabel":"B24 L5"},"geometry":{"type":"Polygon","coordinates":[[[121.2041407,13.8667273],[121.204199,13.8667464],[121.2042127,13.8667071],[121.2041544,13.866688],[121.2041407,13.8667273]]]}},{"type":"Feature","properties":{"category":"building","building":"house","building:levels":"1","house":"terrace","name":"B24 L4","block":"24","lot":"4","searchLabel":"B24 L4"},"geometry":{"type":"Polygon","coordinates":[[[121.2041544,13.866688],[121.2041717,13.8666382],[121.20423,13.8666573],[121.2042127,13.8667071],[121.2041544,13.866688]]]}},{"type":"Feature","properties":{"category":"building","building":"house","building:levels":"1","house":"terrace","name":"B24 L3","block":"24","lot":"3","searchLabel":"B24 L3"},"geometry":{"type":"Polygon","coordinates":[[[121.2041717,13.8666382],[121.20423,13.8666573],[121.2042458,13.866612],[121.2041874,13.8665929],[121.2041717,13.8666382]]]}},{"type":"Feature","properties":{"category":"building","building":"house","building:levels":"1","house":"terrace","name":"B24 L2","block":"24","lot":"2","searchLabel":"B24 L2"},"geometry":{"type":"Polygon","coordinates":[[[121.2041874,13.8665929],[121.2042032,13.8665476],[121.2042615,13.8665668],[121.2042458,13.866612],[121.2041874,13.8665929]]]}},{"type":"Feature","properties":{"category":"building","building":"house","building:levels":"1","house":"terrace","name":"B24 L12","block":"24","lot":"12","searchLabel":"B24 L12"},"geometry":{"type":"Polygon","coordinates":[[[121.204049,13.8669883],[121.2041072,13.8670076],[121.204089,13.8670594],[121.2040308,13.86704],[121.204049,13.8669883]]]}},{"type":"Feature","properties":{"category":"building","building":"house","building:levels":"1","house":"terrace","name":"B24 L44","block":"24","lot":"44","searchLabel":"B24 L44"},"geometry":{"type":"Polygon","coordinates":[[[121.2040603,13.8666959],[121.2041184,13.8667143],[121.2041369,13.8666593],[121.2040788,13.8666408],[121.2040603,13.8666959]]]}},{"type":"Feature","properties":{"category":"building","building":"house","building:levels":"1","house":"terrace","name":"B24 L43","block":"24","lot":"43","searchLabel":"B24 L43"},"geometry":{"type":"Polygon","coordinates":[[[121.2040438,13.8667447],[121.2040603,13.8666959],[121.2041184,13.8667143],[121.2041019,13.8667631],[121.2040438,13.8667447]]]}},{"type":"Feature","properties":{"category":"building","building":"house","building:levels":"1","house":"terrace","name":"B24 L42","block":"24","lot":"42","searchLabel":"B24 L42"},"geometry":{"type":"Polygon","coordinates":[[[121.2040293,13.8667878],[121.2040874,13.8668062],[121.2041019,13.8667631],[121.2040438,13.8667447],[121.2040293,13.8667878]]]}},{"type":"Feature","properties":{"category":"building","building":"house","building:levels":"1","house":"terrace","name":"B24 L41","block":"24","lot":"41","searchLabel":"B24 L41"},"geometry":{"type":"Polygon","coordinates":[[[121.2040154,13.8668291],[121.2040293,13.8667878],[121.2040874,13.8668062],[121.2040735,13.8668476],[121.2040154,13.8668291]]]}},{"type":"Feature","properties":{"category":"building","building":"house","building:levels":"1","house":"terrace","name":"B24 L40","block":"24","lot":"40","searchLabel":"B24 L40"},"geometry":{"type":"Polygon","coordinates":[[[121.2040011,13.8668714],[121.2040593,13.8668899],[121.2040735,13.8668476],[121.2040154,13.8668291],[121.2040011,13.8668714]]]}},{"type":"Feature","properties":{"category":"building","building":"house","building:levels":"1","house":"terrace","name":"B24 L39","block":"24","lot":"39","searchLabel":"B24 L39"},"geometry":{"type":"Polygon","coordinates":[[[121.203988,13.8669106],[121.2040011,13.8668714],[121.2040593,13.8668899],[121.2040461,13.866929],[121.203988,13.8669106]]]}},{"type":"Feature","properties":{"category":"building","building":"house","building:levels":"1","house":"terrace","name":"B24 L38","block":"24","lot":"38","searchLabel":"B24 L38"},"geometry":{"type":"Polygon","coordinates":[[[121.203988,13.8669106],[121.2040461,13.866929],[121.2040294,13.8669785],[121.2039713,13.8669601],[121.203988,13.8669106]]]}},{"type":"Feature","properties":{"category":"building","building":"house","building:levels":"1","house":"terrace","name":"B24 L37","block":"24","lot":"37","searchLabel":"B24 L37"},"geometry":{"type":"Polygon","coordinates":[[[121.2039713,13.8669601],[121.2040294,13.8669785],[121.2040111,13.8670329],[121.203953,13.8670144],[121.2039713,13.8669601]]]}},{"type":"Feature","properties":{"category":"building","building":"house","building:levels":"1","house":"terrace","name":"B24 L1","block":"24","lot":"1","searchLabel":"B24 L1"},"geometry":{"type":"Polygon","coordinates":[[[121.2042603,13.8665582],[121.2042783,13.8665032],[121.2042265,13.8664873],[121.2042086,13.8665423],[121.2042603,13.8665582]]]}},{"type":"Feature","properties":{"category":"building","building":"house","building:levels":"1","house":"terrace","name":"B24 L70","block":"24","lot":"70","searchLabel":"B24 L70"},"geometry":{"type":"Polygon","coordinates":[[[121.2042086,13.8665423],[121.204157,13.8665264],[121.2041749,13.8664714],[121.2042265,13.8664873],[121.2042086,13.8665423]]]}},{"type":"Feature","properties":{"category":"building","building":"house","building:levels":"1","house":"terrace","name":"B24 L69","block":"24","lot":"69","searchLabel":"B24 L69"},"geometry":{"type":"Polygon","coordinates":[[[121.204157,13.8665264],[121.2041749,13.8664714],[121.2041235,13.8664556],[121.2041055,13.8665105],[121.204157,13.8665264]]]}},{"type":"Feature","properties":{"category":"building","building":"house","building:levels":"1","house":"terrace","name":"B24 L68","block":"24","lot":"68","searchLabel":"B24 L68"},"geometry":{"type":"Polygon","coordinates":[[[121.2041055,13.8665105],[121.2040544,13.8664948],[121.2040723,13.8664398],[121.2041235,13.8664556],[121.2041055,13.8665105]]]}},{"type":"Feature","properties":{"category":"building","building":"house","building:levels":"1","house":"terrace","name":"B24 L67","block":"24","lot":"67","searchLabel":"B24 L67"},"geometry":{"type":"Polygon","coordinates":[[[121.2040544,13.8664948],[121.2040723,13.8664398],[121.2040213,13.8664241],[121.2040033,13.8664791],[121.2040544,13.8664948]]]}},{"type":"Feature","properties":{"category":"building","building":"house","building:levels":"1","house":"terrace","name":"B24 L66","block":"24","lot":"66","searchLabel":"B24 L66"},"geometry":{"type":"Polygon","coordinates":[[[121.2040033,13.8664791],[121.2039524,13.8664634],[121.2039704,13.8664085],[121.2040213,13.8664241],[121.2040033,13.8664791]]]}},{"type":"Feature","properties":{"category":"building","building":"house","building:levels":"1","house":"terrace","name":"B24 L65","block":"24","lot":"65","searchLabel":"B24 L65"},"geometry":{"type":"Polygon","coordinates":[[[121.2039524,13.8664634],[121.2039704,13.8664085],[121.2039197,13.8663928],[121.2039017,13.8664478],[121.2039524,13.8664634]]]}},{"type":"Feature","properties":{"category":"building","building":"house","building:levels":"1","house":"terrace","name":"B24 L64","block":"24","lot":"64","searchLabel":"B24 L64"},"geometry":{"type":"Polygon","coordinates":[[[121.2039017,13.8664478],[121.2038512,13.8664322],[121.2038691,13.8663773],[121.2039197,13.8663928],[121.2039017,13.8664478]]]}},{"type":"Feature","properties":{"category":"building","building":"house","building:levels":"1","house":"terrace","name":"B24 L59","block":"24","lot":"59","searchLabel":"B24 L59"},"geometry":{"type":"Polygon","coordinates":[[[121.20366,13.8663712],[121.2036151,13.8663573],[121.203633,13.866303],[121.2036779,13.8663169],[121.20366,13.8663712]]]}},{"type":"Feature","properties":{"category":"building","building":"house","building:levels":"1","house":"terrace","name":"B24 L60","block":"24","lot":"60","searchLabel":"B24 L60"},"geometry":{"type":"Polygon","coordinates":[[[121.2037047,13.8663852],[121.2037226,13.8663308],[121.2036779,13.8663169],[121.20366,13.8663712],[121.2037047,13.8663852]]]}},{"type":"Feature","properties":{"category":"building","building":"house","building:levels":"1","house":"terrace","name":"B24 L61","block":"24","lot":"61","searchLabel":"B24 L61"},"geometry":{"type":"Polygon","coordinates":[[[121.2037495,13.8663991],[121.2037047,13.8663852],[121.2037226,13.8663308],[121.2037675,13.8663447],[121.2037495,13.8663991]]]}},{"type":"Feature","properties":{"category":"building","building":"house","building:levels":"1","house":"terrace","name":"B24 L62","block":"24","lot":"62","searchLabel":"B24 L62"},"geometry":{"type":"Polygon","coordinates":[[[121.2037944,13.866413],[121.2038123,13.8663587],[121.2037675,13.8663447],[121.2037495,13.8663991],[121.2037944,13.866413]]]}},{"type":"Feature","properties":{"category":"building","building":"house","building:levels":"1","house":"terrace","name":"B24 L63","block":"24","lot":"63","searchLabel":"B24 L63"},"geometry":{"type":"Polygon","coordinates":[[[121.2038391,13.866427],[121.2037944,13.866413],[121.2038123,13.8663587],[121.2038571,13.8663726],[121.2038391,13.866427]]]}},{"type":"Feature","properties":{"category":"building","building":"house","building:levels":"1","house":"terrace","name":"B24 L72","block":"24","lot":"72","searchLabel":"B24 L72"},"geometry":{"type":"Polygon","coordinates":[[[121.204162,13.8666217],[121.2041124,13.8666063],[121.2041304,13.8665514],[121.20418,13.8665667],[121.204162,13.8666217]]]}},{"type":"Feature","properties":{"category":"building","building":"house","building:levels":"1","house":"terrace","name":"B24 L45","block":"24","lot":"45","searchLabel":"B24 L45"},"geometry":{"type":"Polygon","coordinates":[[[121.2041124,13.8666063],[121.2041304,13.8665514],[121.204081,13.8665362],[121.204063,13.8665911],[121.2041124,13.8666063]]]}},{"type":"Feature","properties":{"category":"building","building":"house","building:levels":"1","house":"terrace","name":"B24 L46","block":"24","lot":"46","searchLabel":"B24 L46"},"geometry":{"type":"Polygon","coordinates":[[[121.204063,13.8665911],[121.2040139,13.8665759],[121.2040319,13.866521],[121.204081,13.8665362],[121.204063,13.8665911]]]}},{"type":"Feature","properties":{"category":"building","building":"house","building:levels":"1","house":"terrace","name":"B24 L47","block":"24","lot":"47","searchLabel":"B24 L47"},"geometry":{"type":"Polygon","coordinates":[[[121.2040139,13.8665759],[121.2040319,13.866521],[121.2039829,13.8665059],[121.2039649,13.8665608],[121.2040139,13.8665759]]]}},{"type":"Feature","properties":{"category":"building","building":"house","building:levels":"1","house":"terrace","name":"B24 L48","block":"24","lot":"48","searchLabel":"B24 L48"},"geometry":{"type":"Polygon","coordinates":[[[121.2039649,13.8665608],[121.2039162,13.8665457],[121.2039341,13.8664908],[121.2039829,13.8665059],[121.2039649,13.8665608]]]}},{"type":"Feature","properties":{"category":"building","building":"house","building:levels":"1","house":"terrace","name":"B24 L49","block":"24","lot":"49","searchLabel":"B24 L49"},"geometry":{"type":"Polygon","coordinates":[[[121.2039162,13.8665457],[121.2039341,13.8664908],[121.2038856,13.8664758],[121.2038676,13.8665307],[121.2039162,13.8665457]]]}},{"type":"Feature","properties":{"category":"building","building":"house","building:levels":"1","house":"terrace","name":"B24 L50","block":"24","lot":"50","searchLabel":"B24 L50"},"geometry":{"type":"Polygon","coordinates":[[[121.2038676,13.8665307],[121.2038193,13.8665157],[121.2038373,13.8664608],[121.2038856,13.8664758],[121.2038676,13.8665307]]]}},{"type":"Feature","properties":{"category":"building","building":"house","building:levels":"1","house":"terrace","name":"B24 L51","block":"24","lot":"51","searchLabel":"B24 L51"},"geometry":{"type":"Polygon","coordinates":[[[121.2038041,13.866511],[121.2037587,13.8664976],[121.2037759,13.866443],[121.2038213,13.8664565],[121.2038041,13.866511]]]}},{"type":"Feature","properties":{"category":"building","building":"house","building:levels":"1","house":"terrace","name":"B24 L52","block":"24","lot":"52","searchLabel":"B24 L52"},"geometry":{"type":"Polygon","coordinates":[[[121.2037587,13.8664976],[121.2037759,13.866443],[121.2037305,13.8664295],[121.2037133,13.8664841],[121.2037587,13.8664976]]]}},{"type":"Feature","properties":{"category":"building","building":"house","building:levels":"1","house":"terrace","name":"B24 L53","block":"24","lot":"53","searchLabel":"B24 L53"},"geometry":{"type":"Polygon","coordinates":[[[121.2037133,13.8664841],[121.2036679,13.8664706],[121.2036851,13.866416],[121.2037305,13.8664295],[121.2037133,13.8664841]]]}},{"type":"Feature","properties":{"category":"building","building":"house","building:levels":"1","house":"terrace","name":"B24 L55","block":"24","lot":"55","searchLabel":"B24 L55"},"geometry":{"type":"Polygon","coordinates":[[[121.2036225,13.8664572],[121.2035772,13.8664437],[121.2035943,13.8663892],[121.2036397,13.8664026],[121.2036225,13.8664572]]]}},{"type":"Feature","properties":{"category":"building","building":"house","building:levels":"1","house":"terrace","name":"B24 L54","block":"24","lot":"54","searchLabel":"B24 L54"},"geometry":{"type":"Polygon","coordinates":[[[121.2036679,13.8664706],[121.2036851,13.866416],[121.2036397,13.8664026],[121.2036225,13.8664572],[121.2036679,13.8664706]]]}},{"type":"Feature","properties":{"category":"building","building":"house","building:levels":"1","house":"terrace","name":"B24 L58","block":"24","lot":"58","searchLabel":"B24 L58"},"geometry":{"type":"Polygon","coordinates":[[[121.2034864,13.8664169],[121.203441,13.8664034],[121.2034582,13.8663489],[121.2035036,13.8663623],[121.2034864,13.8664169]]]}},{"type":"Feature","properties":{"category":"building","building":"house","building:levels":"1","house":"terrace","name":"B24 L57","block":"24","lot":"57","searchLabel":"B24 L57"},"geometry":{"type":"Polygon","coordinates":[[[121.2035318,13.8664303],[121.2035489,13.8663757],[121.2035036,13.8663623],[121.2034864,13.8664169],[121.2035318,13.8664303]]]}},{"type":"Feature","properties":{"category":"building","building":"house","building:levels":"1","house":"terrace","name":"B24 L56","block":"24","lot":"56","searchLabel":"B24 L56"},"geometry":{"type":"Polygon","coordinates":[[[121.2035772,13.8664437],[121.2035318,13.8664303],[121.2035489,13.8663757],[121.2035943,13.8663892],[121.2035772,13.8664437]]]}},{"type":"Feature","properties":{"category":"building","building":"house","building:levels":"1","house":"terrace","block":null,"lot":null,"searchLabel":null},"geometry":{"type":"Polygon","coordinates":[[[121.2031223,13.8668944],[121.2031813,13.8669074],[121.2031705,13.866953],[121.2031115,13.86694],[121.2031223,13.8668944]]]}},{"type":"Feature","properties":{"category":"building","building":"house","building:levels":"1","house":"terrace","block":null,"lot":null,"searchLabel":null},"geometry":{"type":"Polygon","coordinates":[[[121.2031223,13.8668944],[121.2031331,13.8668484],[121.203192,13.8668614],[121.2031813,13.8669074],[121.2031223,13.8668944]]]}},{"type":"Feature","properties":{"category":"building","building":"house","building:levels":"1","house":"terrace","block":null,"lot":null,"searchLabel":null},"geometry":{"type":"Polygon","coordinates":[[[121.2031331,13.8668484],[121.203192,13.8668614],[121.203203,13.8668149],[121.2031439,13.8668019],[121.2031331,13.8668484]]]}},{"type":"Feature","properties":{"category":"building","building":"house","building:levels":"1","house":"terrace","block":null,"lot":null,"searchLabel":null},"geometry":{"type":"Polygon","coordinates":[[[121.2031439,13.8668019],[121.2031549,13.8667551],[121.203214,13.8667681],[121.203203,13.8668149],[121.2031439,13.8668019]]]}},{"type":"Feature","properties":{"category":"building","building":"house","building:levels":"1","house":"terrace","block":null,"lot":null,"searchLabel":null},"geometry":{"type":"Polygon","coordinates":[[[121.2031549,13.8667551],[121.203214,13.8667681],[121.203225,13.8667211],[121.203166,13.8667081],[121.2031549,13.8667551]]]}},{"type":"Feature","properties":{"category":"building","building":"house","building:levels":"1","house":"terrace","block":null,"lot":null,"searchLabel":null},"geometry":{"type":"Polygon","coordinates":[[[121.203166,13.8667081],[121.203177,13.8666606],[121.2032361,13.8666736],[121.203225,13.8667211],[121.203166,13.8667081]]]}},{"type":"Feature","properties":{"category":"building","building":"house","building:levels":"1","house":"terrace","block":null,"lot":null,"searchLabel":null},"geometry":{"type":"Polygon","coordinates":[[[121.203177,13.8666606],[121.2032361,13.8666736],[121.2032474,13.8666258],[121.2031883,13.8666127],[121.203177,13.8666606]]]}},{"type":"Feature","properties":{"category":"building","building":"house","building:levels":"1","house":"terrace","block":null,"lot":null,"searchLabel":null},"geometry":{"type":"Polygon","coordinates":[[[121.2031883,13.8666127],[121.2031996,13.8665644],[121.2032587,13.8665775],[121.2032474,13.8666258],[121.2031883,13.8666127]]]}},{"type":"Feature","properties":{"category":"building","building":"house","building:levels":"1","house":"terrace","block":null,"lot":null,"searchLabel":null},"geometry":{"type":"Polygon","coordinates":[[[121.2031996,13.8665644],[121.2032587,13.8665775],[121.20327,13.8665289],[121.203211,13.8665158],[121.2031996,13.8665644]]]}},{"type":"Feature","properties":{"category":"building","building":"house","building:levels":"1","house":"terrace","block":null,"lot":null,"searchLabel":null},"geometry":{"type":"Polygon","coordinates":[[[121.203211,13.8665158],[121.2032225,13.8664668],[121.2032815,13.8664799],[121.20327,13.8665289],[121.203211,13.8665158]]]}},{"type":"Feature","properties":{"category":"building","building":"house","building:levels":"1","house":"terrace","block":null,"lot":null,"searchLabel":null},"geometry":{"type":"Polygon","coordinates":[[[121.2029812,13.8674991],[121.2030404,13.8675121],[121.2030299,13.867558],[121.2029706,13.8675451],[121.2029812,13.8674991]]]}},{"type":"Feature","properties":{"category":"building","building":"house","building:levels":"1","house":"terrace","block":null,"lot":null,"searchLabel":null},"geometry":{"type":"Polygon","coordinates":[[[121.2029812,13.8674991],[121.2029919,13.8674532],[121.2030511,13.8674661],[121.2030404,13.8675121],[121.2029812,13.8674991]]]}},{"type":"Feature","properties":{"category":"building","building":"house","building:levels":"1","house":"terrace","block":null,"lot":null,"searchLabel":null},"geometry":{"type":"Polygon","coordinates":[[[121.2029919,13.8674532],[121.2030511,13.8674661],[121.2030618,13.8674202],[121.2030026,13.8674072],[121.2029919,13.8674532]]]}},{"type":"Feature","properties":{"category":"building","building":"house","building:levels":"1","house":"terrace","block":null,"lot":null,"searchLabel":null},"geometry":{"type":"Polygon","coordinates":[[[121.2030026,13.8674072],[121.2030132,13.8673613],[121.2030724,13.8673743],[121.2030618,13.8674202],[121.2030026,13.8674072]]]}},{"type":"Feature","properties":{"category":"building","building":"house","building:levels":"1","house":"terrace","block":null,"lot":null,"searchLabel":null},"geometry":{"type":"Polygon","coordinates":[[[121.2030132,13.8673613],[121.2030724,13.8673743],[121.2030831,13.8673283],[121.2030239,13.8673155],[121.2030132,13.8673613]]]}},{"type":"Feature","properties":{"category":"building","building":"house","building:levels":"1","house":"terrace","block":null,"lot":null,"searchLabel":null},"geometry":{"type":"Polygon","coordinates":[[[121.2030239,13.8673155],[121.2030345,13.8672695],[121.2030937,13.8672823],[121.2030831,13.8673283],[121.2030239,13.8673155]]]}},{"type":"Feature","properties":{"category":"building","building":"house","building:levels":"1","house":"terrace","block":null,"lot":null,"searchLabel":null},"geometry":{"type":"Polygon","coordinates":[[[121.2030345,13.8672695],[121.2030937,13.8672823],[121.2031043,13.8672365],[121.2030451,13.8672236],[121.2030345,13.8672695]]]}},{"type":"Feature","properties":{"category":"building","building":"house","building:levels":"1","house":"terrace","block":null,"lot":null,"searchLabel":null},"geometry":{"type":"Polygon","coordinates":[[[121.2030451,13.8672236],[121.2030557,13.8671776],[121.2031149,13.8671906],[121.2031043,13.8672365],[121.2030451,13.8672236]]]}},{"type":"Feature","properties":{"category":"building","building":"house","building:levels":"1","house":"terrace","block":null,"lot":null,"searchLabel":null},"geometry":{"type":"Polygon","coordinates":[[[121.2030557,13.8671776],[121.2031149,13.8671906],[121.2031255,13.8671447],[121.2030663,13.8671317],[121.2030557,13.8671776]]]}},{"type":"Feature","properties":{"category":"building","building":"house","building:levels":"1","house":"terrace","block":null,"lot":null,"searchLabel":null},"geometry":{"type":"Polygon","coordinates":[[[121.2030663,13.8671317],[121.203077,13.8670857],[121.2031362,13.8670988],[121.2031255,13.8671447],[121.2030663,13.8671317]]]}},{"type":"Feature","properties":{"category":"building","building":"house","building:levels":"1","house":"terrace","block":null,"lot":null,"searchLabel":null},"geometry":{"type":"Polygon","coordinates":[[[121.2030983,13.8669939],[121.2031088,13.866948],[121.203168,13.8669609],[121.2031575,13.8670069],[121.2030983,13.8669939]]]}},{"type":"Feature","properties":{"category":"building","building":"house","building:levels":"1","house":"terrace","block":null,"lot":null,"searchLabel":null},"geometry":{"type":"Polygon","coordinates":[[[121.2030876,13.8670399],[121.2031468,13.8670528],[121.2031575,13.8670069],[121.2030983,13.8669939],[121.2030876,13.8670399]]]}},{"type":"Feature","properties":{"category":"building","building":"house","building:levels":"1","house":"terrace","block":null,"lot":null,"searchLabel":null},"geometry":{"type":"Polygon","coordinates":[[[121.203077,13.8670857],[121.2030876,13.8670399],[121.2031468,13.8670528],[121.2031362,13.8670988],[121.203077,13.8670857]]]}},{"type":"Feature","properties":{"category":"building","building":"house","building:levels":"1","house":"terrace","block":null,"lot":null,"searchLabel":null},"geometry":{"type":"Polygon","coordinates":[[[121.2031447,13.8675239],[121.2031296,13.8675809],[121.2030831,13.8675693],[121.2030982,13.8675123],[121.2031447,13.8675239]]]}},{"type":"Feature","properties":{"category":"building","building":"house","building:levels":"1","house":"terrace","block":null,"lot":null,"searchLabel":null},"geometry":{"type":"Polygon","coordinates":[[[121.2031447,13.8675239],[121.2031912,13.8675355],[121.2031761,13.8675925],[121.2031296,13.8675809],[121.2031447,13.8675239]]]}},{"type":"Feature","properties":{"category":"building","building":"house","building:levels":"1","house":"terrace","block":null,"lot":null,"searchLabel":null},"geometry":{"type":"Polygon","coordinates":[[[121.2031912,13.8675355],[121.2031761,13.8675925],[121.2032225,13.8676041],[121.2032376,13.8675471],[121.2031912,13.8675355]]]}},{"type":"Feature","properties":{"category":"building","building":"house","building:levels":"1","house":"terrace","block":null,"lot":null,"searchLabel":null},"geometry":{"type":"Polygon","coordinates":[[[121.2032376,13.8675471],[121.2032841,13.8675587],[121.203269,13.8676157],[121.2032225,13.8676041],[121.2032376,13.8675471]]]}},{"type":"Feature","properties":{"category":"building","building":"house","building:levels":"1","house":"terrace","block":null,"lot":null,"searchLabel":null},"geometry":{"type":"Polygon","coordinates":[[[121.2032841,13.8675587],[121.203269,13.8676157],[121.2033154,13.8676273],[121.2033305,13.8675703],[121.2032841,13.8675587]]]}},{"type":"Feature","properties":{"category":"building","building":"house","building:levels":"1","house":"terrace","block":null,"lot":null,"searchLabel":null},"geometry":{"type":"Polygon","coordinates":[[[121.2033305,13.8675703],[121.2033769,13.8675819],[121.2033618,13.8676389],[121.2033154,13.8676273],[121.2033305,13.8675703]]]}},{"type":"Feature","properties":{"category":"building","building":"house","building:levels":"1","house":"terrace","block":null,"lot":null,"searchLabel":null},"geometry":{"type":"Polygon","coordinates":[[[121.2033769,13.8675819],[121.2033618,13.8676389],[121.2034081,13.8676504],[121.2034232,13.8675934],[121.2033769,13.8675819]]]}},{"type":"Feature","properties":{"category":"building","building":"house","building:levels":"1","house":"terrace","block":null,"lot":null,"searchLabel":null},"geometry":{"type":"Polygon","coordinates":[[[121.2034883,13.86761],[121.2034731,13.8676669],[121.2034247,13.8676547],[121.2034399,13.8675978],[121.2034883,13.86761]]]}},{"type":"Feature","properties":{"category":"building","building":"house","building:levels":"1","house":"terrace","block":null,"lot":null,"searchLabel":null},"geometry":{"type":"Polygon","coordinates":[[[121.2034883,13.86761],[121.2035367,13.8676222],[121.2035216,13.8676791],[121.2034731,13.8676669],[121.2034883,13.86761]]]}},{"type":"Feature","properties":{"category":"building","building":"house","building:levels":"1","house":"terrace","block":null,"lot":null,"searchLabel":null},"geometry":{"type":"Polygon","coordinates":[[[121.2035367,13.8676222],[121.2035216,13.8676791],[121.20357,13.8676912],[121.2035852,13.8676344],[121.2035367,13.8676222]]]}},{"type":"Feature","properties":{"category":"building","building":"house","building:levels":"1","house":"terrace","block":null,"lot":null,"searchLabel":null},"geometry":{"type":"Polygon","coordinates":[[[121.2035852,13.8676344],[121.2036335,13.8676465],[121.2036183,13.8677034],[121.20357,13.8676912],[121.2035852,13.8676344]]]}},{"type":"Feature","properties":{"category":"building","building":"house","building:levels":"1","house":"terrace","block":null,"lot":null,"searchLabel":null},"geometry":{"type":"Polygon","coordinates":[[[121.2036335,13.8676465],[121.2036183,13.8677034],[121.2036666,13.8677155],[121.2036817,13.8676587],[121.2036335,13.8676465]]]}},{"type":"Feature","properties":{"category":"building","building":"house","building:levels":"1","house":"terrace","block":null,"lot":null,"searchLabel":null},"geometry":{"type":"Polygon","coordinates":[[[121.20373,13.8676708],[121.2037149,13.8677277],[121.2037631,13.8677398],[121.2037783,13.867683],[121.20373,13.8676708]]]}},{"type":"Feature","properties":{"category":"building","building":"house","building:levels":"1","house":"terrace","block":null,"lot":null,"searchLabel":null},"geometry":{"type":"Polygon","coordinates":[[[121.2036817,13.8676587],[121.20373,13.8676708],[121.2037149,13.8677277],[121.2036666,13.8677155],[121.2036817,13.8676587]]]}},{"type":"Feature","properties":{"category":"building","building":"house","building:levels":"1","house":"terrace","block":null,"lot":null,"searchLabel":null},"geometry":{"type":"Polygon","coordinates":[[[121.2037783,13.867683],[121.2038265,13.8676951],[121.2038113,13.8677519],[121.2037631,13.8677398],[121.2037783,13.867683]]]}},{"type":"Feature","properties":{"category":"building","building":"house","building:levels":"1","house":"terrace","block":null,"lot":null,"searchLabel":null},"geometry":{"type":"Polygon","coordinates":[[[121.2038265,13.8676951],[121.2038113,13.8677519],[121.2038595,13.867764],[121.2038747,13.8677072],[121.2038265,13.8676951]]]}},{"type":"Feature","properties":{"category":"road","highway":"residential","lanes":"2","oneway":"no","surface":"concrete"},"geometry":{"type":"LineString","coordinates":[[121.2030809,13.8674784],[121.2030596,13.8675567]]}},{"type":"Feature","properties":{"category":"cityblock","name":"Block 29","place":"city_block","block":"29"},"geometry":{"type":"Polygon","coordinates":[[[121.2039367,13.867688],[121.2041586,13.8677488],[121.2042031,13.8677618],[121.2041632,13.8678736],[121.2038936,13.8678019],[121.2039367,13.867688]]]}},{"type":"Feature","properties":{"category":"road","access":"private","highway":"residential","lanes":"1","oneway":"yes","surface":"concrete"},"geometry":{"type":"LineString","coordinates":[[121.2067023,13.8648501],[121.2066602,13.8648471],[121.2066217,13.8648443],[121.2065862,13.8648386],[121.2065484,13.8648309]]}},{"type":"Feature","properties":{"category":"building","building":"house","building:levels":"1","house":"terrace","block":null,"lot":null,"searchLabel":null},"geometry":{"type":"Polygon","coordinates":[[[121.2034215,13.8674648],[121.2034689,13.8674766],[121.2034533,13.8675353],[121.2034059,13.8675234],[121.2034215,13.8674648]]]}},{"type":"Feature","properties":{"category":"building","building":"house","building:levels":"1","house":"terrace","block":null,"lot":null,"searchLabel":null},"geometry":{"type":"Polygon","coordinates":[[[121.2033741,13.8674529],[121.2033585,13.8675116],[121.2034059,13.8675234],[121.2034215,13.8674648],[121.2033741,13.8674529]]]}},{"type":"Feature","properties":{"category":"building","building":"house","building:levels":"1","house":"terrace","block":null,"lot":null,"searchLabel":null},"geometry":{"type":"Polygon","coordinates":[[[121.2033268,13.8674411],[121.2033741,13.8674529],[121.2033585,13.8675116],[121.2033112,13.8674997],[121.2033268,13.8674411]]]}},{"type":"Feature","properties":{"category":"building","building":"house","building:levels":"1","house":"terrace","block":null,"lot":null,"searchLabel":null},"geometry":{"type":"Polygon","coordinates":[[[121.2032795,13.8674292],[121.203264,13.8674879],[121.2033112,13.8674997],[121.2033268,13.8674411],[121.2032795,13.8674292]]]}},{"type":"Feature","properties":{"category":"building","building":"house","building:levels":"1","house":"terrace","block":null,"lot":null,"searchLabel":null},"geometry":{"type":"Polygon","coordinates":[[[121.2032324,13.8674174],[121.2032795,13.8674292],[121.203264,13.8674879],[121.2032168,13.8674761],[121.2032324,13.8674174]]]}},{"type":"Feature","properties":{"category":"building","building":"house","building:levels":"1","house":"terrace","block":null,"lot":null,"searchLabel":null},"geometry":{"type":"Polygon","coordinates":[[[121.2031854,13.8674056],[121.2031698,13.8674643],[121.2032168,13.8674761],[121.2032324,13.8674174],[121.2031854,13.8674056]]]}},{"type":"Feature","properties":{"category":"building","building":"house","building:levels":"1","house":"terrace","block":null,"lot":null,"searchLabel":null},"geometry":{"type":"Polygon","coordinates":[[[121.2032485,13.8673407],[121.2032999,13.8673536],[121.2032843,13.8674124],[121.2032329,13.8673995],[121.2032485,13.8673407]]]}},{"type":"Feature","properties":{"category":"building","building":"house","building:levels":"1","house":"terrace","block":null,"lot":null,"searchLabel":null},"geometry":{"type":"Polygon","coordinates":[[[121.2033466,13.8673653],[121.2033934,13.8673771],[121.2033777,13.8674358],[121.203331,13.8674241],[121.2033466,13.8673653]]]}},{"type":"Feature","properties":{"category":"building","building":"house","building:levels":"1","house":"terrace","block":null,"lot":null,"searchLabel":null},"geometry":{"type":"Polygon","coordinates":[[[121.2033934,13.8673771],[121.2033777,13.8674358],[121.2034279,13.8674484],[121.2034436,13.8673897],[121.2033934,13.8673771]]]}},{"type":"Feature","properties":{"category":"building","building":"house","building:levels":"1","house":"terrace","block":null,"lot":null,"searchLabel":null},"geometry":{"type":"Polygon","coordinates":[[[121.2034436,13.8673897],[121.2034915,13.8674017],[121.2034758,13.8674605],[121.2034279,13.8674484],[121.2034436,13.8673897]]]}},{"type":"Feature","properties":{"category":"building","building":"house","building:levels":"1","house":"terrace","block":null,"lot":null,"searchLabel":null},"geometry":{"type":"Polygon","coordinates":[[[121.2032999,13.8673536],[121.2032843,13.8674124],[121.203331,13.8674241],[121.2033466,13.8673653],[121.2032999,13.8673536]]]}},{"type":"Feature","properties":{"category":"building","building":"house","building:levels":"1","house":"terrace","block":null,"lot":null,"searchLabel":null},"geometry":{"type":"Polygon","coordinates":[[[121.2033635,13.8671205],[121.2033742,13.8670763],[121.2033105,13.8670617],[121.2032997,13.867106],[121.2033635,13.8671205]]]}},{"type":"Feature","properties":{"category":"building","building":"house","building:levels":"1","house":"terrace","block":null,"lot":null,"searchLabel":null},"geometry":{"type":"Polygon","coordinates":[[[121.2033105,13.8670617],[121.2033218,13.8670148],[121.2033856,13.8670294],[121.2033742,13.8670763],[121.2033105,13.8670617]]]}},{"type":"Feature","properties":{"category":"building","building":"house","building:levels":"1","house":"terrace","block":null,"lot":null,"searchLabel":null},"geometry":{"type":"Polygon","coordinates":[[[121.2032892,13.8671494],[121.2032997,13.867106],[121.2033635,13.8671205],[121.203353,13.867164],[121.2032892,13.8671494]]]}},{"type":"Feature","properties":{"category":"building","building":"house","building:levels":"1","house":"terrace","block":null,"lot":null,"searchLabel":null},"geometry":{"type":"Polygon","coordinates":[[[121.2033413,13.8672121],[121.203353,13.867164],[121.2032892,13.8671494],[121.2032775,13.8671976],[121.2033413,13.8672121]]]}},{"type":"Feature","properties":{"category":"building","building":"house","building:levels":"1","house":"terrace","block":null,"lot":null,"searchLabel":null},"geometry":{"type":"Polygon","coordinates":[[[121.2032677,13.867238],[121.2032775,13.8671976],[121.2033413,13.8672121],[121.2033315,13.8672525],[121.2032677,13.867238]]]}},{"type":"Feature","properties":{"category":"building","building":"house","building:levels":"1","house":"terrace","block":null,"lot":null,"searchLabel":null},"geometry":{"type":"Polygon","coordinates":[[[121.2033209,13.8672962],[121.2033315,13.8672525],[121.2032677,13.867238],[121.2032571,13.8672817],[121.2033209,13.8672962]]]}},{"type":"Feature","properties":{"category":"building","building":"house","building:levels":"1","house":"terrace","block":null,"lot":null,"searchLabel":null},"geometry":{"type":"Polygon","coordinates":[[[121.2032458,13.8673282],[121.2032571,13.8672817],[121.2033209,13.8672962],[121.2033096,13.8673428],[121.2032458,13.8673282]]]}},{"type":"Feature","properties":{"category":"building","building":"house","building:levels":"1","house":"terrace","block":null,"lot":null,"searchLabel":null},"geometry":{"type":"Polygon","coordinates":[[[121.2032291,13.8670503],[121.2032404,13.8670034],[121.2033011,13.8670172],[121.2032898,13.8670642],[121.2032291,13.8670503]]]}},{"type":"Feature","properties":{"category":"building","building":"house","building:levels":"1","house":"terrace","block":null,"lot":null,"searchLabel":null},"geometry":{"type":"Polygon","coordinates":[[[121.2032172,13.8670996],[121.2032779,13.8671134],[121.2032898,13.8670642],[121.2032291,13.8670503],[121.2032172,13.8670996]]]}},{"type":"Feature","properties":{"category":"building","building":"house","building:levels":"1","house":"terrace","block":null,"lot":null,"searchLabel":null},"geometry":{"type":"Polygon","coordinates":[[[121.2032061,13.8671454],[121.2032172,13.8670996],[121.2032779,13.8671134],[121.2032668,13.8671592],[121.2032061,13.8671454]]]}},{"type":"Feature","properties":{"category":"building","building":"house","building:levels":"1","house":"terrace","block":null,"lot":null,"searchLabel":null},"geometry":{"type":"Polygon","coordinates":[[[121.203195,13.8671913],[121.2032557,13.8672051],[121.2032668,13.8671592],[121.2032061,13.8671454],[121.203195,13.8671913]]]}},{"type":"Feature","properties":{"category":"building","building":"house","building:levels":"1","house":"terrace","block":null,"lot":null,"searchLabel":null},"geometry":{"type":"Polygon","coordinates":[[[121.2031828,13.8672417],[121.203195,13.8671913],[121.2032557,13.8672051],[121.2032435,13.8672556],[121.2031828,13.8672417]]]}},{"type":"Feature","properties":{"category":"building","building":"house","building:levels":"1","house":"terrace","block":null,"lot":null,"searchLabel":null},"geometry":{"type":"Polygon","coordinates":[[[121.2031732,13.8672813],[121.2032339,13.8672951],[121.2032435,13.8672556],[121.2031828,13.8672417],[121.2031732,13.8672813]]]}},{"type":"Feature","properties":{"category":"building","building":"house","building:levels":"1","house":"terrace","block":null,"lot":null,"searchLabel":null},"geometry":{"type":"Polygon","coordinates":[[[121.2031614,13.8673303],[121.2031732,13.8672813],[121.2032339,13.8672951],[121.203222,13.8673441],[121.2031614,13.8673303]]]}},{"type":"Feature","properties":{"category":"building","building":"house","building:levels":"1","house":"terrace","block":null,"lot":null,"searchLabel":null},"geometry":{"type":"Polygon","coordinates":[[[121.203151,13.8673734],[121.2032116,13.8673872],[121.203222,13.8673441],[121.2031614,13.8673303],[121.203151,13.8673734]]]}},{"type":"Feature","properties":{"category":"building","building":"house","building:levels":"1","house":"terrace","name":"B26 L17","block":"26","lot":"17","searchLabel":"B26 L17"},"geometry":{"type":"Polygon","coordinates":[[[121.2035363,13.8671688],[121.2035836,13.8671821],[121.2035661,13.8672407],[121.2035187,13.8672272],[121.2035363,13.8671688]]]}},{"type":"Feature","properties":{"category":"building","building":"house","building:levels":"1","house":"terrace","name":"B26 L18","block":"26","lot":"18","searchLabel":"B26 L18"},"geometry":{"type":"Polygon","coordinates":[[[121.2034866,13.8671547],[121.203469,13.8672133],[121.2035187,13.8672272],[121.2035363,13.8671688],[121.2034866,13.8671547]]]}},{"type":"Feature","properties":{"category":"building","building":"house","building:levels":"1","house":"terrace","name":"B26 L19","block":"26","lot":"19","searchLabel":"B26 L19"},"geometry":{"type":"Polygon","coordinates":[[[121.2034403,13.8671417],[121.2034866,13.8671547],[121.203469,13.8672133],[121.2034228,13.8672003],[121.2034403,13.8671417]]]}},{"type":"Feature","properties":{"category":"building","building":"house","building:levels":"1","house":"terrace","name":"B26 L20","block":"26","lot":"20","searchLabel":"B26 L20"},"geometry":{"type":"Polygon","coordinates":[[[121.2034436,13.867128],[121.2034596,13.8670645],[121.2035069,13.8670756],[121.2034909,13.8671392],[121.2034436,13.867128]]]}},{"type":"Feature","properties":{"category":"building","building":"house","building:levels":"1","house":"terrace","name":"B26 L21","block":"26","lot":"21","searchLabel":"B26 L21"},"geometry":{"type":"Polygon","coordinates":[[[121.2035378,13.8671502],[121.2034909,13.8671392],[121.2035069,13.8670756],[121.2035538,13.8670868],[121.2035378,13.8671502]]]}},{"type":"Feature","properties":{"category":"building","building":"house","building:levels":"1","house":"terrace","name":"B26 L22","block":"26","lot":"22","searchLabel":"B26 L22"},"geometry":{"type":"Polygon","coordinates":[[[121.2035378,13.8671502],[121.2035846,13.8671613],[121.2036004,13.8670979],[121.2035538,13.8670868],[121.2035378,13.8671502]]]}},{"type":"Feature","properties":{"category":"building","building":"house","building:levels":"1","house":"terrace","name":"B26 L23","block":"26","lot":"23","searchLabel":"B26 L23"},"geometry":{"type":"Polygon","coordinates":[[[121.2036308,13.8671722],[121.2035846,13.8671613],[121.2036004,13.8670979],[121.2036467,13.8671088],[121.2036308,13.8671722]]]}},{"type":"Feature","properties":{"category":"building","building":"house","building:levels":"1","house":"terrace","name":"B26 L24","block":"26","lot":"24","searchLabel":"B26 L24"},"geometry":{"type":"Polygon","coordinates":[[[121.2036308,13.8671722],[121.2036767,13.8671831],[121.2036927,13.8671197],[121.2036467,13.8671088],[121.2036308,13.8671722]]]}},{"type":"Feature","properties":{"category":"building","building":"house","building:levels":"1","house":"terrace","name":"B26 L25","block":"26","lot":"25","searchLabel":"B26 L25"},"geometry":{"type":"Polygon","coordinates":[[[121.2037224,13.8671939],[121.2036767,13.8671831],[121.2036927,13.8671197],[121.2037384,13.8671305],[121.2037224,13.8671939]]]}},{"type":"Feature","properties":{"category":"building","building":"house","building:levels":"1","house":"terrace","name":"B26 L16","block":"26","lot":"16","searchLabel":"B26 L16"},"geometry":{"type":"Polygon","coordinates":[[[121.2036326,13.8672411],[121.2036481,13.8671954],[121.2037073,13.8672144],[121.2036918,13.8672602],[121.2036326,13.8672411]]]}},{"type":"Feature","properties":{"category":"building","building":"house","building:levels":"1","house":"terrace","name":"B26 L15","block":"26","lot":"15","searchLabel":"B26 L15"},"geometry":{"type":"Polygon","coordinates":[[[121.2036162,13.867289],[121.2036754,13.8673081],[121.2036918,13.8672602],[121.2036326,13.8672411],[121.2036162,13.867289]]]}},{"type":"Feature","properties":{"category":"building","building":"house","building:levels":"1","house":"terrace","name":"B26 L14","block":"26","lot":"14","searchLabel":"B26 L14"},"geometry":{"type":"Polygon","coordinates":[[[121.2036009,13.8673337],[121.2036162,13.867289],[121.2036754,13.8673081],[121.2036602,13.8673527],[121.2036009,13.8673337]]]}},{"type":"Feature","properties":{"category":"building","building":"house","building:levels":"1","house":"terrace","name":"B26 L13","block":"26","lot":"13","searchLabel":"B26 L13"},"geometry":{"type":"Polygon","coordinates":[[[121.2035857,13.8673782],[121.203645,13.8673972],[121.2036602,13.8673527],[121.2036009,13.8673337],[121.2035857,13.8673782]]]}},{"type":"Feature","properties":{"category":"building","building":"house","building:levels":"1","house":"terrace","name":"B26 L12","block":"26","lot":"12","searchLabel":"B26 L12"},"geometry":{"type":"Polygon","coordinates":[[[121.203569,13.8674272],[121.2035857,13.8673782],[121.203645,13.8673972],[121.2036282,13.8674463],[121.203569,13.8674272]]]}},{"type":"Feature","properties":{"category":"building","building":"house","building:levels":"1","house":"terrace","name":"B26 L11","block":"26","lot":"11","searchLabel":"B26 L11"},"geometry":{"type":"Polygon","coordinates":[[[121.2035558,13.8674658],[121.2036151,13.8674849],[121.2036282,13.8674463],[121.203569,13.8674272],[121.2035558,13.8674658]]]}},{"type":"Feature","properties":{"category":"building","building":"house","building:levels":"1","house":"terrace","name":"B26 L10","block":"26","lot":"10","searchLabel":"B26 L10"},"geometry":{"type":"Polygon","coordinates":[[[121.2035397,13.8675135],[121.2035558,13.8674658],[121.2036151,13.8674849],[121.2035988,13.8675325],[121.2035397,13.8675135]]]}},{"type":"Feature","properties":{"category":"building","building":"house","building:levels":"1","house":"terrace","name":"B26 L1","block":"26","lot":"1","searchLabel":"B26 L1"},"geometry":{"type":"Polygon","coordinates":[[[121.2037367,13.8671877],[121.2037525,13.8671425],[121.2038112,13.8671618],[121.2037954,13.8672069],[121.2037367,13.8671877]]]}},{"type":"Feature","properties":{"category":"building","building":"house","building:levels":"1","house":"terrace","name":"B26 L3","block":"26","lot":"3","searchLabel":"B26 L3"},"geometry":{"type":"Polygon","coordinates":[[[121.2037055,13.8672776],[121.203721,13.8672327],[121.2037798,13.867252],[121.2037642,13.8672969],[121.2037055,13.8672776]]]}},{"type":"Feature","properties":{"category":"building","building":"house","building:levels":"1","house":"terrace","name":"B26 L2","block":"26","lot":"2","searchLabel":"B26 L2"},"geometry":{"type":"Polygon","coordinates":[[[121.203721,13.8672327],[121.2037798,13.867252],[121.2037954,13.8672069],[121.2037367,13.8671877],[121.203721,13.8672327]]]}},{"type":"Feature","properties":{"category":"building","building":"house","building:levels":"1","house":"terrace","name":"B26 L4","block":"26","lot":"4","searchLabel":"B26 L4"},"geometry":{"type":"Polygon","coordinates":[[[121.2036899,13.8673223],[121.2037485,13.8673416],[121.2037642,13.8672969],[121.2037055,13.8672776],[121.2036899,13.8673223]]]}},{"type":"Feature","properties":{"category":"building","building":"house","building:levels":"1","house":"terrace","name":"B26 L5","block":"26","lot":"5","searchLabel":"B26 L5"},"geometry":{"type":"Polygon","coordinates":[[[121.2036743,13.8673668],[121.2036899,13.8673223],[121.2037485,13.8673416],[121.203733,13.867386],[121.2036743,13.8673668]]]}},{"type":"Feature","properties":{"category":"building","building":"house","building:levels":"1","house":"terrace","name":"B26 L6","block":"26","lot":"6","searchLabel":"B26 L6"},"geometry":{"type":"Polygon","coordinates":[[[121.2036588,13.8674112],[121.2037176,13.8674305],[121.203733,13.867386],[121.2036743,13.8673668],[121.2036588,13.8674112]]]}},{"type":"Feature","properties":{"category":"building","building":"house","building:levels":"1","house":"terrace","name":"B26 L7","block":"26","lot":"7","searchLabel":"B26 L7"},"geometry":{"type":"Polygon","coordinates":[[[121.2036435,13.8674554],[121.2036588,13.8674112],[121.2037176,13.8674305],[121.2037022,13.8674747],[121.2036435,13.8674554]]]}},{"type":"Feature","properties":{"category":"building","building":"house","building:levels":"1","house":"terrace","name":"B26 L8","block":"26","lot":"8","searchLabel":"B26 L8"},"geometry":{"type":"Polygon","coordinates":[[[121.2036281,13.8674996],[121.2036868,13.8675188],[121.2037022,13.8674747],[121.2036435,13.8674554],[121.2036281,13.8674996]]]}},{"type":"Feature","properties":{"category":"building","building":"house","building:levels":"1","house":"terrace","name":"B26 L9","block":"26","lot":"9","searchLabel":"B26 L9"},"geometry":{"type":"Polygon","coordinates":[[[121.2036129,13.8675435],[121.2036281,13.8674996],[121.2036868,13.8675188],[121.2036715,13.8675628],[121.2036129,13.8675435]]]}},{"type":"Feature","properties":{"category":"building","building":"house","building:levels":"1","house":"terrace","name":"B25 L21","block":"25","lot":"21","searchLabel":"B25 L21"},"geometry":{"type":"Polygon","coordinates":[[[121.203471,13.8669977],[121.2034866,13.8669341],[121.2035339,13.866945],[121.2035184,13.8670086],[121.203471,13.8669977]]]}},{"type":"Feature","properties":{"category":"building","building":"house","building:levels":"1","house":"terrace","name":"B25 L22","block":"25","lot":"22","searchLabel":"B25 L22"},"geometry":{"type":"Polygon","coordinates":[[[121.2035653,13.8670194],[121.2035184,13.8670086],[121.2035339,13.866945],[121.2035809,13.8669559],[121.2035653,13.8670194]]]}},{"type":"Feature","properties":{"category":"building","building":"house","building:levels":"1","house":"terrace","name":"B25 L23","block":"25","lot":"23","searchLabel":"B25 L23"},"geometry":{"type":"Polygon","coordinates":[[[121.2035653,13.8670194],[121.203612,13.8670302],[121.2036275,13.8669666],[121.2035809,13.8669559],[121.2035653,13.8670194]]]}},{"type":"Feature","properties":{"category":"building","building":"house","building:levels":"1","house":"terrace","name":"B25 L24","block":"25","lot":"24","searchLabel":"B25 L24"},"geometry":{"type":"Polygon","coordinates":[[[121.2036583,13.8670408],[121.203612,13.8670302],[121.2036275,13.8669666],[121.2036739,13.8669773],[121.2036583,13.8670408]]]}},{"type":"Feature","properties":{"category":"building","building":"house","building:levels":"1","house":"terrace","name":"B25 L26","block":"25","lot":"26","searchLabel":"B25 L26"},"geometry":{"type":"Polygon","coordinates":[[[121.2037502,13.867062],[121.2037045,13.8670515],[121.20372,13.8669879],[121.2037657,13.8669985],[121.2037502,13.867062]]]}},{"type":"Feature","properties":{"category":"building","building":"house","building:levels":"1","house":"terrace","name":"B25 L25","block":"25","lot":"25","searchLabel":"B25 L25"},"geometry":{"type":"Polygon","coordinates":[[[121.2036583,13.8670408],[121.2037045,13.8670515],[121.20372,13.8669879],[121.2036739,13.8669773],[121.2036583,13.8670408]]]}},{"type":"Feature","properties":{"category":"building","building":"house","building:levels":"1","house":"terrace","name":"B25 L20","block":"25","lot":"20","searchLabel":"B25 L20"},"geometry":{"type":"Polygon","coordinates":[[[121.2034947,13.8669107],[121.2035126,13.8668477],[121.2035595,13.8668601],[121.2035417,13.8669232],[121.2034947,13.8669107]]]}},{"type":"Feature","properties":{"category":"building","building":"house","building:levels":"1","house":"terrace","name":"B25 L19","block":"25","lot":"19","searchLabel":"B25 L19"},"geometry":{"type":"Polygon","coordinates":[[[121.2035882,13.8669356],[121.2035417,13.8669232],[121.2035595,13.8668601],[121.203606,13.8668726],[121.2035882,13.8669356]]]}},{"type":"Feature","properties":{"category":"building","building":"house","building:levels":"1","house":"terrace","name":"B25 L18","block":"25","lot":"18","searchLabel":"B25 L18"},"geometry":{"type":"Polygon","coordinates":[[[121.2035882,13.8669356],[121.2036344,13.8669479],[121.2036522,13.8668849],[121.203606,13.8668726],[121.2035882,13.8669356]]]}},{"type":"Feature","properties":{"category":"building","building":"house","building:levels":"1","house":"terrace","name":"B25 L17","block":"25","lot":"17","searchLabel":"B25 L17"},"geometry":{"type":"Polygon","coordinates":[[[121.2036803,13.8669601],[121.2036344,13.8669479],[121.2036522,13.8668849],[121.2036982,13.8668972],[121.2036803,13.8669601]]]}},{"type":"Feature","properties":{"category":"building","building":"house","building:levels":"1","house":"terrace","name":"B25 L16","block":"25","lot":"16","searchLabel":"B25 L16"},"geometry":{"type":"Polygon","coordinates":[[[121.2036803,13.8669601],[121.2037261,13.8669723],[121.2037439,13.8669093],[121.2036982,13.8668972],[121.2036803,13.8669601]]]}},{"type":"Feature","properties":{"category":"building","building":"house","building:levels":"1","house":"terrace","name":"B25 L15","block":"25","lot":"15","searchLabel":"B25 L15"},"geometry":{"type":"Polygon","coordinates":[[[121.2038226,13.8669088],[121.2037593,13.8668886],[121.2037759,13.8668396],[121.2038392,13.8668598],[121.2038226,13.8669088]]]}},{"type":"Feature","properties":{"category":"building","building":"house","building:levels":"1","house":"terrace","name":"B25 L14","block":"25","lot":"14","searchLabel":"B25 L14"},"geometry":{"type":"Polygon","coordinates":[[[121.2038553,13.8668122],[121.2038392,13.8668598],[121.2037759,13.8668396],[121.203792,13.866792],[121.2038553,13.8668122]]]}},{"type":"Feature","properties":{"category":"building","building":"house","building:levels":"1","house":"terrace","name":"B25 L13","block":"25","lot":"13","searchLabel":"B25 L13"},"geometry":{"type":"Polygon","coordinates":[[[121.2038553,13.8668122],[121.2038733,13.8667588],[121.20381,13.8667386],[121.203792,13.866792],[121.2038553,13.8668122]]]}},{"type":"Feature","properties":{"category":"building","building":"house","building:levels":"1","house":"terrace","name":"B25 L12","block":"25","lot":"12","searchLabel":"B25 L12"},"geometry":{"type":"Polygon","coordinates":[[[121.2038887,13.8667134],[121.2038733,13.8667588],[121.20381,13.8667386],[121.2038253,13.8666932],[121.2038887,13.8667134]]]}},{"type":"Feature","properties":{"category":"building","building":"house","building:levels":"1","house":"terrace","name":"B25 L10","block":"25","lot":"10","searchLabel":"B25 L10"},"geometry":{"type":"Polygon","coordinates":[[[121.2039169,13.8666299],[121.2039032,13.8666707],[121.2038398,13.8666505],[121.2038536,13.8666097],[121.2039169,13.8666299]]]}},{"type":"Feature","properties":{"category":"building","building":"house","building:levels":"1","house":"terrace","name":"B25 L11","block":"25","lot":"11","searchLabel":"B25 L11"},"geometry":{"type":"Polygon","coordinates":[[[121.2038887,13.8667134],[121.2039032,13.8666707],[121.2038398,13.8666505],[121.2038253,13.8666932],[121.2038887,13.8667134]]]}},{"type":"Feature","properties":{"category":"building","building":"house","building:levels":"1","house":"terrace","name":"B25 L9","block":"25","lot":"9","searchLabel":"B25 L9"},"geometry":{"type":"Polygon","coordinates":[[[121.2039344,13.8666345],[121.2039979,13.8666549],[121.203981,13.8667043],[121.2039176,13.8666839],[121.2039344,13.8666345]]]}},{"type":"Feature","properties":{"category":"building","building":"house","building:levels":"1","house":"terrace","name":"B25 L8","block":"25","lot":"8","searchLabel":"B25 L8"},"geometry":{"type":"Polygon","coordinates":[[[121.2039018,13.86673],[121.2039176,13.8666839],[121.203981,13.8667043],[121.2039652,13.8667504],[121.2039018,13.86673]]]}},{"type":"Feature","properties":{"category":"building","building":"house","building:levels":"1","house":"terrace","name":"B25 L7","block":"25","lot":"7","searchLabel":"B25 L7"},"geometry":{"type":"Polygon","coordinates":[[[121.2039018,13.86673],[121.2038865,13.8667749],[121.2039499,13.8667953],[121.2039652,13.8667504],[121.2039018,13.86673]]]}},{"type":"Feature","properties":{"category":"building","building":"house","building:levels":"1","house":"terrace","name":"B25 L6","block":"25","lot":"6","searchLabel":"B25 L6"},"geometry":{"type":"Polygon","coordinates":[[[121.203871,13.8668201],[121.2038865,13.8667749],[121.2039499,13.8667953],[121.2039344,13.8668406],[121.203871,13.8668201]]]}},{"type":"Feature","properties":{"category":"building","building":"house","building:levels":"1","house":"terrace","name":"B25 L5","block":"25","lot":"5","searchLabel":"B25 L5"},"geometry":{"type":"Polygon","coordinates":[[[121.203871,13.8668201],[121.2038565,13.8668626],[121.2039198,13.8668831],[121.2039344,13.8668406],[121.203871,13.8668201]]]}},{"type":"Feature","properties":{"category":"building","building":"house","building:levels":"1","house":"terrace","name":"B25 L4","block":"25","lot":"4","searchLabel":"B25 L4"},"geometry":{"type":"Polygon","coordinates":[[[121.2038426,13.8669033],[121.2038565,13.8668626],[121.2039198,13.8668831],[121.2039059,13.8669237],[121.2038426,13.8669033]]]}},{"type":"Feature","properties":{"category":"building","building":"house","building:levels":"1","house":"terrace","name":"B25 L3","block":"25","lot":"3","searchLabel":"B25 L3"},"geometry":{"type":"Polygon","coordinates":[[[121.2038426,13.8669033],[121.2038278,13.8669464],[121.2038912,13.8669668],[121.2039059,13.8669237],[121.2038426,13.8669033]]]}},{"type":"Feature","properties":{"category":"building","building":"house","building:levels":"1","house":"terrace","name":"B25 L2","block":"25","lot":"2","searchLabel":"B25 L2"},"geometry":{"type":"Polygon","coordinates":[[[121.2038138,13.8669875],[121.2038278,13.8669464],[121.2038912,13.8669668],[121.2038771,13.867008],[121.2038138,13.8669875]]]}},{"type":"Feature","properties":{"category":"building","building":"house","building:levels":"1","house":"terrace","name":"B25 L1","block":"25","lot":"1","searchLabel":"B25 L1"},"geometry":{"type":"Polygon","coordinates":[[[121.2038138,13.8669875],[121.2037993,13.8670298],[121.2038626,13.8670503],[121.2038771,13.867008],[121.2038138,13.8669875]]]}},{"type":"Feature","properties":{"category":"building","building":"house","building:levels":"1","house":"terrace","block":null,"lot":null,"searchLabel":null},"geometry":{"type":"Polygon","coordinates":[[[121.2032591,13.8669179],[121.2032487,13.8669642],[121.2033124,13.8669777],[121.2033228,13.8669314],[121.2032591,13.8669179]]]}},{"type":"Feature","properties":{"category":"building","building":"house","building:levels":"1","house":"terrace","block":null,"lot":null,"searchLabel":null},"geometry":{"type":"Polygon","coordinates":[[[121.2032591,13.8669179],[121.2032696,13.8668715],[121.2033332,13.866885],[121.2033228,13.8669314],[121.2032591,13.8669179]]]}},{"type":"Feature","properties":{"category":"building","building":"house","building:levels":"1","house":"terrace","block":null,"lot":null,"searchLabel":null},"geometry":{"type":"Polygon","coordinates":[[[121.20328,13.8668251],[121.2032696,13.8668715],[121.2033332,13.866885],[121.2033437,13.8668387],[121.20328,13.8668251]]]}},{"type":"Feature","properties":{"category":"building","building":"house","building:levels":"1","house":"terrace","block":null,"lot":null,"searchLabel":null},"geometry":{"type":"Polygon","coordinates":[[[121.20328,13.8668251],[121.2032904,13.8667788],[121.2033541,13.8667923],[121.2033437,13.8668387],[121.20328,13.8668251]]]}},{"type":"Feature","properties":{"category":"building","building":"house","building:levels":"1","house":"terrace","block":null,"lot":null,"searchLabel":null},"geometry":{"type":"Polygon","coordinates":[[[121.2033009,13.8667323],[121.2032904,13.8667788],[121.2033541,13.8667923],[121.2033646,13.8667458],[121.2033009,13.8667323]]]}},{"type":"Feature","properties":{"category":"building","building":"house","building:levels":"1","house":"terrace","block":null,"lot":null,"searchLabel":null},"geometry":{"type":"Polygon","coordinates":[[[121.2033009,13.8667323],[121.2033114,13.8666859],[121.2033751,13.8666994],[121.2033646,13.8667458],[121.2033009,13.8667323]]]}},{"type":"Feature","properties":{"category":"building","building":"house","building:levels":"1","house":"terrace","block":null,"lot":null,"searchLabel":null},"geometry":{"type":"Polygon","coordinates":[[[121.2033218,13.8666394],[121.2033114,13.8666859],[121.2033751,13.8666994],[121.2033856,13.8666529],[121.2033218,13.8666394]]]}},{"type":"Feature","properties":{"category":"building","building":"house","building:levels":"1","house":"terrace","block":null,"lot":null,"searchLabel":null},"geometry":{"type":"Polygon","coordinates":[[[121.2033218,13.8666394],[121.2033323,13.8665928],[121.203396,13.8666064],[121.2033856,13.8666529],[121.2033218,13.8666394]]]}},{"type":"Feature","properties":{"category":"building","building":"house","building:levels":"1","house":"terrace","block":null,"lot":null,"searchLabel":null},"geometry":{"type":"Polygon","coordinates":[[[121.2033428,13.8665463],[121.2034065,13.8665598],[121.203396,13.8666064],[121.2033323,13.8665928],[121.2033428,13.8665463]]]}},{"type":"Feature","properties":{"category":"building","building":"house","building:levels":"1","house":"terrace","block":null,"lot":null,"searchLabel":null},"geometry":{"type":"Polygon","coordinates":[[[121.2033378,13.8669363],[121.2033274,13.8669826],[121.2033911,13.8669961],[121.2034015,13.8669498],[121.2033378,13.8669363]]]}},{"type":"Feature","properties":{"category":"building","building":"house","building:levels":"1","house":"terrace","block":null,"lot":null,"searchLabel":null},"geometry":{"type":"Polygon","coordinates":[[[121.2033378,13.8669363],[121.2033483,13.8668899],[121.2034119,13.8669034],[121.2034015,13.8669498],[121.2033378,13.8669363]]]}},{"type":"Feature","properties":{"category":"building","building":"house","building:levels":"1","house":"terrace","block":null,"lot":null,"searchLabel":null},"geometry":{"type":"Polygon","coordinates":[[[121.2033587,13.8668435],[121.2033483,13.8668899],[121.2034119,13.8669034],[121.2034224,13.8668571],[121.2033587,13.8668435]]]}},{"type":"Feature","properties":{"category":"building","building":"house","building:levels":"1","house":"terrace","block":null,"lot":null,"searchLabel":null},"geometry":{"type":"Polygon","coordinates":[[[121.2033587,13.8668435],[121.2033691,13.8667972],[121.2034328,13.8668107],[121.2034224,13.8668571],[121.2033587,13.8668435]]]}},{"type":"Feature","properties":{"category":"building","building":"house","building:levels":"1","house":"terrace","block":null,"lot":null,"searchLabel":null},"geometry":{"type":"Polygon","coordinates":[[[121.2033796,13.8667507],[121.2033691,13.8667972],[121.2034328,13.8668107],[121.2034433,13.8667642],[121.2033796,13.8667507]]]}},{"type":"Feature","properties":{"category":"building","building":"house","building:levels":"1","house":"terrace","block":null,"lot":null,"searchLabel":null},"geometry":{"type":"Polygon","coordinates":[[[121.2033796,13.8667507],[121.2033901,13.8667043],[121.2034538,13.8667178],[121.2034433,13.8667642],[121.2033796,13.8667507]]]}},{"type":"Feature","properties":{"category":"building","building":"house","building:levels":"1","house":"terrace","block":null,"lot":null,"searchLabel":null},"geometry":{"type":"Polygon","coordinates":[[[121.2034005,13.8666578],[121.203411,13.8666112],[121.2034747,13.8666248],[121.2034643,13.8666713],[121.2034005,13.8666578]]]}},{"type":"Feature","properties":{"category":"building","building":"house","building:levels":"1","house":"terrace","block":null,"lot":null,"searchLabel":null},"geometry":{"type":"Polygon","coordinates":[[[121.2034005,13.8666578],[121.2033901,13.8667043],[121.2034538,13.8667178],[121.2034643,13.8666713],[121.2034005,13.8666578]]]}},{"type":"Feature","properties":{"category":"building","building":"house","building:levels":"1","house":"terrace","block":null,"lot":null,"searchLabel":null},"geometry":{"type":"Polygon","coordinates":[[[121.2034215,13.8665647],[121.2034852,13.8665782],[121.2034747,13.8666248],[121.203411,13.8666112],[121.2034215,13.8665647]]]}},{"type":"Feature","properties":{"category":"building","building":"house","building:levels":"1","house":"terrace","block":null,"lot":null,"searchLabel":null},"geometry":{"type":"Polygon","coordinates":[[[121.2035716,13.8666071],[121.2035233,13.866594],[121.2035056,13.8666552],[121.2035539,13.8666684],[121.2035716,13.8666071]]]}},{"type":"Feature","properties":{"category":"building","building":"house","building:levels":"1","house":"terrace","block":null,"lot":null,"searchLabel":null},"geometry":{"type":"Polygon","coordinates":[[[121.2035716,13.8666071],[121.2036198,13.8666203],[121.2036021,13.8666815],[121.2035539,13.8666684],[121.2035716,13.8666071]]]}},{"type":"Feature","properties":{"category":"building","building":"house","building:levels":"1","house":"terrace","block":null,"lot":null,"searchLabel":null},"geometry":{"type":"Polygon","coordinates":[[[121.2036679,13.8666334],[121.2036198,13.8666203],[121.2036021,13.8666815],[121.2036501,13.8666946],[121.2036679,13.8666334]]]}},{"type":"Feature","properties":{"category":"building","building":"house","building:levels":"1","house":"terrace","block":null,"lot":null,"searchLabel":null},"geometry":{"type":"Polygon","coordinates":[[[121.2036679,13.8666334],[121.2037161,13.8666466],[121.2036984,13.8667078],[121.2036501,13.8666946],[121.2036679,13.8666334]]]}},{"type":"Feature","properties":{"category":"building","building":"house","building:levels":"1","house":"terrace","block":null,"lot":null,"searchLabel":null},"geometry":{"type":"Polygon","coordinates":[[[121.2037643,13.8666598],[121.2037465,13.8667209],[121.2036984,13.8667078],[121.2037161,13.8666466],[121.2037643,13.8666598]]]}},{"type":"Feature","properties":{"category":"building","building":"house","building:levels":"1","house":"terrace","block":null,"lot":null,"searchLabel":null},"geometry":{"type":"Polygon","coordinates":[[[121.2034149,13.866478],[121.2033683,13.866464],[121.2033489,13.8665245],[121.2033956,13.8665386],[121.2034149,13.866478]]]}},{"type":"Feature","properties":{"category":"building","building":"house","building:levels":"1","house":"terrace","block":null,"lot":null,"searchLabel":null},"geometry":{"type":"Polygon","coordinates":[[[121.2034149,13.866478],[121.2034615,13.8664922],[121.2034423,13.8665526],[121.2033956,13.8665386],[121.2034149,13.866478]]]}},{"type":"Feature","properties":{"category":"building","building":"house","building:levels":"1","house":"terrace","block":null,"lot":null,"searchLabel":null},"geometry":{"type":"Polygon","coordinates":[[[121.2035082,13.8665062],[121.2034615,13.8664922],[121.2034423,13.8665526],[121.2034889,13.8665667],[121.2035082,13.8665062]]]}},{"type":"Feature","properties":{"category":"building","building":"house","building:levels":"1","house":"terrace","block":null,"lot":null,"searchLabel":null},"geometry":{"type":"Polygon","coordinates":[[[121.2035082,13.8665062],[121.203555,13.8665202],[121.2035356,13.8665807],[121.2034889,13.8665667],[121.2035082,13.8665062]]]}},{"type":"Feature","properties":{"category":"building","building":"house","building:levels":"1","house":"terrace","block":null,"lot":null,"searchLabel":null},"geometry":{"type":"Polygon","coordinates":[[[121.2036017,13.8665343],[121.203555,13.8665202],[121.2035356,13.8665807],[121.2035824,13.8665948],[121.2036017,13.8665343]]]}},{"type":"Feature","properties":{"category":"building","building":"house","building:levels":"1","house":"terrace","block":null,"lot":null,"searchLabel":null},"geometry":{"type":"Polygon","coordinates":[[[121.2036017,13.8665343],[121.2036485,13.8665483],[121.2036292,13.8666088],[121.2035824,13.8665948],[121.2036017,13.8665343]]]}},{"type":"Feature","properties":{"category":"building","building":"house","building:levels":"1","house":"terrace","block":null,"lot":null,"searchLabel":null},"geometry":{"type":"Polygon","coordinates":[[[121.2036953,13.8665624],[121.2036485,13.8665483],[121.2036292,13.8666088],[121.2036761,13.8666229],[121.2036953,13.8665624]]]}},{"type":"Feature","properties":{"category":"building","building":"house","building:levels":"1","house":"terrace","block":null,"lot":null,"searchLabel":null},"geometry":{"type":"Polygon","coordinates":[[[121.2036953,13.8665624],[121.2037421,13.8665765],[121.2037228,13.8666371],[121.2036761,13.8666229],[121.2036953,13.8665624]]]}},{"type":"Feature","properties":{"category":"building","building":"house","building:levels":"1","house":"terrace","block":null,"lot":null,"searchLabel":null},"geometry":{"type":"Polygon","coordinates":[[[121.2037891,13.8665907],[121.2037697,13.8666512],[121.2037228,13.8666371],[121.2037421,13.8665765],[121.2037891,13.8665907]]]}},{"type":"Feature","properties":{"category":"building","building":"house","building:levels":"1","house":"terrace","name":"B20 L44","block":"20","lot":"44","searchLabel":"B20 L44"},"geometry":{"type":"Polygon","coordinates":[[[121.2049937,13.8666761],[121.2050406,13.8666898],[121.2050615,13.8666219],[121.2050146,13.8666083],[121.2049937,13.8666761]]]}},{"type":"Feature","properties":{"category":"building","building":"house","building:levels":"1","house":"terrace","name":"B20 L43","block":"20","lot":"43","searchLabel":"B20 L43"},"geometry":{"type":"Polygon","coordinates":[[[121.2050406,13.8666898],[121.2050875,13.8667034],[121.2051084,13.8666356],[121.2050615,13.8666219],[121.2050406,13.8666898]]]}},{"type":"Feature","properties":{"category":"building","building":"house","building:levels":"1","house":"terrace","name":"B20 L42","block":"20","lot":"42","searchLabel":"B20 L42"},"geometry":{"type":"Polygon","coordinates":[[[121.2050875,13.8667034],[121.2051344,13.866717],[121.2051553,13.8666492],[121.2051084,13.8666356],[121.2050875,13.8667034]]]}},{"type":"Feature","properties":{"category":"building","building":"house","building:levels":"1","house":"terrace","name":"B20 L41","block":"20","lot":"41","searchLabel":"B20 L41"},"geometry":{"type":"Polygon","coordinates":[[[121.2051344,13.866717],[121.2051811,13.8667306],[121.2052021,13.8666629],[121.2051553,13.8666492],[121.2051344,13.866717]]]}},{"type":"Feature","properties":{"category":"building","building":"house","building:levels":"1","house":"terrace","name":"B20 L40","block":"20","lot":"40","searchLabel":"B20 L40"},"geometry":{"type":"Polygon","coordinates":[[[121.2051811,13.8667306],[121.2052279,13.8667443],[121.2052488,13.8666765],[121.2052021,13.8666629],[121.2051811,13.8667306]]]}},{"type":"Feature","properties":{"category":"building","building":"house","building:levels":"1","house":"terrace","name":"B20 L39","block":"20","lot":"39","searchLabel":"B20 L39"},"geometry":{"type":"Polygon","coordinates":[[[121.2052279,13.8667443],[121.2052746,13.8667579],[121.2052955,13.8666901],[121.2052488,13.8666765],[121.2052279,13.8667443]]]}},{"type":"Feature","properties":{"category":"building","building":"house","building:levels":"1","house":"terrace","name":"B20 L38","block":"20","lot":"38","searchLabel":"B20 L38"},"geometry":{"type":"Polygon","coordinates":[[[121.2052746,13.8667579],[121.2053212,13.8667714],[121.2053421,13.8667036],[121.2052955,13.8666901],[121.2052746,13.8667579]]]}},{"type":"Feature","properties":{"category":"building","building":"house","building:levels":"1","house":"terrace","name":"B20 L37","block":"20","lot":"37","searchLabel":"B20 L37"},"geometry":{"type":"Polygon","coordinates":[[[121.2053212,13.8667714],[121.2053679,13.8667849],[121.2053888,13.8667172],[121.2053421,13.8667036],[121.2053212,13.8667714]]]}},{"type":"Feature","properties":{"category":"building","building":"house","building:levels":"1","house":"terrace","name":"B20 L36","block":"20","lot":"36","searchLabel":"B20 L36"},"geometry":{"type":"Polygon","coordinates":[[[121.2053679,13.8667849],[121.2054145,13.8667986],[121.2054354,13.8667307],[121.2053888,13.8667172],[121.2053679,13.8667849]]]}},{"type":"Feature","properties":{"category":"building","building":"house","building:levels":"1","house":"terrace","name":"B20 L35","block":"20","lot":"35","searchLabel":"B20 L35"},"geometry":{"type":"Polygon","coordinates":[[[121.2054354,13.8667307],[121.2054819,13.8667442],[121.205461,13.8668121],[121.2054145,13.8667986],[121.2054354,13.8667307]]]}},{"type":"Feature","properties":{"category":"building","building":"house","building:levels":"1","name":"B20 L34","block":"20","lot":"34","searchLabel":"B20 L34"},"geometry":{"type":"Polygon","coordinates":[[[121.2055075,13.8668255],[121.2055283,13.8667578],[121.2054819,13.8667442],[121.205461,13.8668121],[121.2055075,13.8668255]]]}},{"type":"Feature","properties":{"category":"building","building":"house","building:levels":"1","house":"terrace","name":"B20 L33","block":"20","lot":"33","searchLabel":"B20 L33"},"geometry":{"type":"Polygon","coordinates":[[[121.2055075,13.8668255],[121.2055539,13.866839],[121.2055748,13.8667713],[121.2055283,13.8667578],[121.2055075,13.8668255]]]}},{"type":"Feature","properties":{"category":"building","building":"house","building:levels":"1","house":"terrace","name":"B3 L15","block":"3","lot":"15","searchLabel":"B3 L15"},"geometry":{"type":"Polygon","coordinates":[[[121.2051517,13.8643058],[121.2051783,13.8642649],[121.2052343,13.8642993],[121.2052076,13.8643402],[121.2051517,13.8643058]]]}},{"type":"Feature","properties":{"category":"building","building":"house","building:levels":"1","house":"terrace","name":"B3 L16","block":"3","lot":"16","searchLabel":"B3 L16"},"geometry":{"type":"Polygon","coordinates":[[[121.2051517,13.8643058],[121.2051266,13.8643441],[121.2051826,13.8643785],[121.2052076,13.8643402],[121.2051517,13.8643058]]]}},{"type":"Feature","properties":{"category":"building","building":"house","building:levels":"1","house":"terrace","name":"B3 L17","block":"3","lot":"17","searchLabel":"B3 L17"},"geometry":{"type":"Polygon","coordinates":[[[121.2051027,13.8643808],[121.2051266,13.8643441],[121.2051826,13.8643785],[121.2051586,13.8644152],[121.2051027,13.8643808]]]}},{"type":"Feature","properties":{"category":"building","building":"house","building:levels":"1","house":"terrace","name":"B3 L18","block":"3","lot":"18","searchLabel":"B3 L18"},"geometry":{"type":"Polygon","coordinates":[[[121.2051027,13.8643808],[121.2050774,13.8644196],[121.2051333,13.864454],[121.2051586,13.8644152],[121.2051027,13.8643808]]]}},{"type":"Feature","properties":{"category":"building","building":"house","building:levels":"1","house":"terrace","name":"B3 L19","block":"3","lot":"19","searchLabel":"B3 L19"},"geometry":{"type":"Polygon","coordinates":[[[121.2050532,13.8644567],[121.2050774,13.8644196],[121.2051333,13.864454],[121.2051091,13.8644911],[121.2050532,13.8644567]]]}},{"type":"Feature","properties":{"category":"building","building":"house","building:levels":"1","house":"terrace","name":"B3 L20","block":"3","lot":"20","searchLabel":"B3 L20"},"geometry":{"type":"Polygon","coordinates":[[[121.2050532,13.8644567],[121.2050283,13.8644949],[121.2050841,13.8645293],[121.2051091,13.8644911],[121.2050532,13.8644567]]]}},{"type":"Feature","properties":{"category":"building","building":"house","building:levels":"1","house":"terrace","name":"B3 L27","block":"3","lot":"27","searchLabel":"B3 L27"},"geometry":{"type":"Polygon","coordinates":[[[121.204873,13.864732],[121.2048479,13.8647699],[121.2049037,13.8648048],[121.2049288,13.864767],[121.204873,13.864732]]]}},{"type":"Feature","properties":{"category":"building","building":"house","building:levels":"1","house":"terrace","name":"B3 L26","block":"3","lot":"26","searchLabel":"B3 L26"},"geometry":{"type":"Polygon","coordinates":[[[121.204873,13.864732],[121.2048975,13.8646953],[121.2049533,13.8647302],[121.2049288,13.864767],[121.204873,13.864732]]]}},{"type":"Feature","properties":{"category":"building","building":"house","building:levels":"1","house":"terrace","name":"B3 L25","block":"3","lot":"25","searchLabel":"B3 L25"},"geometry":{"type":"Polygon","coordinates":[[[121.204923,13.8646568],[121.2048975,13.8646953],[121.2049533,13.8647302],[121.2049788,13.8646917],[121.204923,13.8646568]]]}},{"type":"Feature","properties":{"category":"building","building":"house","building:levels":"1","house":"terrace","name":"B3 L24","block":"3","lot":"24","searchLabel":"B3 L24"},"geometry":{"type":"Polygon","coordinates":[[[121.204923,13.8646568],[121.2049471,13.8646206],[121.2050029,13.8646555],[121.2049788,13.8646917],[121.204923,13.8646568]]]}},{"type":"Feature","properties":{"category":"building","building":"house","building:levels":"1","house":"terrace","name":"B3 L23","block":"3","lot":"23","searchLabel":"B3 L23"},"geometry":{"type":"Polygon","coordinates":[[[121.2049723,13.8645826],[121.2049471,13.8646206],[121.2050029,13.8646555],[121.2050281,13.8646175],[121.2049723,13.8645826]]]}},{"type":"Feature","properties":{"category":"building","building":"house","building:levels":"1","house":"terrace","name":"B3 L22","block":"3","lot":"22","searchLabel":"B3 L22"},"geometry":{"type":"Polygon","coordinates":[[[121.2049723,13.8645826],[121.2049991,13.8645421],[121.2050549,13.8645772],[121.2050281,13.8646175],[121.2049723,13.8645826]]]}},{"type":"Feature","properties":{"category":"building","building":"house","building:levels":"1","house":"terrace","name":"B3 L21","block":"3","lot":"21","searchLabel":"B3 L21"},"geometry":{"type":"Polygon","coordinates":[[[121.2050257,13.8645023],[121.2049991,13.8645421],[121.2050549,13.8645772],[121.2050815,13.8645372],[121.2050257,13.8645023]]]}},{"type":"Feature","properties":{"category":"building","building":"pavilion","building:levels":"1","name":"Ecoverde Homes Club House","block":null,"lot":null,"searchLabel":"Ecoverde Homes Club House"},"geometry":{"type":"Polygon","coordinates":[[[121.2047664,13.8650624],[121.2048545,13.8651198],[121.2049162,13.8650305],[121.2048281,13.8649731],[121.2047664,13.8650624]]]}},{"type":"Feature","properties":{"category":"building","building":"pavilion","building:levels":"1","name":"Left Wing","block":null,"lot":null,"searchLabel":"Left Wing"},"geometry":{"type":"Polygon","coordinates":[[[121.2048904,13.8649244],[121.2049328,13.8650188],[121.2050343,13.8649758],[121.2049919,13.8648815],[121.2048904,13.8649244]]]}},{"type":"Feature","properties":{"category":"building","building":"house","building:levels":"2","house":"semi-detached","name":"B5 L2","block":"5","lot":"2","searchLabel":"B5 L2"},"geometry":{"type":"Polygon","coordinates":[[[121.2059667,13.8649926],[121.2060177,13.865003],[121.2060342,13.8649263],[121.2059832,13.864916],[121.2059667,13.8649926]]]}},{"type":"Feature","properties":{"category":"building","building":"house","building:levels":"2","house":"semi-detached","name":"B5 L4","block":"5","lot":"4","searchLabel":"B5 L4"},"geometry":{"type":"Polygon","coordinates":[[[121.2059667,13.8649926],[121.2059128,13.8649816],[121.2059294,13.864905],[121.2059832,13.864916],[121.2059667,13.8649926]]]}},{"type":"Feature","properties":{"category":"building","building":"house","building:levels":"2","house":"semi-detached","name":"B5 L6","block":"5","lot":"6","searchLabel":"B5 L6"},"geometry":{"type":"Polygon","coordinates":[[[121.2058484,13.8649675],[121.2058994,13.8649778],[121.2059158,13.8649012],[121.2058647,13.8648909],[121.2058484,13.8649675]]]}},{"type":"Feature","properties":{"category":"building","building":"house","building:levels":"2","house":"semi-detached","name":"B5 L8","block":"5","lot":"8","searchLabel":"B5 L8"},"geometry":{"type":"Polygon","coordinates":[[[121.2058484,13.8649675],[121.2057945,13.8649567],[121.2058109,13.8648801],[121.2058647,13.8648909],[121.2058484,13.8649675]]]}},{"type":"Feature","properties":{"category":"building","building":"house","building:levels":"2","house":"semi-detached","name":"B5 L10","block":"5","lot":"10","searchLabel":"B5 L10"},"geometry":{"type":"Polygon","coordinates":[[[121.2057314,13.8649457],[121.2057824,13.864956],[121.2057988,13.8648793],[121.2057478,13.864869],[121.2057314,13.8649457]]]}},{"type":"Feature","properties":{"category":"building","building":"house","building:levels":"2","house":"semi-detached","name":"B5 L12","block":"5","lot":"12","searchLabel":"B5 L12"},"geometry":{"type":"Polygon","coordinates":[[[121.2057314,13.8649457],[121.2056774,13.8649348],[121.2056939,13.8648581],[121.2057478,13.864869],[121.2057314,13.8649457]]]}},{"type":"Feature","properties":{"category":"building","building":"house","building:levels":"2","house":"semi-detached","name":"B5 L13","block":"5","lot":"13","searchLabel":"B5 L13"},"geometry":{"type":"Polygon","coordinates":[[[121.2056322,13.8648269],[121.2056831,13.8648378],[121.2057006,13.8647614],[121.2056497,13.8647504],[121.2056322,13.8648269]]]}},{"type":"Feature","properties":{"category":"building","building":"house","building:levels":"2","house":"semi-detached","name":"B5 L15","block":"5","lot":"15","searchLabel":"B5 L15"},"geometry":{"type":"Polygon","coordinates":[[[121.2056322,13.8648269],[121.2055785,13.8648153],[121.205596,13.8647389],[121.2056497,13.8647504],[121.2056322,13.8648269]]]}},{"type":"Feature","properties":{"category":"building","building":"house","building:levels":"2","house":"semi-detached","name":"B5 L9","block":"5","lot":"9","searchLabel":"B5 L9"},"geometry":{"type":"Polygon","coordinates":[[[121.2057487,13.8648538],[121.2057995,13.8648648],[121.205817,13.8647883],[121.2057661,13.8647774],[121.2057487,13.8648538]]]}},{"type":"Feature","properties":{"category":"building","building":"house","building:levels":"2","house":"semi-detached","name":"B5 L11","block":"5","lot":"11","searchLabel":"B5 L11"},"geometry":{"type":"Polygon","coordinates":[[[121.2057487,13.8648538],[121.2056949,13.8648422],[121.2057124,13.8647658],[121.2057661,13.8647774],[121.2057487,13.8648538]]]}},{"type":"Feature","properties":{"category":"building","building":"house","building:levels":"2","house":"semi-detached","name":"B5 L5","block":"5","lot":"5","searchLabel":"B5 L5"},"geometry":{"type":"Polygon","coordinates":[[[121.205867,13.8648775],[121.2059179,13.8648885],[121.2059353,13.864812],[121.2058845,13.8648011],[121.205867,13.8648775]]]}},{"type":"Feature","properties":{"category":"building","building":"house","building:levels":"2","house":"semi-detached","name":"B5 L7","block":"5","lot":"7","searchLabel":"B5 L7"},"geometry":{"type":"Polygon","coordinates":[[[121.205867,13.8648775],[121.2058133,13.864866],[121.2058308,13.8647896],[121.2058845,13.8648011],[121.205867,13.8648775]]]}},{"type":"Feature","properties":{"category":"building","building":"house","building:levels":"2","house":"semi-detached","name":"B5 L1","block":"5","lot":"1","searchLabel":"B5 L1"},"geometry":{"type":"Polygon","coordinates":[[[121.205986,13.8649013],[121.206037,13.8649123],[121.2060544,13.8648358],[121.2060035,13.8648249],[121.205986,13.8649013]]]}},{"type":"Feature","properties":{"category":"building","building":"house","building:levels":"2","house":"semi-detached","name":"B5 L3","block":"5","lot":"3","searchLabel":"B5 L3"},"geometry":{"type":"Polygon","coordinates":[[[121.205986,13.8649013],[121.2059323,13.8648897],[121.2059497,13.8648133],[121.2060035,13.8648249],[121.205986,13.8649013]]]}},{"type":"Feature","properties":{"category":"building","building":"house","building:levels":"2","house":"semi-detached","name":"B5 L17","block":"5","lot":"17","searchLabel":"B5 L17"},"geometry":{"type":"Polygon","coordinates":[[[121.2055145,13.8648012],[121.2055654,13.8648121],[121.2055829,13.8647357],[121.205532,13.8647247],[121.2055145,13.8648012]]]}},{"type":"Feature","properties":{"category":"building","building":"house","building:levels":"2","house":"semi-detached","name":"B5 L19","block":"5","lot":"19","searchLabel":"B5 L19"},"geometry":{"type":"Polygon","coordinates":[[[121.2055145,13.8648012],[121.2054608,13.8647896],[121.2054783,13.8647132],[121.205532,13.8647247],[121.2055145,13.8648012]]]}},{"type":"Feature","properties":{"category":"building","building":"house","building:levels":"2","house":"semi-detached","name":"B5 L21","block":"5","lot":"21","searchLabel":"B5 L21"},"geometry":{"type":"Polygon","coordinates":[[[121.2053942,13.8647767],[121.2054451,13.8647877],[121.2054626,13.8647112],[121.2054116,13.8647003],[121.2053942,13.8647767]]]}},{"type":"Feature","properties":{"category":"building","building":"house","building:levels":"2","house":"semi-detached","name":"B5 L23","block":"5","lot":"23","searchLabel":"B5 L23"},"geometry":{"type":"Polygon","coordinates":[[[121.2053942,13.8647767],[121.2053405,13.8647652],[121.2053579,13.8646887],[121.2054116,13.8647003],[121.2053942,13.8647767]]]}},{"type":"Feature","properties":{"category":"building","building":"house","building:levels":"2","house":"semi-detached","name":"B5 L18","block":"5","lot":"18","searchLabel":"B5 L18"},"geometry":{"type":"Polygon","coordinates":[[[121.2054914,13.8648929],[121.2055423,13.8649039],[121.2055598,13.8648274],[121.2055089,13.8648165],[121.2054914,13.8648929]]]}},{"type":"Feature","properties":{"category":"building","building":"house","building:levels":"2","house":"semi-detached","name":"B5 L20","block":"5","lot":"20","searchLabel":"B5 L20"},"geometry":{"type":"Polygon","coordinates":[[[121.2054914,13.8648929],[121.2054377,13.8648813],[121.2054551,13.8648049],[121.2055089,13.8648165],[121.2054914,13.8648929]]]}},{"type":"Feature","properties":{"category":"building","building":"house","building:levels":"2","house":"semi-detached","name":"B1 L3","block":"1","lot":"3","searchLabel":"B1 L3"},"geometry":{"type":"Polygon","coordinates":[[[121.2061602,13.8649352],[121.2062114,13.8649449],[121.2062268,13.8648681],[121.2061756,13.8648584],[121.2061602,13.8649352]]]}},{"type":"Feature","properties":{"category":"building","building":"house","building:levels":"2","house":"semi-detached","name":"Model Unit","block":null,"lot":null,"searchLabel":"Model Unit"},"geometry":{"type":"Polygon","coordinates":[[[121.2061602,13.8649352],[121.2061062,13.864925],[121.2061216,13.8648482],[121.2061756,13.8648584],[121.2061602,13.8649352]]]}},{"type":"Feature","properties":{"category":"building","building":"house","building:levels":"2","house":"semi-detached","name":"B1 L1","block":"1","lot":"1","searchLabel":"B1 L1"},"geometry":{"type":"Polygon","coordinates":[[[121.2062811,13.8649586],[121.2063322,13.8649686],[121.2063481,13.8648919],[121.206297,13.8648819],[121.2062811,13.8649586]]]}},{"type":"Feature","properties":{"category":"building","building":"house","building:levels":"2","house":"semi-detached","name":"B1 L2","block":"1","lot":"2","searchLabel":"B1 L2"},"geometry":{"type":"Polygon","coordinates":[[[121.2062811,13.8649586],[121.2062272,13.8649481],[121.2062431,13.8648713],[121.206297,13.8648819],[121.2062811,13.8649586]]]}},{"type":"Feature","properties":{"category":"building","building":"house","building:levels":"2","house":"semi-detached","name":"B1 L6","block":"1","lot":"6","searchLabel":"B1 L6"},"geometry":{"type":"Polygon","coordinates":[[[121.206136,13.8650302],[121.2061871,13.86504],[121.2062028,13.8649632],[121.2061517,13.8649535],[121.206136,13.8650302]]]}},{"type":"Feature","properties":{"category":"building","building":"house","building:levels":"2","house":"semi-detached","name":"B1 L5","block":"1","lot":"5","searchLabel":"B1 L5"},"geometry":{"type":"Polygon","coordinates":[[[121.206136,13.8650302],[121.2060821,13.8650199],[121.2060976,13.8649431],[121.2061517,13.8649535],[121.206136,13.8650302]]]}},{"type":"Feature","properties":{"category":"building","building":"house","building:levels":"2","house":"semi-detached","name":"B1 L8","block":"1","lot":"8","searchLabel":"B1 L8"},"geometry":{"type":"Polygon","coordinates":[[[121.2062575,13.8650533],[121.2063086,13.8650628],[121.2063237,13.8649859],[121.2062726,13.8649764],[121.2062575,13.8650533]]]}},{"type":"Feature","properties":{"category":"building","building":"house","building:levels":"2","house":"semi-detached","name":"B1 L7","block":"1","lot":"7","searchLabel":"B1 L7"},"geometry":{"type":"Polygon","coordinates":[[[121.2062575,13.8650533],[121.2062034,13.8650433],[121.2062185,13.8649664],[121.2062726,13.8649764],[121.2062575,13.8650533]]]}},{"type":"Feature","properties":{"category":"building","building":"house","building:levels":"2","house":"semi-detached","name":"B1 L10","block":"1","lot":"10","searchLabel":"B1 L10"},"geometry":{"type":"Polygon","coordinates":[[[121.2063788,13.8650774],[121.2064315,13.8650873],[121.2064468,13.8650104],[121.2063942,13.8650005],[121.2063788,13.8650774]]]}},{"type":"Feature","properties":{"category":"building","building":"house","building:levels":"2","house":"semi-detached","name":"B1 L9","block":"1","lot":"9","searchLabel":"B1 L9"},"geometry":{"type":"Polygon","coordinates":[[[121.2063788,13.8650774],[121.2063262,13.8650675],[121.2063415,13.8649907],[121.2063942,13.8650005],[121.2063788,13.8650774]]]}},{"type":"Feature","properties":{"category":"building","building":"house","building:levels":"2","house":"semi-detached","name":"B6 L15","block":"6","lot":"15","searchLabel":"B6 L15"},"geometry":{"type":"Polygon","coordinates":[[[121.2056538,13.8653879],[121.2057037,13.8653977],[121.2057171,13.8653334],[121.2056672,13.8653236],[121.2056538,13.8653879]]]}},{"type":"Feature","properties":{"category":"building","building":"house","building:levels":"2","house":"semi-detached","name":"B6 L16","block":"6","lot":"16","searchLabel":"B6 L16"},"geometry":{"type":"Polygon","coordinates":[[[121.2056023,13.8653777],[121.2056157,13.8653135],[121.2056672,13.8653236],[121.2056538,13.8653879],[121.2056023,13.8653777]]]}},{"type":"Feature","properties":{"category":"building","building":"house","building:levels":"2","house":"semi-detached","name":"B6 L19","block":"6","lot":"19","searchLabel":"B6 L19"},"geometry":{"type":"Polygon","coordinates":[[[121.205409,13.8653384],[121.2054589,13.8653483],[121.2054723,13.865284],[121.2054224,13.8652742],[121.205409,13.8653384]]]}},{"type":"Feature","properties":{"category":"building","building":"house","building:levels":"2","house":"semi-detached","name":"B6 L20","block":"6","lot":"20","searchLabel":"B6 L20"},"geometry":{"type":"Polygon","coordinates":[[[121.2053574,13.8653283],[121.2053709,13.865264],[121.2054224,13.8652742],[121.205409,13.8653384],[121.2053574,13.8653283]]]}},{"type":"Feature","properties":{"category":"building","building":"house","building:levels":"2","house":"semi-detached","name":"B6 L14","block":"6","lot":"14","searchLabel":"B6 L14"},"geometry":{"type":"Polygon","coordinates":[[[121.2056388,13.865461],[121.2056887,13.8654709],[121.2057021,13.8654066],[121.2056522,13.8653968],[121.2056388,13.865461]]]}},{"type":"Feature","properties":{"category":"building","building":"house","building:levels":"2","house":"semi-detached","name":"B6 L13","block":"6","lot":"13","searchLabel":"B6 L13"},"geometry":{"type":"Polygon","coordinates":[[[121.2055873,13.8654509],[121.2056007,13.8653866],[121.2056522,13.8653968],[121.2056388,13.865461],[121.2055873,13.8654509]]]}},{"type":"Feature","properties":{"category":"building","building":"house","building:levels":"2","house":"semi-detached","name":"B6 L12","block":"6","lot":"12","searchLabel":"B6 L12"},"geometry":{"type":"Polygon","coordinates":[[[121.205516,13.865438],[121.2055659,13.8654479],[121.2055793,13.8653836],[121.2055294,13.8653738],[121.205516,13.865438]]]}},{"type":"Feature","properties":{"category":"building","building":"house","building:levels":"2","house":"semi-detached","name":"B6 L11","block":"6","lot":"11","searchLabel":"B6 L11"},"geometry":{"type":"Polygon","coordinates":[[[121.2054645,13.8654279],[121.2054779,13.8653636],[121.2055294,13.8653738],[121.205516,13.865438],[121.2054645,13.8654279]]]}},{"type":"Feature","properties":{"category":"building","building":"house","building:levels":"2","house":"semi-detached","name":"B6 L10","block":"6","lot":"10","searchLabel":"B6 L10"},"geometry":{"type":"Polygon","coordinates":[[[121.2053887,13.8654142],[121.2054386,13.865424],[121.205452,13.8653597],[121.2054021,13.8653499],[121.2053887,13.8654142]]]}},{"type":"Feature","properties":{"category":"building","building":"house","building:levels":"2","house":"semi-detached","name":"B6 L9","block":"6","lot":"9","searchLabel":"B6 L9"},"geometry":{"type":"Polygon","coordinates":[[[121.2053371,13.865404],[121.2053506,13.8653398],[121.2054021,13.8653499],[121.2053887,13.8654142],[121.2053371,13.865404]]]}},{"type":"Feature","properties":{"category":"building","building":"house","building:levels":"2","house":"semi-detached","name":"B6 L8","block":"6","lot":"8","searchLabel":"B6 L8"},"geometry":{"type":"Polygon","coordinates":[[[121.2052641,13.8653895],[121.205314,13.8653993],[121.2053274,13.865335],[121.2052775,13.8653252],[121.2052641,13.8653895]]]}},{"type":"Feature","properties":{"category":"building","building":"house","building:levels":"2","house":"semi-detached","name":"B6 L7","block":"6","lot":"7","searchLabel":"B6 L7"},"geometry":{"type":"Polygon","coordinates":[[[121.2052126,13.8653793],[121.205226,13.8653151],[121.2052775,13.8653252],[121.2052641,13.8653895],[121.2052126,13.8653793]]]}},{"type":"Feature","properties":{"category":"building","building":"house","building:levels":"2","house":"semi-detached","name":"B6 L21","block":"6","lot":"21","searchLabel":"B6 L21"},"geometry":{"type":"Polygon","coordinates":[[[121.2054225,13.8651382],[121.2053962,13.8651815],[121.2054544,13.8652147],[121.2054807,13.8651714],[121.2054225,13.8651382]]]}},{"type":"Feature","properties":{"category":"building","building":"house","building:levels":"2","house":"semi-detached","name":"B6 L22","block":"6","lot":"22","searchLabel":"B6 L22"},"geometry":{"type":"Polygon","coordinates":[[[121.2054487,13.8650949],[121.2055069,13.8651281],[121.2054807,13.8651714],[121.2054225,13.8651382],[121.2054487,13.8650949]]]}},{"type":"Feature","properties":{"category":"building","building":"house","building:levels":"2","house":"semi-detached","name":"B6 L24","block":"6","lot":"24","searchLabel":"B6 L24"},"geometry":{"type":"Polygon","coordinates":[[[121.2055456,13.8650654],[121.2055718,13.865022],[121.2055135,13.8649889],[121.2054874,13.8650323],[121.2055456,13.8650654]]]}},{"type":"Feature","properties":{"category":"building","building":"house","building:levels":"2","house":"semi-detached","name":"B6 L23","block":"6","lot":"23","searchLabel":"B6 L23"},"geometry":{"type":"Polygon","coordinates":[[[121.2055195,13.8651087],[121.2054612,13.8650756],[121.2054874,13.8650323],[121.2055456,13.8650654],[121.2055195,13.8651087]]]}},{"type":"Feature","properties":{"category":"building","building":"house","building:levels":"2","house":"semi-detached","name":"B7 L28","block":"7","lot":"28","searchLabel":"B7 L28"},"geometry":{"type":"Polygon","coordinates":[[[121.2052577,13.8655251],[121.2053076,13.8655349],[121.205321,13.8654707],[121.2052712,13.8654608],[121.2052577,13.8655251]]]}},{"type":"Feature","properties":{"category":"building","building":"house","building:levels":"2","house":"semi-detached","name":"B7 L29","block":"7","lot":"29","searchLabel":"B7 L29"},"geometry":{"type":"Polygon","coordinates":[[[121.2052062,13.865515],[121.2052196,13.8654507],[121.2052712,13.8654608],[121.2052577,13.8655251],[121.2052062,13.865515]]]}},{"type":"Feature","properties":{"category":"building","building":"house","building:levels":"2","house":"semi-detached","name":"B7 L26","block":"7","lot":"26","searchLabel":"B7 L26"},"geometry":{"type":"Polygon","coordinates":[[[121.2053748,13.8655466],[121.2054249,13.8655557],[121.2054372,13.8654912],[121.2053871,13.8654822],[121.2053748,13.8655466]]]}},{"type":"Feature","properties":{"category":"building","building":"house","building:levels":"2","house":"semi-detached","name":"B7 L27","block":"7","lot":"27","searchLabel":"B7 L27"},"geometry":{"type":"Polygon","coordinates":[[[121.2053231,13.8655373],[121.2053354,13.8654729],[121.2053871,13.8654822],[121.2053748,13.8655466],[121.2053231,13.8655373]]]}},{"type":"Feature","properties":{"category":"building","building":"house","building:levels":"2","house":"semi-detached","name":"B7 L24","block":"7","lot":"24","searchLabel":"B7 L24"},"geometry":{"type":"Polygon","coordinates":[[[121.2054921,13.8655666],[121.2055422,13.8655756],[121.2055545,13.8655111],[121.2055043,13.8655021],[121.2054921,13.8655666]]]}},{"type":"Feature","properties":{"category":"building","building":"house","building:levels":"2","house":"semi-detached","name":"B7 L25","block":"7","lot":"25","searchLabel":"B7 L25"},"geometry":{"type":"Polygon","coordinates":[[[121.2054404,13.8655573],[121.2054527,13.8654928],[121.2055043,13.8655021],[121.2054921,13.8655666],[121.2054404,13.8655573]]]}},{"type":"Feature","properties":{"category":"building","building":"house","building:levels":"2","house":"semi-detached","name":"B7 L22","block":"7","lot":"22","searchLabel":"B7 L22"},"geometry":{"type":"Polygon","coordinates":[[[121.2056109,13.8655888],[121.205661,13.8655978],[121.2056733,13.8655333],[121.2056232,13.8655243],[121.2056109,13.8655888]]]}},{"type":"Feature","properties":{"category":"building","building":"house","building:levels":"2","house":"semi-detached","name":"B7 L23","block":"7","lot":"23","searchLabel":"B7 L23"},"geometry":{"type":"Polygon","coordinates":[[[121.2055592,13.8655795],[121.2055715,13.865515],[121.2056232,13.8655243],[121.2056109,13.8655888],[121.2055592,13.8655795]]]}},{"type":"Feature","properties":{"category":"building","building":"house","building:levels":"2","house":"semi-detached","name":"B7 L20","block":"7","lot":"20","searchLabel":"B7 L20"},"geometry":{"type":"Polygon","coordinates":[[[121.2055339,13.8656519],[121.205584,13.8656609],[121.2055963,13.8655964],[121.2055462,13.8655874],[121.2055339,13.8656519]]]}},{"type":"Feature","properties":{"category":"building","building":"house","building:levels":"2","house":"semi-detached","name":"B7 L19","block":"7","lot":"19","searchLabel":"B7 L19"},"geometry":{"type":"Polygon","coordinates":[[[121.2054822,13.8656426],[121.2054945,13.8655781],[121.2055462,13.8655874],[121.2055339,13.8656519],[121.2054822,13.8656426]]]}},{"type":"Feature","properties":{"category":"building","building":"house","building:levels":"2","house":"semi-detached","name":"B7 L18","block":"7","lot":"18","searchLabel":"B7 L18"},"geometry":{"type":"Polygon","coordinates":[[[121.2054181,13.8656304],[121.2054682,13.8656394],[121.2054805,13.8655749],[121.2054304,13.8655659],[121.2054181,13.8656304]]]}},{"type":"Feature","properties":{"category":"building","building":"house","building:levels":"2","house":"semi-detached","name":"B7 L17","block":"7","lot":"17","searchLabel":"B7 L17"},"geometry":{"type":"Polygon","coordinates":[[[121.2053664,13.8656211],[121.2053787,13.8655566],[121.2054304,13.8655659],[121.2054181,13.8656304],[121.2053664,13.8656211]]]}},{"type":"Feature","properties":{"category":"building","building":"house","building:levels":"2","house":"semi-detached","name":"B7 L16","block":"7","lot":"16","searchLabel":"B7 L16"},"geometry":{"type":"Polygon","coordinates":[[[121.2053,13.865609],[121.2053501,13.865618],[121.2053624,13.8655535],[121.2053123,13.8655445],[121.2053,13.865609]]]}},{"type":"Feature","properties":{"category":"building","building":"house","building:levels":"2","house":"semi-detached","name":"B7 L15","block":"7","lot":"15","searchLabel":"B7 L15"},"geometry":{"type":"Polygon","coordinates":[[[121.2052483,13.8655997],[121.2052606,13.8655352],[121.2053123,13.8655445],[121.2053,13.865609],[121.2052483,13.8655997]]]}},{"type":"Feature","properties":{"category":"building","building":"house","building:levels":"2","house":"semi-detached","name":"B5 L31","block":"5","lot":"31","searchLabel":"B5 L31"},"geometry":{"type":"Polygon","coordinates":[[[121.2052624,13.86495],[121.2052328,13.8649952],[121.2051647,13.8649532],[121.2051943,13.864908],[121.2052624,13.86495]]]}},{"type":"Feature","properties":{"category":"building","building":"house","building:levels":"2","house":"semi-detached","name":"B5 L29","block":"5","lot":"29","searchLabel":"B5 L29"},"geometry":{"type":"Polygon","coordinates":[[[121.2052624,13.86495],[121.2052903,13.8649074],[121.2052222,13.8648654],[121.2051943,13.864908],[121.2052624,13.86495]]]}},{"type":"Feature","properties":{"category":"building","building":"house","building:levels":"2","house":"semi-detached","name":"B5 L39","block":"5","lot":"39","searchLabel":"B5 L39"},"geometry":{"type":"Polygon","coordinates":[[[121.2051264,13.8651595],[121.205097,13.8652047],[121.2050288,13.8651629],[121.2050583,13.8651177],[121.2051264,13.8651595]]]}},{"type":"Feature","properties":{"category":"building","building":"house","building:levels":"2","house":"semi-detached","name":"B5 L37","block":"5","lot":"37","searchLabel":"B5 L37"},"geometry":{"type":"Polygon","coordinates":[[[121.2051264,13.8651595],[121.2051543,13.8651168],[121.2050861,13.865075],[121.2050583,13.8651177],[121.2051264,13.8651595]]]}},{"type":"Feature","properties":{"category":"building","building":"house","building:levels":"2","house":"semi-detached","name":"B5 L36","block":"5","lot":"36","searchLabel":"B5 L36"},"geometry":{"type":"Polygon","coordinates":[[[121.2052045,13.8652046],[121.2051752,13.8652499],[121.205107,13.8652082],[121.2051363,13.865163],[121.2052045,13.8652046]]]}},{"type":"Feature","properties":{"category":"building","building":"house","building:levels":"2","house":"semi-detached","name":"B5 L34","block":"5","lot":"34","searchLabel":"B5 L34"},"geometry":{"type":"Polygon","coordinates":[[[121.2052045,13.8652046],[121.2052323,13.8651618],[121.205164,13.8651201],[121.2051363,13.865163],[121.2052045,13.8652046]]]}},{"type":"Feature","properties":{"category":"building","building":"house","building:levels":"2","house":"semi-detached","name":"B5 L28","block":"5","lot":"28","searchLabel":"B5 L28"},"geometry":{"type":"Polygon","coordinates":[[[121.2053366,13.8650009],[121.2053063,13.8650455],[121.205239,13.8650024],[121.2052692,13.8649578],[121.2053366,13.8650009]]]}},{"type":"Feature","properties":{"category":"building","building":"house","building:levels":"2","house":"semi-detached","name":"B5 L26","block":"5","lot":"26","searchLabel":"B5 L26"},"geometry":{"type":"Polygon","coordinates":[[[121.2053366,13.8650009],[121.2053653,13.8649586],[121.2052979,13.8649155],[121.2052692,13.8649578],[121.2053366,13.8650009]]]}},{"type":"Feature","properties":{"category":"building","building":"house","building:levels":"2","house":"semi-detached","name":"B5 L24","block":"5","lot":"24","searchLabel":"B5 L24"},"geometry":{"type":"Polygon","coordinates":[[[121.205403,13.8648977],[121.2053739,13.8649431],[121.2053054,13.8649018],[121.2053345,13.8648564],[121.205403,13.8648977]]]}},{"type":"Feature","properties":{"category":"building","building":"house","building:levels":"2","house":"semi-detached","name":"B5 L22","block":"5","lot":"22","searchLabel":"B5 L22"},"geometry":{"type":"Polygon","coordinates":[[[121.205403,13.8648977],[121.2054305,13.8648548],[121.205362,13.8648134],[121.2053345,13.8648564],[121.205403,13.8648977]]]}},{"type":"Feature","properties":{"category":"building","building":"house","building:levels":"2","house":"semi-detached","name":"B5 L27","block":"5","lot":"27","searchLabel":"B5 L27"},"geometry":{"type":"Polygon","coordinates":[[[121.2053293,13.8648473],[121.2053005,13.8648928],[121.2052318,13.8648518],[121.2052606,13.8648063],[121.2053293,13.8648473]]]}},{"type":"Feature","properties":{"category":"building","building":"house","building:levels":"2","house":"semi-detached","name":"B5 L25","block":"5","lot":"25","searchLabel":"B5 L25"},"geometry":{"type":"Polygon","coordinates":[[[121.2053293,13.8648473],[121.2053566,13.8648042],[121.2052879,13.8647632],[121.2052606,13.8648063],[121.2053293,13.8648473]]]}},{"type":"Feature","properties":{"category":"building","building":"house","building:levels":"2","house":"semi-detached","name":"B5 L32","block":"5","lot":"32","searchLabel":"B5 L32"},"geometry":{"type":"Polygon","coordinates":[[[121.2052688,13.8651021],[121.2052399,13.8651476],[121.2051712,13.8651065],[121.2052001,13.865061],[121.2052688,13.8651021]]]}},{"type":"Feature","properties":{"category":"building","building":"house","building:levels":"2","house":"semi-detached","name":"B5 L30","block":"5","lot":"30","searchLabel":"B5 L30"},"geometry":{"type":"Polygon","coordinates":[[[121.2052688,13.8651021],[121.2052961,13.865059],[121.2052274,13.8650179],[121.2052001,13.865061],[121.2052688,13.8651021]]]}},{"type":"Feature","properties":{"category":"building","building":"house","building:levels":"2","house":"semi-detached","name":"B5 L35","block":"5","lot":"35","searchLabel":"B5 L35"},"geometry":{"type":"Polygon","coordinates":[[[121.2051943,13.865055],[121.2051657,13.8651007],[121.2050968,13.86506],[121.2051254,13.8650143],[121.2051943,13.865055]]]}},{"type":"Feature","properties":{"category":"building","building":"house","building:levels":"2","house":"semi-detached","name":"B5 L33","block":"5","lot":"33","searchLabel":"B5 L33"},"geometry":{"type":"Polygon","coordinates":[[[121.2051943,13.865055],[121.2052214,13.8650118],[121.2051525,13.8649711],[121.2051254,13.8650143],[121.2051943,13.865055]]]}},{"type":"Feature","properties":{"category":"building","building":"house","building:levels":"2","house":"semi-detached","name":"B5 L43","block":"5","lot":"43","searchLabel":"B5 L43"},"geometry":{"type":"Polygon","coordinates":[[[121.2050057,13.8653374],[121.2050336,13.8652946],[121.2049654,13.8652528],[121.2049376,13.8652955],[121.2050057,13.8653374]]]}},{"type":"Feature","properties":{"category":"building","building":"house","building:levels":"2","house":"semi-detached","name":"B5 L45","block":"5","lot":"45","searchLabel":"B5 L45"},"geometry":{"type":"Polygon","coordinates":[[[121.2050057,13.8653374],[121.2049763,13.8653825],[121.2049082,13.8653407],[121.2049376,13.8652955],[121.2050057,13.8653374]]]}},{"type":"Feature","properties":{"category":"building","building":"house","building:levels":"2","house":"semi-detached","name":"B5 L51","block":"5","lot":"51","searchLabel":"B5 L51"},"geometry":{"type":"Polygon","coordinates":[[[121.204875,13.8655325],[121.2049028,13.8654897],[121.2048347,13.8654478],[121.2048068,13.8654906],[121.204875,13.8655325]]]}},{"type":"Feature","properties":{"category":"building","building":"house","building:levels":"2","house":"semi-detached","name":"B5 L53","block":"5","lot":"53","searchLabel":"B5 L53"},"geometry":{"type":"Polygon","coordinates":[[[121.204875,13.8655325],[121.2048455,13.8655776],[121.2047774,13.8655358],[121.2048068,13.8654906],[121.204875,13.8655325]]]}},{"type":"Feature","properties":{"category":"building","building":"house","building:levels":"2","house":"semi-detached","name":"B5 L59","block":"5","lot":"59","searchLabel":"B5 L59"},"geometry":{"type":"Polygon","coordinates":[[[121.204739,13.8657361],[121.2047668,13.8656933],[121.2046987,13.8656514],[121.2046708,13.8656942],[121.204739,13.8657361]]]}},{"type":"Feature","properties":{"category":"building","building":"house","building:levels":"2","house":"semi-detached","name":"B5 L60","block":"5","lot":"60","searchLabel":"B5 L60"},"geometry":{"type":"Polygon","coordinates":[[[121.204739,13.8657361],[121.2047095,13.8657812],[121.2046414,13.8657394],[121.2046708,13.8656942],[121.204739,13.8657361]]]}},{"type":"Feature","properties":{"category":"building","building":"house","building:levels":"2","house":"semi-detached","name":"B5 L40","block":"5","lot":"40","searchLabel":"B5 L40"},"geometry":{"type":"Polygon","coordinates":[[[121.2050847,13.8653884],[121.2051126,13.8653457],[121.2050444,13.8653039],[121.2050165,13.8653466],[121.2050847,13.8653884]]]}},{"type":"Feature","properties":{"category":"building","building":"house","building:levels":"2","house":"semi-detached","name":"B5 L42","block":"5","lot":"42","searchLabel":"B5 L42"},"geometry":{"type":"Polygon","coordinates":[[[121.2050847,13.8653884],[121.2050553,13.8654336],[121.2049871,13.8653918],[121.2050165,13.8653466],[121.2050847,13.8653884]]]}},{"type":"Feature","properties":{"category":"building","building":"house","building:levels":"2","house":"semi-detached","name":"B5 L48","block":"5","lot":"48","searchLabel":"B5 L48"},"geometry":{"type":"Polygon","coordinates":[[[121.2049539,13.8655819],[121.2049818,13.8655391],[121.2049136,13.8654973],[121.2048858,13.8655401],[121.2049539,13.8655819]]]}},{"type":"Feature","properties":{"category":"building","building":"house","building:levels":"2","house":"semi-detached","name":"B5 L50","block":"5","lot":"50","searchLabel":"B5 L50"},"geometry":{"type":"Polygon","coordinates":[[[121.2049539,13.8655819],[121.2049245,13.865627],[121.2048564,13.8655852],[121.2048858,13.8655401],[121.2049539,13.8655819]]]}},{"type":"Feature","properties":{"category":"building","building":"house","building:levels":"2","house":"semi-detached","name":"B5 L56","block":"5","lot":"56","searchLabel":"B5 L56"},"geometry":{"type":"Polygon","coordinates":[[[121.204817,13.8657855],[121.2048449,13.8657427],[121.2047767,13.8657009],[121.2047489,13.8657436],[121.204817,13.8657855]]]}},{"type":"Feature","properties":{"category":"building","building":"house","building:levels":"2","house":"semi-detached","name":"B5 L58","block":"5","lot":"58","searchLabel":"B5 L58"},"geometry":{"type":"Polygon","coordinates":[[[121.204817,13.8657855],[121.2047876,13.8658307],[121.2047195,13.8657888],[121.2047489,13.8657436],[121.204817,13.8657855]]]}},{"type":"Feature","properties":{"category":"building","building":"house","building:levels":"2","house":"semi-detached","name":"B5 L55","block":"5","lot":"55","searchLabel":"B5 L55"},"geometry":{"type":"Polygon","coordinates":[[[121.2048074,13.8656356],[121.2048353,13.8655928],[121.2047671,13.8655509],[121.2047392,13.8655937],[121.2048074,13.8656356]]]}},{"type":"Feature","properties":{"category":"building","building":"house","building:levels":"2","house":"semi-detached","name":"B5 L57","block":"5","lot":"57","searchLabel":"B5 L57"},"geometry":{"type":"Polygon","coordinates":[[[121.2048074,13.8656356],[121.204778,13.8656807],[121.2047098,13.8656388],[121.2047392,13.8655937],[121.2048074,13.8656356]]]}},{"type":"Feature","properties":{"category":"building","building":"house","building:levels":"2","house":"semi-detached","name":"B5 L47","block":"5","lot":"47","searchLabel":"B5 L47"},"geometry":{"type":"Polygon","coordinates":[[[121.2049408,13.8654353],[121.2049687,13.8653926],[121.2049005,13.8653507],[121.2048726,13.8653934],[121.2049408,13.8654353]]]}},{"type":"Feature","properties":{"category":"building","building":"house","building:levels":"2","house":"semi-detached","name":"B5 L49","block":"5","lot":"49","searchLabel":"B5 L49"},"geometry":{"type":"Polygon","coordinates":[[[121.2049408,13.8654353],[121.2049114,13.8654805],[121.2048432,13.8654386],[121.2048726,13.8653934],[121.2049408,13.8654353]]]}},{"type":"Feature","properties":{"category":"building","building":"house","building:levels":"2","house":"semi-detached","name":"B5 L44","block":"5","lot":"44","searchLabel":"B5 L44"},"geometry":{"type":"Polygon","coordinates":[[[121.2050197,13.8654839],[121.2050476,13.8654411],[121.2049794,13.8653993],[121.2049516,13.865442],[121.2050197,13.8654839]]]}},{"type":"Feature","properties":{"category":"building","building":"house","building:levels":"2","house":"semi-detached","name":"B5 L46","block":"5","lot":"46","searchLabel":"B5 L46"},"geometry":{"type":"Polygon","coordinates":[[[121.2050197,13.8654839],[121.2049903,13.8655291],[121.2049222,13.8654872],[121.2049516,13.865442],[121.2050197,13.8654839]]]}},{"type":"Feature","properties":{"category":"building","building":"house","building:levels":"2","house":"semi-detached","name":"B5 L52","block":"5","lot":"52","searchLabel":"B5 L52"},"geometry":{"type":"Polygon","coordinates":[[[121.2048846,13.8656832],[121.2049125,13.8656405],[121.2048443,13.8655986],[121.2048165,13.8656413],[121.2048846,13.8656832]]]}},{"type":"Feature","properties":{"category":"building","building":"house","building:levels":"2","house":"semi-detached","name":"B5 L54","block":"5","lot":"54","searchLabel":"B5 L54"},"geometry":{"type":"Polygon","coordinates":[[[121.2048846,13.8656832],[121.2048552,13.8657284],[121.204787,13.8656865],[121.2048165,13.8656413],[121.2048846,13.8656832]]]}},{"type":"Feature","properties":{"category":"building","building":"house","building:levels":"2","house":"detached","name":"B5 L41","block":"5","lot":"41","searchLabel":"B5 L41"},"geometry":{"type":"Polygon","coordinates":[[[121.2050916,13.8652125],[121.2050581,13.8652648],[121.2049909,13.8652242],[121.2050244,13.8651719],[121.2050916,13.8652125]]]}},{"type":"Feature","properties":{"category":"road","highway":"residential","lanes":"2","surface":"concrete"},"geometry":{"type":"LineString","coordinates":[[121.2051921,13.8643978],[121.2052634,13.8642886]]}},{"type":"Feature","properties":{"category":"road","highway":"residential","lanes":"2","surface":"concrete"},"geometry":{"type":"LineString","coordinates":[[121.2054383,13.8643731],[121.2054515,13.8642934]]}},{"type":"Feature","properties":{"category":"building","building":"house","building:levels":"1","house":"detached","name":"B3 L10","block":"3","lot":"10","searchLabel":"B3 L10"},"geometry":{"type":"Polygon","coordinates":[[[121.2053542,13.8643108],[121.2053604,13.8642741],[121.2054199,13.8642837],[121.2054137,13.8643204],[121.2053542,13.8643108]]]}},{"type":"Feature","properties":{"category":"building","building":"yes","name":"Home Owner's Association Office","office":"estate_agent","block":null,"lot":null,"searchLabel":"Home Owner's Association Office"},"geometry":{"type":"Polygon","coordinates":[[[121.2048455,13.8649584],[121.2048651,13.8649848],[121.2048941,13.8649644],[121.2048745,13.864938],[121.2048455,13.8649584]]]}},{"type":"Feature","properties":{"category":"building","access":"permissive","amenity":"toilets","building":"yes","toilets:disposal":"flush","unisex":"yes","wheelchair":"no","block":null,"lot":null,"searchLabel":null},"geometry":{"type":"Polygon","coordinates":[[[121.2047488,13.8651193],[121.2047811,13.8651282],[121.2047908,13.8650947],[121.2047585,13.8650859],[121.2047488,13.8651193]]]}},{"type":"Feature","properties":{"category":"cityblock","name":"Block 1","place":"city_block","block":"1"},"geometry":{"type":"Polygon","coordinates":[[[121.2060478,13.8650392],[121.2064415,13.8651167],[121.2064614,13.8650189],[121.2064589,13.8649617],[121.2064611,13.8649511],[121.2063859,13.8649367],[121.2063952,13.8648935],[121.206366,13.8648833],[121.2063492,13.8648589],[121.2063035,13.8648545],[121.2060959,13.8648147],[121.2060478,13.8650392]]]}},{"type":"Feature","properties":{"category":"cityblock","name":"Block 6","place":"city_block","block":"6"},"geometry":{"type":"Polygon","coordinates":[[[121.2057236,13.86551],[121.205764,13.8653099],[121.2054742,13.8652498],[121.2055331,13.8651537],[121.2056482,13.8649567],[121.2054328,13.8649097],[121.2051223,13.865399],[121.2057236,13.86551]]]}},{"type":"Feature","properties":{"category":"cityblock","name":"Block 2","place":"city_block","block":"2"},"geometry":{"type":"Polygon","coordinates":[[[121.2063492,13.8648589],[121.2063303,13.8648269],[121.206352,13.8647255],[121.2063557,13.864714],[121.2059765,13.8646403],[121.2060813,13.8640792],[121.2059617,13.8641319],[121.2059087,13.8642838],[121.2058103,13.8647553],[121.2060959,13.8648147],[121.2063035,13.8648545],[121.2063492,13.8648589]]]}},{"type":"Feature","properties":{"category":"cityblock","name":"Block 4","place":"city_block","block":"4"},"geometry":{"type":"Polygon","coordinates":[[[121.2051295,13.8649355],[121.2049251,13.8648069],[121.2051921,13.8643978],[121.205424,13.8644437],[121.2056243,13.8644834],[121.2056393,13.864408],[121.2059087,13.8642838],[121.2058103,13.8647553],[121.205318,13.8646496],[121.2051295,13.8649355]]]}},{"type":"Feature","properties":{"category":"cityblock","name":"Block 3","place":"city_block","block":"3"},"geometry":{"type":"Polygon","coordinates":[[[121.2059617,13.8641319],[121.2058848,13.8641675],[121.2055969,13.8643],[121.2054521,13.8642765],[121.2052472,13.8642444],[121.2051775,13.8642429],[121.2048069,13.8648056],[121.2048994,13.8648425],[121.2049251,13.8648069],[121.2051921,13.8643978],[121.205424,13.8644437],[121.2054383,13.8643731],[121.2056393,13.864408],[121.2059087,13.8642838],[121.2059617,13.8641319]]]}},{"type":"Feature","properties":{"category":"cityblock","name":"Block 15","place":"city_block","block":"15"},"geometry":{"type":"Polygon","coordinates":[[[121.2055942,13.8668823],[121.2058675,13.8667911],[121.2060095,13.8663477],[121.2057737,13.8663005],[121.2056608,13.8666663],[121.2055942,13.8668823]]]}},{"type":"Feature","properties":{"category":"cityblock","name":"Block 21","place":"city_block","block":"21"},"geometry":{"type":"Polygon","coordinates":[[[121.2043435,13.8664997],[121.2041164,13.8664244],[121.2041972,13.866189],[121.20421,13.8661366],[121.2044545,13.8658419],[121.204471,13.8657603],[121.2045765,13.8658138],[121.2043435,13.8664997]]]}},{"type":"Feature","properties":{"category":"cityblock","name":"Block 23","place":"city_block","block":"23"},"geometry":{"type":"Polygon","coordinates":[[[121.2043079,13.8673153],[121.2045053,13.8671702],[121.2043779,13.8671259],[121.204433,13.8669776],[121.204671,13.8670499],[121.20479,13.8669636],[121.2048158,13.8668915],[121.2042675,13.8667178],[121.2041405,13.867096],[121.20409,13.8672462],[121.2043079,13.8673153]]]}},{"type":"Feature","properties":{"category":"cityblock","name":"Block 24","place":"city_block","block":"24"},"geometry":{"type":"Polygon","coordinates":[[[121.2039367,13.867688],[121.20409,13.8672462],[121.2041405,13.867096],[121.2042675,13.8667178],[121.2043435,13.8664997],[121.2041164,13.8664244],[121.2036674,13.8662755],[121.2034383,13.8663146],[121.203359,13.8663854],[121.2033283,13.8664146],[121.2038342,13.8665714],[121.204047,13.8666358],[121.2039078,13.8670183],[121.2038675,13.8671259],[121.2036909,13.8676264],[121.2039367,13.867688]]]}},{"type":"Feature","properties":{"category":"cityblock","name":"Block 25","place":"city_block","block":"25"},"geometry":{"type":"Polygon","coordinates":[[[121.2038675,13.8671259],[121.2039078,13.8670183],[121.204047,13.8666358],[121.2038342,13.8665714],[121.2037711,13.8667559],[121.2037313,13.8668714],[121.2034778,13.8668056],[121.2034246,13.8670228],[121.2038675,13.8671259]]]}},{"type":"Feature","properties":{"category":"cityblock","name":"Block 26","place":"city_block","block":"26"},"geometry":{"type":"Polygon","coordinates":[[[121.2036909,13.8676264],[121.2034711,13.8675725],[121.2035413,13.8673737],[121.2035751,13.867274],[121.2033774,13.8672198],[121.2034246,13.8670228],[121.2038675,13.8671259],[121.2036909,13.8676264]]]}},{"type":"Feature","properties":{"category":"cityblock","name":"Block 30","place":"city_block","block":"30"},"geometry":{"type":"Polygon","coordinates":[[[121.2041586,13.8677488],[121.2043079,13.8673153],[121.20409,13.8672462],[121.2039367,13.867688],[121.2041586,13.8677488]]]}},{"type":"Feature","properties":{"category":"cityblock","name":"Block 43","place":"city_block","block":"43"},"geometry":{"type":"Polygon","coordinates":[[[121.2036674,13.8662755],[121.2034383,13.8663146],[121.2033978,13.8662861],[121.2036571,13.8662262],[121.20421,13.8661366],[121.2041972,13.866189],[121.2041164,13.8664244],[121.2036674,13.8662755]]]}},{"type":"Feature","properties":{"category":"leisure","leisure":"park"},"geometry":{"type":"Polygon","coordinates":[[[121.204471,13.8657603],[121.2045765,13.8658138],[121.2046043,13.8657319],[121.2047078,13.8655749],[121.2048849,13.8653065],[121.2049111,13.8652652],[121.2049428,13.8652174],[121.2050642,13.8650346],[121.2051295,13.8649355],[121.2049251,13.8648069],[121.2048994,13.8648425],[121.2049609,13.864867],[121.204834,13.8649379],[121.2045678,13.865161],[121.2045052,13.8655488],[121.2044799,13.8657098],[121.204471,13.8657603]]]}},{"type":"Feature","properties":{"category":"cityblock","place":"city_block","block":null},"geometry":{"type":"Polygon","coordinates":[[[121.2063952,13.8648935],[121.206366,13.8648833],[121.2063492,13.8648589],[121.2063303,13.8648269],[121.2063551,13.8648121],[121.2063902,13.8647935],[121.2064167,13.8647807],[121.2064448,13.8647682],[121.2064821,13.8647574],[121.2065552,13.8647646],[121.2066308,13.8647798],[121.2067412,13.8648047],[121.2071834,13.8649118],[121.2072027,13.8650083],[121.2071749,13.8649954],[121.2071432,13.8649868],[121.20711,13.8649805],[121.2070379,13.8649675],[121.2065549,13.8648585],[121.2065427,13.8648583],[121.2065056,13.8648548],[121.2064853,13.8648517],[121.2064694,13.864854],[121.2064475,13.8648606],[121.2064272,13.8648713],[121.2064102,13.864882],[121.2063952,13.8648935]]]}},{"type":"Feature","properties":{"category":"cityblock","place":"city_block","block":null},"geometry":{"type":"Polygon","coordinates":[[[121.2041586,13.8677488],[121.2043079,13.8673153],[121.2045053,13.8671702],[121.204671,13.8670499],[121.20479,13.8669636],[121.2048338,13.8669865],[121.2043472,13.8673429],[121.2042031,13.8677618],[121.2041586,13.8677488]]]}},{"type":"Feature","properties":{"category":"road","highway":"footway"},"geometry":{"type":"Polygon","coordinates":[[[121.2045358,13.8654656],[121.2046264,13.8654792],[121.2046601,13.8654842],[121.2047013,13.8652239],[121.2045769,13.8652053],[121.2045358,13.8654656]]]}},{"type":"Feature","properties":{"category":"road","highway":"footway"},"geometry":{"type":"LineString","coordinates":[[121.2047078,13.8655749],[121.204639,13.865539],[121.2046264,13.8654792]]}},{"type":"Feature","properties":{"category":"parking","amenity":"parking","capacity":"3","fee":"no","parking":"surface","surface":"concrete"},"geometry":{"type":"Polygon","coordinates":[[[121.2070283,13.865018],[121.2070313,13.865002],[121.2070379,13.8649675],[121.20711,13.8649805],[121.2071004,13.865031],[121.2070283,13.865018]]]}},{"type":"Feature","properties":{"category":"road","access":"private","highway":"residential","lanes":"2","name":"Russia","oneway":"no","surface":"concrete"},"geometry":{"type":"LineString","coordinates":[[121.2033283,13.8664146],[121.203359,13.8663854],[121.2034383,13.8663146],[121.2036674,13.8662755]]}},{"type":"Feature","properties":{"category":"road","highway":"residential","lanes":"2","surface":"concrete"},"geometry":{"type":"LineString","coordinates":[[121.2039247,13.8663608],[121.2039774,13.866209]]}},{"type":"Feature","properties":{"category":"road","access":"private","highway":"residential","lanes":"2","surface":"concrete"},"geometry":{"type":"LineString","coordinates":[[121.2067821,13.8654169],[121.2070093,13.8654579]]}},{"type":"Feature","properties":{"category":"road","access":"private","highway":"residential","lanes":"2","surface":"concrete"},"geometry":{"type":"LineString","coordinates":[[121.2030809,13.8674784],[121.2031989,13.8669711],[121.2033283,13.8664146]]}},{"type":"Feature","properties":{"category":"barrier","barrier":"fence","fence_type":"chain_link","height":"2","material":"wire"},"geometry":{"type":"LineString","coordinates":[[121.2064589,13.8649617],[121.2064614,13.8650189],[121.2064415,13.8651167],[121.2066176,13.8651513],[121.2070338,13.8652332],[121.2070523,13.8652347]]}},{"type":"Feature","properties":{"category":"building","building":"warehouse","building:levels":"1","block":null,"lot":null,"searchLabel":null},"geometry":{"type":"Polygon","coordinates":[[[121.2066772,13.8651406],[121.206685,13.8651022],[121.2068512,13.8651339],[121.2068435,13.8651723],[121.2066772,13.8651406]]]}},{"type":"Feature","properties":{"category":"building","building":"warehouse","building:levels":"1","block":null,"lot":null,"searchLabel":null},"geometry":{"type":"Polygon","coordinates":[[[121.2068508,13.8651743],[121.2068586,13.8651359],[121.2070249,13.8651676],[121.2070171,13.865206],[121.2068508,13.8651743]]]}},{"type":"Feature","properties":{"category":"road","access":"private","highway":"residential","lanes":"2","surface":"concrete"},"geometry":{"type":"LineString","coordinates":[[121.2049251,13.8648069],[121.2051295,13.8649355]]}},{"type":"Feature","properties":{"category":"road","access":"private","highway":"residential","lanes":"2","surface":"concrete"},"geometry":{"type":"LineString","coordinates":[[121.2056393,13.864408],[121.2056243,13.8644834]]}},{"type":"Feature","properties":{"category":"road","access":"private","highway":"residential","lanes":"2","surface":"concrete"},"geometry":{"type":"LineString","coordinates":[[121.2048065,13.8658777],[121.2046464,13.8663574]]}},{"type":"Feature","properties":{"category":"road","access":"private","highway":"residential","lanes":"2","name":"Russia","oneway":"no","surface":"concrete"},"geometry":{"type":"LineString","coordinates":[[121.2049573,13.8667033],[121.2048929,13.8666819]]}},{"type":"Feature","properties":{"category":"road","access":"private","highway":"residential","lanes":"2","name":"Quatar","oneway":"no","surface":"concrete"},"geometry":{"type":"LineString","coordinates":[[121.2057737,13.8663005],[121.2060095,13.8663477]]}},{"type":"Feature","properties":{"category":"poi-obstacle","direction":"both","traffic_calming":"hump"},"geometry":{"type":"Point","coordinates":[121.2046043,13.8657319]}},{"type":"Feature","properties":{"category":"poi-obstacle","noexit":"yes"},"geometry":{"type":"Point","coordinates":[121.2039039,13.8677704]}},{"type":"Feature","properties":{"category":"poi-obstacle","noexit":"yes"},"geometry":{"type":"Point","coordinates":[121.2041972,13.866189]}},{"type":"Feature","properties":{"category":"poi-shop","name:en":"Gina Mombahay and Nellybeth Baroja","shop":"convenience"},"geometry":{"type":"Point","coordinates":[121.2067975,13.8658352]}},{"type":"Feature","properties":{"category":"poi-obstacle","direction":"both","surface":"concrete","traffic_calming":"bump"},"geometry":{"type":"Point","coordinates":[121.2060294,13.8648017]}},{"type":"Feature","properties":{"category":"poi-obstacle","direction":"both","surface":"concrete","traffic_calming":"hump"},"geometry":{"type":"Point","coordinates":[121.2060821,13.8648788]}},{"type":"Feature","properties":{"category":"poi-obstacle","direction":"both","surface":"concrete","traffic_calming":"bump"},"geometry":{"type":"Point","coordinates":[121.20613,13.8650554]}},{"type":"Feature","properties":{"category":"poi-obstacle","direction":"both","traffic_calming":"hump"},"geometry":{"type":"Point","coordinates":[121.2058637,13.8659659]}},{"type":"Feature","properties":{"category":"poi-obstacle","direction":"both","traffic_calming":"bump"},"geometry":{"type":"Point","coordinates":[121.2057241,13.8660585]}},{"type":"Feature","properties":{"category":"poi-obstacle","noexit":"yes"},"geometry":{"type":"Point","coordinates":[121.205806,13.8651085]}},{"type":"Feature","properties":{"category":"poi-obstacle","noexit":"yes"},"geometry":{"type":"Point","coordinates":[121.2056482,13.8658875]}},{"type":"Feature","properties":{"category":"poi-obstacle","direction":"both","surface":"concrete","traffic_calming":"bump"},"geometry":{"type":"Point","coordinates":[121.2067023,13.8648501]}},{"type":"Feature","properties":{"category":"poi-obstacle","direction":"both","surface":"concrete","traffic_calming":"bump"},"geometry":{"type":"Point","coordinates":[121.2040624,13.8673251]}},{"type":"Feature","properties":{"category":"poi-obstacle","direction":"both","surface":"concrete","traffic_calming":"bump"},"geometry":{"type":"Point","coordinates":[121.2052545,13.8647399]}},{"type":"Feature","properties":{"category":"poi-obstacle","direction":"both","surface":"concrete","traffic_calming":"bump"},"geometry":{"type":"Point","coordinates":[121.2056329,13.8647183]}},{"type":"Feature","properties":{"category":"poi-obstacle","direction":"both","surface":"concrete","traffic_calming":"bump"},"geometry":{"type":"Point","coordinates":[121.2048535,13.8657881]}},{"type":"Feature","properties":{"category":"poi-tree","denotation":"garden","leaf_cycle":"deciduous","leaf_type":"broadleaved","natural":"tree"},"geometry":{"type":"Point","coordinates":[121.2063741,13.864749]}},{"type":"Feature","properties":{"category":"poi-tree","denotation":"natural","leaf_cycle":"evergreen","leaf_type":"needleleaved","natural":"tree"},"geometry":{"type":"Point","coordinates":[121.205176,13.8662854]}},{"type":"Feature","properties":{"category":"poi-tree","denotation":"natural","leaf_cycle":"deciduous","leaf_type":"broadleaved","natural":"tree"},"geometry":{"type":"Point","coordinates":[121.2052398,13.8662365]}},{"type":"Feature","properties":{"category":"poi-tree","denotation":"natural","leaf_cycle":"evergreen","leaf_type":"broadleaved","natural":"tree"},"geometry":{"type":"Point","coordinates":[121.2051992,13.8661979]}},{"type":"Feature","properties":{"category":"poi-tree","denotation":"natural","leaf_cycle":"evergreen","leaf_type":"broadleaved","natural":"tree"},"geometry":{"type":"Point","coordinates":[121.2052941,13.8662133]}},{"type":"Feature","properties":{"category":"poi-tree","denotation":"natural","leaf_cycle":"evergreen","leaf_type":"broadleaved","natural":"tree"},"geometry":{"type":"Point","coordinates":[121.2054807,13.8663726]}},{"type":"Feature","properties":{"category":"poi-tree","denotation":"natural","leaf_cycle":"evergreen","leaf_type":"broadleaved","natural":"tree"},"geometry":{"type":"Point","coordinates":[121.2054936,13.8663417]}},{"type":"Feature","properties":{"category":"poi-tree","denotation":"natural","leaf_cycle":"evergreen","leaf_type":"broadleaved","natural":"tree"},"geometry":{"type":"Point","coordinates":[121.2055175,13.8662907]}},{"type":"Feature","properties":{"category":"poi-obstacle","direction":"backward","surface":"rubber","traffic_calming":"bump"},"geometry":{"type":"Point","coordinates":[121.2056768,13.8666143]}},{"type":"Feature","properties":{"category":"poi-shop","payment:cash":"yes","shop":"general"},"geometry":{"type":"Point","coordinates":[121.2063167,13.8649235]}},{"type":"Feature","properties":{"category":"poi-shop","shop":"general"},"geometry":{"type":"Point","coordinates":[121.2057001,13.8663529]}},{"type":"Feature","properties":{"category":"poi-shop","shop":"photo"},"geometry":{"type":"Point","coordinates":[121.2056581,13.8663404]}},{"type":"Feature","properties":{"category":"poi-shop","shop":"general"},"geometry":{"type":"Point","coordinates":[121.2050578,13.8665625]}},{"type":"Feature","properties":{"category":"poi-shop","shop":"general"},"geometry":{"type":"Point","coordinates":[121.2050567,13.8660753]}},{"type":"Feature","properties":{"category":"poi-obstacle","noexit":"yes"},"geometry":{"type":"Point","coordinates":[121.2030596,13.8675567]}},{"type":"Feature","properties":{"category":"poi-obstacle","direction":"both","traffic_calming":"bump"},"geometry":{"type":"Point","coordinates":[121.2041874,13.8664479]}},{"type":"Feature","properties":{"category":"poi-obstacle","direction":"both","traffic_calming":"bump"},"geometry":{"type":"Point","coordinates":[121.2043114,13.8665917]}},{"type":"Feature","properties":{"category":"poi-obstacle","direction":"both","traffic_calming":"bump"},"geometry":{"type":"Point","coordinates":[121.2047396,13.8669968]}},{"type":"Feature","properties":{"category":"poi-obstacle","direction":"both","traffic_calming":"bump"},"geometry":{"type":"Point","coordinates":[121.2068665,13.8661756]}},{"type":"Feature","properties":{"category":"poi-obstacle","direction":"both","traffic_calming":"bump"},"geometry":{"type":"Point","coordinates":[121.2048849,13.8653065]}},{"type":"Feature","properties":{"category":"poi-obstacle","direction":"both","traffic_calming":"bump"},"geometry":{"type":"Point","coordinates":[121.2050972,13.8654354]}},{"type":"Feature","properties":{"category":"poi-obstacle","direction":"both","traffic_calming":"bump"},"geometry":{"type":"Point","coordinates":[121.2050137,13.8655563]}},{"type":"Feature","properties":{"category":"poi-tree","denotation":"natural","leaf_cycle":"evergreen","leaf_type":"broadleaved","natural":"tree"},"geometry":{"type":"Point","coordinates":[121.2057299,13.8652678]}},{"type":"Feature","properties":{"category":"poi-tree","denotation":"natural","leaf_cycle":"evergreen","leaf_type":"broadleaved","natural":"tree"},"geometry":{"type":"Point","coordinates":[121.2055824,13.8651886]}},{"type":"Feature","properties":{"category":"poi-tree","denotation":"natural","leaf_cycle":"evergreen","leaf_type":"broadleaved","natural":"tree"},"geometry":{"type":"Point","coordinates":[121.2056319,13.8652502]}},{"type":"Feature","properties":{"category":"poi-tree","denotation":"natural","leaf_cycle":"evergreen","leaf_type":"broadleaved","natural":"tree"},"geometry":{"type":"Point","coordinates":[121.2053055,13.8656857]}},{"type":"Feature","properties":{"category":"poi-tree","denotation":"natural","leaf_cycle":"evergreen","leaf_type":"broadleaved","natural":"tree"},"geometry":{"type":"Point","coordinates":[121.2054076,13.8657037]}},{"type":"Feature","properties":{"category":"poi-tree","denotation":"natural","leaf_cycle":"evergreen","leaf_type":"broadleaved","natural":"tree"},"geometry":{"type":"Point","coordinates":[121.2054633,13.8657503]}},{"type":"Feature","properties":{"category":"poi-tree","denotation":"natural","leaf_cycle":"evergreen","leaf_type":"broadleaved","natural":"tree"},"geometry":{"type":"Point","coordinates":[121.2055128,13.8657112]}},{"type":"Feature","properties":{"category":"poi-tree","denotation":"natural","leaf_cycle":"evergreen","leaf_type":"broadleaved","natural":"tree"},"geometry":{"type":"Point","coordinates":[121.2055608,13.8657428]}},{"type":"Feature","properties":{"category":"poi-tree","denotation":"natural","leaf_cycle":"evergreen","leaf_type":"broadleaved","natural":"tree"},"geometry":{"type":"Point","coordinates":[121.2062264,13.8658895]}},{"type":"Feature","properties":{"category":"poi-tree","denotation":"natural","leaf_cycle":"evergreen","leaf_type":"broadleaved","natural":"tree"},"geometry":{"type":"Point","coordinates":[121.2063344,13.8659102]}},{"type":"Feature","properties":{"category":"poi-tree","denotation":"natural","leaf_cycle":"evergreen","leaf_type":"broadleaved","natural":"tree"},"geometry":{"type":"Point","coordinates":[121.2065315,13.8654203]}},{"type":"Feature","properties":{"category":"poi-tree","denotation":"natural","leaf_cycle":"evergreen","leaf_type":"broadleaved","natural":"tree"},"geometry":{"type":"Point","coordinates":[121.206528,13.8653796]}},{"type":"Feature","properties":{"category":"poi-tree","denotation":"natural","leaf_cycle":"evergreen","leaf_type":"broadleaved","natural":"tree"},"geometry":{"type":"Point","coordinates":[121.2064779,13.8653897]}},{"type":"Feature","properties":{"category":"poi-tree","denotation":"natural","leaf_cycle":"evergreen","leaf_type":"broadleaved","natural":"tree"},"geometry":{"type":"Point","coordinates":[121.2064138,13.865375]}},{"type":"Feature","properties":{"category":"poi-tree","denotation":"natural","leaf_cycle":"evergreen","leaf_type":"broadleaved","natural":"tree"},"geometry":{"type":"Point","coordinates":[121.2063531,13.8653637]}},{"type":"Feature","properties":{"category":"poi-tree","denotation":"natural","leaf_cycle":"evergreen","leaf_type":"broadleaved","natural":"tree"},"geometry":{"type":"Point","coordinates":[121.2036144,13.8667825]}},{"type":"Feature","properties":{"category":"poi-tree","denotation":"natural","leaf_cycle":"evergreen","leaf_type":"broadleaved","natural":"tree"},"geometry":{"type":"Point","coordinates":[121.2036713,13.8667949]}},{"type":"Feature","properties":{"category":"poi-tree","denotation":"natural","leaf_cycle":"evergreen","leaf_type":"broadleaved","natural":"tree"},"geometry":{"type":"Point","coordinates":[121.2035803,13.8667576]}},{"type":"Feature","properties":{"category":"poi-tree","denotation":"natural","leaf_cycle":"evergreen","leaf_type":"broadleaved","natural":"tree"},"geometry":{"type":"Point","coordinates":[121.2035036,13.8673041]}},{"type":"Feature","properties":{"category":"poi-tree","denotation":"natural","leaf_cycle":"evergreen","leaf_type":"broadleaved","natural":"tree"},"geometry":{"type":"Point","coordinates":[121.2034325,13.8673027]}},{"type":"Feature","properties":{"category":"poi-tree","denotation":"natural","leaf_cycle":"evergreen","leaf_type":"broadleaved","natural":"tree"},"geometry":{"type":"Point","coordinates":[121.2043977,13.8671854]}},{"type":"Feature","properties":{"category":"poi-tree","denotation":"natural","leaf_cycle":"evergreen","leaf_type":"broadleaved","natural":"tree"},"geometry":{"type":"Point","coordinates":[121.2044446,13.8671026]}},{"type":"Feature","properties":{"category":"poi-tree","denotation":"natural","leaf_cycle":"evergreen","leaf_type":"broadleaved","natural":"tree"},"geometry":{"type":"Point","coordinates":[121.2044872,13.8670971]}},{"type":"Feature","properties":{"category":"poi-tree","denotation":"natural","leaf_cycle":"evergreen","leaf_type":"broadleaved","natural":"tree"},"geometry":{"type":"Point","coordinates":[121.2045285,13.8670861]}},{"type":"Feature","properties":{"category":"poi-tree","denotation":"natural","leaf_cycle":"evergreen","leaf_type":"broadleaved","natural":"tree"},"geometry":{"type":"Point","coordinates":[121.2044688,13.8670695]}},{"type":"Feature","properties":{"category":"poi-tree","denotation":"natural","leaf_cycle":"evergreen","leaf_type":"broadleaved","natural":"tree"},"geometry":{"type":"Point","coordinates":[121.2047074,13.8669658]}},{"type":"Feature","properties":{"category":"poi-tree","denotation":"natural","leaf_cycle":"evergreen","leaf_type":"broadleaved","natural":"tree"},"geometry":{"type":"Point","coordinates":[121.2064496,13.8665599]}},{"type":"Feature","properties":{"category":"poi-tree","denotation":"natural","leaf_cycle":"evergreen","leaf_type":"broadleaved","natural":"tree"},"geometry":{"type":"Point","coordinates":[121.2061469,13.8666566]}},{"type":"Feature","properties":{"category":"poi-obstacle","noexit":"yes"},"geometry":{"type":"Point","coordinates":[121.2052634,13.8642886]}},{"type":"Feature","properties":{"category":"poi-obstacle","noexit":"yes"},"geometry":{"type":"Point","coordinates":[121.2054515,13.8642934]}},{"type":"Feature","properties":{"category":"poi-tree","denotation":"natural","leaf_cycle":"evergreen","leaf_type":"broadleaved","natural":"tree"},"geometry":{"type":"Point","coordinates":[121.2034571,13.8672667]}},{"type":"Feature","properties":{"category":"poi-tree","denotation":"natural","leaf_cycle":"evergreen","leaf_type":"broadleaved","natural":"tree"},"geometry":{"type":"Point","coordinates":[121.2034656,13.8673023]}},{"type":"Feature","properties":{"category":"poi-tree","denotation":"natural","leaf_cycle":"evergreen","leaf_type":"broadleaved","natural":"tree"},"geometry":{"type":"Point","coordinates":[121.2034861,13.8672841]}},{"type":"Feature","properties":{"category":"poi-tree","denotation":"natural","leaf_cycle":"evergreen","leaf_type":"broadleaved","natural":"tree"},"geometry":{"type":"Point","coordinates":[121.203487,13.8673255]}},{"type":"Feature","properties":{"category":"poi-tree","denotation":"natural","leaf_cycle":"evergreen","leaf_type":"broadleaved","natural":"tree"},"geometry":{"type":"Point","coordinates":[121.2036705,13.866772]}},{"type":"Feature","properties":{"category":"poi-tree","denotation":"natural","leaf_cycle":"evergreen","leaf_type":"broadleaved","natural":"tree"},"geometry":{"type":"Point","coordinates":[121.2036449,13.8667993]}},{"type":"Feature","properties":{"category":"poi-tree","denotation":"natural","leaf_cycle":"evergreen","leaf_type":"broadleaved","natural":"tree"},"geometry":{"type":"Point","coordinates":[121.2036935,13.8668242]}},{"type":"Feature","properties":{"category":"poi-tree","denotation":"natural","leaf_cycle":"evergreen","leaf_type":"broadleaved","natural":"tree"},"geometry":{"type":"Point","coordinates":[121.2037072,13.8668018]}},{"type":"Feature","properties":{"category":"poi-tree","denotation":"natural","leaf_cycle":"evergreen","leaf_type":"broadleaved","natural":"tree"},"geometry":{"type":"Point","coordinates":[121.2037003,13.8667679]}},{"type":"Feature","properties":{"category":"poi-tree","denotation":"natural","leaf_cycle":"evergreen","leaf_type":"broadleaved","natural":"tree"},"geometry":{"type":"Point","coordinates":[121.2036594,13.8667422]}},{"type":"Feature","properties":{"category":"poi-tree","denotation":"natural","leaf_cycle":"evergreen","leaf_type":"broadleaved","natural":"tree"},"geometry":{"type":"Point","coordinates":[121.2036201,13.8667587]}},{"type":"Feature","properties":{"category":"poi-tree","denotation":"natural","leaf_cycle":"evergreen","leaf_type":"broadleaved","natural":"tree"},"geometry":{"type":"Point","coordinates":[121.2038784,13.8662771]}},{"type":"Feature","properties":{"category":"poi-tree","denotation":"natural","leaf_cycle":"evergreen","leaf_type":"broadleaved","natural":"tree"},"geometry":{"type":"Point","coordinates":[121.2038549,13.8662746]}},{"type":"Feature","properties":{"category":"poi-tree","denotation":"natural","leaf_cycle":"evergreen","leaf_type":"broadleaved","natural":"tree"},"geometry":{"type":"Point","coordinates":[121.203898,13.8662936]}},{"type":"Feature","properties":{"category":"poi-tree","denotation":"natural","leaf_cycle":"evergreen","leaf_type":"broadleaved","natural":"tree"},"geometry":{"type":"Point","coordinates":[121.2043154,13.8661023]}},{"type":"Feature","properties":{"category":"poi-tree","denotation":"natural","leaf_cycle":"evergreen","leaf_type":"broadleaved","natural":"tree"},"geometry":{"type":"Point","coordinates":[121.2043454,13.8660694]}},{"type":"Feature","properties":{"category":"poi-tree","denotation":"natural","leaf_cycle":"evergreen","leaf_type":"broadleaved","natural":"tree"},"geometry":{"type":"Point","coordinates":[121.2043167,13.866077]}},{"type":"Feature","properties":{"category":"poi-tree","denotation":"natural","leaf_cycle":"evergreen","leaf_type":"broadleaved","natural":"tree"},"geometry":{"type":"Point","coordinates":[121.2043493,13.8660327]}},{"type":"Feature","properties":{"category":"poi-tree","denotation":"natural","leaf_cycle":"evergreen","leaf_type":"broadleaved","natural":"tree"},"geometry":{"type":"Point","coordinates":[121.2043232,13.8660593]}},{"type":"Feature","properties":{"category":"poi-tree","denotation":"natural","leaf_cycle":"evergreen","leaf_type":"broadleaved","natural":"tree"},"geometry":{"type":"Point","coordinates":[121.2042841,13.8660922]}},{"type":"Feature","properties":{"category":"poi-tree","denotation":"natural","leaf_cycle":"evergreen","leaf_type":"broadleaved","natural":"tree"},"geometry":{"type":"Point","coordinates":[121.2043206,13.8660301]}},{"type":"Feature","properties":{"category":"poi-tree","denotation":"natural","leaf_cycle":"evergreen","leaf_type":"broadleaved","natural":"tree"},"geometry":{"type":"Point","coordinates":[121.2043662,13.8659998]}},{"type":"Feature","properties":{"category":"poi-tree","denotation":"natural","leaf_cycle":"evergreen","leaf_type":"broadleaved","natural":"tree"},"geometry":{"type":"Point","coordinates":[121.2043467,13.865996]}},{"type":"Feature","properties":{"category":"poi-tree","denotation":"natural","leaf_cycle":"evergreen","leaf_type":"broadleaved","natural":"tree"},"geometry":{"type":"Point","coordinates":[121.2043689,13.8659643]}},{"type":"Feature","properties":{"category":"poi-tree","denotation":"natural","leaf_cycle":"evergreen","leaf_type":"broadleaved","natural":"tree"},"geometry":{"type":"Point","coordinates":[121.2044889,13.8658756]}},{"type":"Feature","properties":{"category":"poi-tree","denotation":"natural","leaf_cycle":"evergreen","leaf_type":"broadleaved","natural":"tree"},"geometry":{"type":"Point","coordinates":[121.2044549,13.8658642]}},{"type":"Feature","properties":{"category":"poi-tree","denotation":"natural","leaf_cycle":"evergreen","leaf_type":"broadleaved","natural":"tree"},"geometry":{"type":"Point","coordinates":[121.2045019,13.8657363]}},{"type":"Feature","properties":{"category":"poi-tree","denotation":"natural","leaf_cycle":"evergreen","leaf_type":"broadleaved","natural":"tree"},"geometry":{"type":"Point","coordinates":[121.2045293,13.8657452]}},{"type":"Feature","properties":{"category":"poi-tree","denotation":"natural","leaf_cycle":"evergreen","leaf_type":"broadleaved","natural":"tree"},"geometry":{"type":"Point","coordinates":[121.2046832,13.8651702]}},{"type":"Feature","properties":{"category":"poi-tree","denotation":"natural","leaf_cycle":"evergreen","leaf_type":"broadleaved","natural":"tree"},"geometry":{"type":"Point","coordinates":[121.2047315,13.8651905]}},{"type":"Feature","properties":{"category":"poi-tree","denotation":"natural","leaf_cycle":"evergreen","leaf_type":"broadleaved","natural":"tree"},"geometry":{"type":"Point","coordinates":[121.2047197,13.8651512]}},{"type":"Feature","properties":{"category":"poi-tree","denotation":"natural","leaf_cycle":"evergreen","leaf_type":"broadleaved","natural":"tree"},"geometry":{"type":"Point","coordinates":[121.2047054,13.8651829]}},{"type":"Feature","properties":{"category":"poi-tree","denotation":"natural","leaf_cycle":"evergreen","leaf_type":"broadleaved","natural":"tree"},"geometry":{"type":"Point","coordinates":[121.2047315,13.8651221]}},{"type":"Feature","properties":{"category":"poi-tree","denotation":"natural","leaf_cycle":"evergreen","leaf_type":"broadleaved","natural":"tree"},"geometry":{"type":"Point","coordinates":[121.2047093,13.8651031]}},{"type":"Feature","properties":{"category":"poi-tree","denotation":"natural","leaf_cycle":"evergreen","leaf_type":"broadleaved","natural":"tree"},"geometry":{"type":"Point","coordinates":[121.2047328,13.8650905]}},{"type":"Feature","properties":{"category":"poi-tree","denotation":"natural","leaf_cycle":"evergreen","leaf_type":"broadleaved","natural":"tree"},"geometry":{"type":"Point","coordinates":[121.2047993,13.8652627]}},{"type":"Feature","properties":{"category":"poi-tree","denotation":"natural","leaf_cycle":"evergreen","leaf_type":"broadleaved","natural":"tree"},"geometry":{"type":"Point","coordinates":[121.2048254,13.8652728]}},{"type":"Feature","properties":{"category":"poi-tree","denotation":"natural","leaf_cycle":"evergreen","leaf_type":"broadleaved","natural":"tree"},"geometry":{"type":"Point","coordinates":[121.2048554,13.8652538]}},{"type":"Feature","properties":{"category":"poi-tree","denotation":"natural","leaf_cycle":"evergreen","leaf_type":"broadleaved","natural":"tree"},"geometry":{"type":"Point","coordinates":[121.2054528,13.8644218]}},{"type":"Feature","properties":{"category":"poi-tree","denotation":"natural","leaf_cycle":"evergreen","leaf_type":"broadleaved","natural":"tree"},"geometry":{"type":"Point","coordinates":[121.2054868,13.8644091]}},{"type":"Feature","properties":{"category":"poi-tree","denotation":"natural","leaf_cycle":"evergreen","leaf_type":"broadleaved","natural":"tree"},"geometry":{"type":"Point","coordinates":[121.2054594,13.8643813]}},{"type":"Feature","properties":{"category":"poi-tree","denotation":"natural","leaf_cycle":"evergreen","leaf_type":"broadleaved","natural":"tree"},"geometry":{"type":"Point","coordinates":[121.205505,13.8644066]}},{"type":"Feature","properties":{"category":"poi-tree","denotation":"natural","leaf_cycle":"evergreen","leaf_type":"broadleaved","natural":"tree"},"geometry":{"type":"Point","coordinates":[121.2055141,13.8644307]}},{"type":"Feature","properties":{"category":"poi-tree","denotation":"natural","leaf_cycle":"evergreen","leaf_type":"broadleaved","natural":"tree"},"geometry":{"type":"Point","coordinates":[121.2055572,13.8644294]}},{"type":"Feature","properties":{"category":"poi-tree","denotation":"natural","leaf_cycle":"evergreen","leaf_type":"broadleaved","natural":"tree"},"geometry":{"type":"Point","coordinates":[121.2055337,13.8644041]}},{"type":"Feature","properties":{"category":"poi-tree","denotation":"natural","leaf_cycle":"evergreen","leaf_type":"broadleaved","natural":"tree"},"geometry":{"type":"Point","coordinates":[121.2055807,13.8644167]}},{"type":"Feature","properties":{"category":"poi-tree","denotation":"natural","leaf_cycle":"evergreen","leaf_type":"broadleaved","natural":"tree"},"geometry":{"type":"Point","coordinates":[121.2056159,13.8644167]}},{"type":"Feature","properties":{"category":"poi-tree","denotation":"natural","leaf_cycle":"evergreen","leaf_type":"broadleaved","natural":"tree"},"geometry":{"type":"Point","coordinates":[121.2056015,13.8644458]}},{"type":"Feature","properties":{"category":"poi-tree","denotation":"natural","leaf_cycle":"evergreen","leaf_type":"broadleaved","natural":"tree"},"geometry":{"type":"Point","coordinates":[121.2056209,13.864294]}},{"type":"Feature","properties":{"category":"poi-tree","denotation":"natural","leaf_cycle":"evergreen","leaf_type":"broadleaved","natural":"tree"},"geometry":{"type":"Point","coordinates":[121.2063877,13.8653509]}},{"type":"Feature","properties":{"category":"poi-tree","denotation":"natural","leaf_cycle":"evergreen","leaf_type":"broadleaved","natural":"tree"},"geometry":{"type":"Point","coordinates":[121.2064477,13.8653498]}},{"type":"Feature","properties":{"category":"poi-tree","denotation":"natural","leaf_cycle":"evergreen","leaf_type":"broadleaved","natural":"tree"},"geometry":{"type":"Point","coordinates":[121.2064986,13.8651002]}},{"type":"Feature","properties":{"category":"poi-tree","denotation":"natural","leaf_cycle":"evergreen","leaf_type":"broadleaved","natural":"tree"},"geometry":{"type":"Point","coordinates":[121.2065451,13.8650882]}},{"type":"Feature","properties":{"category":"poi-tree","denotation":"natural","leaf_cycle":"evergreen","leaf_type":"broadleaved","natural":"tree"},"geometry":{"type":"Point","coordinates":[121.2071305,13.8651761]}},{"type":"Feature","properties":{"category":"poi-tree","denotation":"natural","leaf_cycle":"evergreen","leaf_type":"broadleaved","natural":"tree"},"geometry":{"type":"Point","coordinates":[121.2070487,13.8652226]}},{"type":"Feature","properties":{"category":"poi-tree","denotation":"natural","leaf_cycle":"evergreen","leaf_type":"broadleaved","natural":"tree"},"geometry":{"type":"Point","coordinates":[121.207057,13.8652024]}},{"type":"Feature","properties":{"category":"poi-tree","denotation":"natural","leaf_cycle":"evergreen","leaf_type":"broadleaved","natural":"tree"},"geometry":{"type":"Point","coordinates":[121.2070825,13.8651922]}},{"type":"Feature","properties":{"category":"poi-tree","denotation":"natural","leaf_cycle":"evergreen","leaf_type":"broadleaved","natural":"tree"},"geometry":{"type":"Point","coordinates":[121.2062563,13.8658655]}},{"type":"Feature","properties":{"category":"poi-tree","denotation":"natural","leaf_cycle":"evergreen","leaf_type":"broadleaved","natural":"tree"},"geometry":{"type":"Point","coordinates":[121.206322,13.8658699]}},{"type":"Feature","properties":{"category":"poi-tree","denotation":"natural","leaf_cycle":"evergreen","leaf_type":"broadleaved","natural":"tree"},"geometry":{"type":"Point","coordinates":[121.2062914,13.8659171]}},{"type":"Feature","properties":{"category":"poi-tree","denotation":"natural","leaf_cycle":"evergreen","leaf_type":"broadleaved","natural":"tree"},"geometry":{"type":"Point","coordinates":[121.2063741,13.8659259]}},{"type":"Feature","properties":{"category":"poi-tree","denotation":"natural","leaf_cycle":"evergreen","leaf_type":"broadleaved","natural":"tree"},"geometry":{"type":"Point","coordinates":[121.2063695,13.8658973]}},{"type":"Feature","properties":{"category":"poi-tree","denotation":"natural","leaf_cycle":"evergreen","leaf_type":"broadleaved","natural":"tree"},"geometry":{"type":"Point","coordinates":[121.2062087,13.8666109]}},{"type":"Feature","properties":{"category":"poi-tree","denotation":"natural","leaf_cycle":"evergreen","leaf_type":"broadleaved","natural":"tree"},"geometry":{"type":"Point","coordinates":[121.2061555,13.8666142]}},{"type":"Feature","properties":{"category":"poi-tree","denotation":"natural","leaf_cycle":"evergreen","leaf_type":"broadleaved","natural":"tree"},"geometry":{"type":"Point","coordinates":[121.2061714,13.8666438]}},{"type":"Feature","properties":{"category":"poi-tree","denotation":"natural","leaf_cycle":"evergreen","leaf_type":"broadleaved","natural":"tree"},"geometry":{"type":"Point","coordinates":[121.2061895,13.8666241]}},{"type":"Feature","properties":{"category":"poi-tree","denotation":"natural","leaf_cycle":"evergreen","leaf_type":"broadleaved","natural":"tree"},"geometry":{"type":"Point","coordinates":[121.2063865,13.8666406]}},{"type":"Feature","properties":{"category":"poi-tree","denotation":"natural","leaf_cycle":"evergreen","leaf_type":"broadleaved","natural":"tree"},"geometry":{"type":"Point","coordinates":[121.2068723,13.8663316]}},{"type":"Feature","properties":{"category":"poi-tree","denotation":"natural","leaf_cycle":"evergreen","leaf_type":"broadleaved","natural":"tree"},"geometry":{"type":"Point","coordinates":[121.2069244,13.8663316]}},{"type":"Feature","properties":{"category":"poi-tree","denotation":"natural","leaf_cycle":"evergreen","leaf_type":"broadleaved","natural":"tree"},"geometry":{"type":"Point","coordinates":[121.2069006,13.8663877]}},{"type":"Feature","properties":{"category":"poi-tree","denotation":"natural","leaf_cycle":"evergreen","leaf_type":"broadleaved","natural":"tree"},"geometry":{"type":"Point","coordinates":[121.2068678,13.8663811]}},{"type":"Feature","properties":{"category":"poi-tree","denotation":"natural","leaf_cycle":"evergreen","leaf_type":"broadleaved","natural":"tree"},"geometry":{"type":"Point","coordinates":[121.2069086,13.8664317]}},{"type":"Feature","properties":{"category":"poi-tree","denotation":"natural","leaf_cycle":"evergreen","leaf_type":"broadleaved","natural":"tree"},"geometry":{"type":"Point","coordinates":[121.2069312,13.8663756]}},{"type":"Feature","properties":{"category":"poi-tree","denotation":"natural","leaf_cycle":"evergreen","leaf_type":"broadleaved","natural":"tree"},"geometry":{"type":"Point","coordinates":[121.2069029,13.8663074]}},{"type":"Feature","properties":{"category":"poi-tree","denotation":"natural","leaf_cycle":"evergreen","leaf_type":"broadleaved","natural":"tree"},"geometry":{"type":"Point","coordinates":[121.2069539,13.8663173]}},{"type":"Feature","properties":{"category":"poi-tree","denotation":"natural","leaf_cycle":"evergreen","leaf_type":"broadleaved","natural":"tree"},"geometry":{"type":"Point","coordinates":[121.2052544,13.8662097]}},{"type":"Feature","properties":{"category":"poi-tree","denotation":"natural","leaf_cycle":"evergreen","leaf_type":"broadleaved","natural":"tree"},"geometry":{"type":"Point","coordinates":[121.2052043,13.8662403]}},{"type":"Feature","properties":{"category":"poi-tree","denotation":"natural","leaf_cycle":"evergreen","leaf_type":"broadleaved","natural":"tree"},"geometry":{"type":"Point","coordinates":[121.2054924,13.8663081]}},{"type":"Feature","properties":{"category":"poi-tree","denotation":"natural","leaf_cycle":"evergreen","leaf_type":"broadleaved","natural":"tree"},"geometry":{"type":"Point","coordinates":[121.2054589,13.8663615]}},{"type":"Feature","properties":{"category":"poi-tree","denotation":"natural","leaf_cycle":"evergreen","leaf_type":"broadleaved","natural":"tree"},"geometry":{"type":"Point","coordinates":[121.2053763,13.8662365]}},{"type":"Feature","properties":{"category":"poi-tree","denotation":"natural","leaf_cycle":"evergreen","leaf_type":"broadleaved","natural":"tree"},"geometry":{"type":"Point","coordinates":[121.206685,13.8649639]}},{"type":"Feature","properties":{"category":"poi-tree","denotation":"natural","leaf_cycle":"evergreen","leaf_type":"broadleaved","natural":"tree"},"geometry":{"type":"Point","coordinates":[121.2067299,13.8649527]}},{"type":"Feature","properties":{"category":"poi-tree","denotation":"natural","leaf_cycle":"evergreen","leaf_type":"broadleaved","natural":"tree"},"geometry":{"type":"Point","coordinates":[121.2067123,13.864968]}},{"type":"Feature","properties":{"category":"poi-tree","denotation":"natural","leaf_cycle":"evergreen","leaf_type":"broadleaved","natural":"tree"},"geometry":{"type":"Point","coordinates":[121.2064877,13.8649815]}},{"type":"Feature","properties":{"category":"poi-tree","denotation":"natural","leaf_cycle":"evergreen","leaf_type":"broadleaved","natural":"tree"},"geometry":{"type":"Point","coordinates":[121.2069987,13.8650151]}},{"type":"Feature","properties":{"category":"poi-tree","denotation":"natural","leaf_cycle":"evergreen","leaf_type":"broadleaved","natural":"tree"},"geometry":{"type":"Point","coordinates":[121.2068925,13.8650269]}},{"type":"Feature","properties":{"category":"poi-obstacle","noexit":"yes"},"geometry":{"type":"Point","coordinates":[121.2039774,13.866209]}},{"type":"Feature","properties":{"category":"poi-tree","denotation":"natural","leaf_cycle":"evergreen","leaf_type":"broadleaved","natural":"tree"},"geometry":{"type":"Point","coordinates":[121.2046826,13.8654844]}},{"type":"Feature","properties":{"category":"barrier","barrier":"fence","fence_type":"chain_link","height":"2","material":"wire"},"geometry":{"type":"LineString","coordinates":[[121.2064589,13.8649617],[121.2064611,13.8649511],[121.2063859,13.8649367],[121.2063952,13.8648935],[121.2064102,13.864882],[121.2064272,13.8648713],[121.2064475,13.8648606],[121.2064694,13.864854],[121.2064853,13.8648517],[121.2064824,13.8648699],[121.2065027,13.8648729],[121.2065056,13.8648548],[121.2065427,13.8648583],[121.2065549,13.8648585],[121.2070379,13.8649675],[121.20711,13.8649805],[121.2071432,13.8649868],[121.2071749,13.8649954],[121.2072027,13.8650083],[121.2072083,13.8650363],[121.2071469,13.8650411],[121.2071004,13.865031],[121.2070283,13.865018],[121.2070238,13.8650276],[121.2069537,13.865057],[121.2064589,13.8649617]]}},{"type":"Feature","properties":{"category":"barrier","barrier":"wall","height":"2.3","material":"concrete","wall":"wall"},"geometry":{"type":"LineString","coordinates":[[121.2072027,13.8650083],[121.2072083,13.8650363],[121.2072211,13.865114],[121.2072254,13.8651437],[121.2070907,13.8652115],[121.2070523,13.8652347],[121.2070268,13.8654625],[121.2070057,13.8655665],[121.2070186,13.8655686],[121.2070905,13.8655913],[121.2070915,13.8659475],[121.2069333,13.8666089],[121.2055998,13.8670751],[121.2053266,13.8670907],[121.2051791,13.8669355],[121.2050063,13.8669041],[121.2049195,13.8669482],[121.2048338,13.8669865],[121.2043472,13.8673429],[121.2042031,13.8677618],[121.2041632,13.8678736],[121.2038936,13.8678019],[121.2029312,13.867567],[121.2031873,13.8664714],[121.2033978,13.8662861],[121.2036571,13.8662262],[121.20421,13.8661366],[121.2044545,13.8658419],[121.204471,13.8657603],[121.2044799,13.8657098],[121.2045052,13.8655488],[121.2045678,13.865161],[121.204834,13.8649379],[121.2049609,13.864867],[121.2048994,13.8648425],[121.2048069,13.8648056],[121.2051775,13.8642429],[121.2052472,13.8642444],[121.2054521,13.8642765],[121.2055969,13.8643],[121.2058848,13.8641675],[121.2059617,13.8641319],[121.2060813,13.8640792],[121.2059765,13.8646403],[121.2063557,13.864714],[121.2064821,13.8647574],[121.2065552,13.8647646],[121.2066308,13.8647798],[121.2067412,13.8648047],[121.2071834,13.8649118]]}},{"type":"Feature","properties":{"category":"barrier","barrier":"fence","fence_type":"chain_link","height":"2","material":"wire"},"geometry":{"type":"LineString","coordinates":[[121.2044799,13.8657098],[121.2045382,13.8657333],[121.2045928,13.8656275],[121.2046081,13.865598],[121.2045052,13.8655488],[121.2044799,13.8657098]]}},{"type":"Feature","properties":{"category":"barrier","barrier":"bollard","bollard":"removable","colour":"yellow","height":"1","material":"concrete"},"geometry":{"type":"LineString","coordinates":[[121.2065339,13.8648089],[121.2065221,13.8648073],[121.2065146,13.8648065],[121.2065022,13.8648063],[121.2064921,13.8648072]]}},{"type":"Feature","properties":{"category":"barrier","barrier":"bollard","bollard":"removable","colour":"yellow","height":"1","material":"concrete"},"geometry":{"type":"LineString","coordinates":[[121.2066207,13.8648294],[121.2066,13.8648241],[121.2065827,13.8648204],[121.2065646,13.8648166]]}},{"type":"Feature","properties":{"category":"barrier","barrier":"fence","fence_type":"chain_link","height":"2","material":"wire"},"geometry":{"type":"LineString","coordinates":[[121.2064589,13.8649617],[121.2064614,13.8650189],[121.2064415,13.8651167],[121.2066176,13.8651513],[121.2070338,13.8652332],[121.2070523,13.8652347]]}},{"type":"Feature","properties":{"category":"context-road","contributor":"waypoints.ph - eppgarcia","destination:forward":"Taysan","highway":"secondary","lanes":"2","lit":"yes","maxspeed":"40","maxspeed:type":"PH:urban","name":"G. Carandang Street","surface":"asphalt","width":"5"},"geometry":{"type":"LineString","coordinates":[[121.202525,13.8448186],[121.2025536,13.8446874],[121.202639,13.8442962],[121.2026838,13.8440421],[121.2027765,13.8435412],[121.2028477,13.8430682],[121.2029217,13.8426028],[121.2029643,13.8423218],[121.2029955,13.8421511],[121.2030097,13.8420713],[121.2031034,13.8415772],[121.2031645,13.8412202],[121.2033405,13.8402747],[121.2033809,13.84003]]}},{"type":"Feature","properties":{"category":"context-road","alt_name":"Tiaong - Rosario - Lipa Road","highway":"primary","lanes":"2","lit":"yes","maxspeed":"40","maxspeed:type":"PH:urban","name":"J. P. Rizal Street","ref":"435","sidewalk":"both","surface":"asphalt","width":"7"},"geometry":{"type":"LineString","coordinates":[[121.2154805,13.8781408],[121.2152564,13.8779714],[121.2151713,13.8779168],[121.2150869,13.8778652],[121.2150024,13.8778181],[121.2149094,13.8777696],[121.2147978,13.8777148],[121.2146195,13.8776328],[121.214506,13.8775898],[121.2144106,13.8775596],[121.2142712,13.8775236]]}},{"type":"Feature","properties":{"category":"context-road","contributor":"waypoints.ph - eppgarcia","hgv":"no","highway":"secondary","lanes":"2","name":"Rosario Bypass Road","surface":"concrete","width":"6"},"geometry":{"type":"LineString","coordinates":[[121.2162152,13.8735425],[121.2164353,13.8732391],[121.2165678,13.8730376],[121.2168009,13.8727322],[121.2170291,13.8724211],[121.2172467,13.8721111],[121.2175637,13.8716596],[121.2178979,13.8711836],[121.2181851,13.8706504],[121.218427,13.8700781],[121.2185086,13.8698669],[121.2185588,13.8697107],[121.2188037,13.8689484],[121.2188913,13.8686841],[121.2190569,13.8681355],[121.2192768,13.867416],[121.2195353,13.8666715],[121.2196082,13.8664288],[121.2198471,13.8656336],[121.2198639,13.8655778],[121.2200178,13.8650657],[121.2200399,13.8649946],[121.2201805,13.864543],[121.2202414,13.8643473],[121.2204718,13.86377],[121.2208994,13.8628694],[121.2212471,13.8622212],[121.2221766,13.8607435],[121.2224655,13.8603068],[121.2227891,13.8598286],[121.2230963,13.8593175],[121.2239273,13.8578774],[121.2248945,13.8562249],[121.2251312,13.8558204],[121.2252775,13.8555455],[121.225294,13.8555169],[121.2255009,13.855158],[121.2256231,13.8549918],[121.2257628,13.8548017],[121.2259488,13.8545923],[121.2261572,13.8544001],[121.2283626,13.8525518],[121.2284227,13.8525012],[121.2301381,13.8510565],[121.2307218,13.8505649],[121.2320043,13.849543],[121.2333008,13.8486018],[121.2341706,13.8478684],[121.2345013,13.8475896],[121.234764,13.8473681],[121.2354078,13.846828],[121.237601,13.844988],[121.2376305,13.8449521],[121.2376459,13.8449124],[121.2376492,13.8448727],[121.2376434,13.8448309]]}},{"type":"Feature","properties":{"category":"context-water","waterway":"stream"},"geometry":{"type":"LineString","coordinates":[[121.2073933,13.8859373],[121.2074208,13.8859125],[121.2074596,13.8858852],[121.2074938,13.8858566],[121.2075287,13.8858149],[121.2075797,13.885727],[121.2076065,13.8856645],[121.2076279,13.8855968],[121.2076816,13.8854744],[121.2076923,13.8854198],[121.2077191,13.8853703],[121.2077433,13.8852948],[121.2077621,13.8852531],[121.2077835,13.8852036],[121.2077808,13.8851516],[121.2077916,13.8850969],[121.2078077,13.8850318],[121.2078533,13.8849328],[121.2079029,13.8848404],[121.2079471,13.8847805],[121.2079874,13.8847467],[121.2080209,13.8847258],[121.2080772,13.8846829],[121.2081107,13.8846425],[121.2081617,13.8845839],[121.2081751,13.8845371],[121.2081778,13.8844993],[121.2081912,13.8844589],[121.2082221,13.8844238],[121.2083039,13.8843678],[121.2084138,13.8843144],[121.2084581,13.8842845],[121.2085198,13.8842389],[121.2085426,13.8842012],[121.2085506,13.8841608],[121.208552,13.8841035],[121.2085587,13.8840332],[121.2085694,13.8839707],[121.2085855,13.8839134],[121.2086445,13.8838171],[121.2087035,13.8837299],[121.2087411,13.8836609],[121.20878,13.8835854],[121.2088256,13.8835203],[121.2088591,13.8834578],[121.2088805,13.8834083],[121.2089181,13.8833627],[121.2089463,13.8833211],[121.2089731,13.8832664],[121.2090455,13.8831583],[121.2091072,13.8830581],[121.2091689,13.8829136],[121.209185,13.8828615],[121.2092105,13.8828055],[121.2092306,13.8827391],[121.209248,13.8826714],[121.2092815,13.8826076],[121.2093164,13.8825529],[121.2093432,13.8824865],[121.2093687,13.8824071],[121.2093875,13.8823772],[121.2094237,13.8823368],[121.2094492,13.8822821],[121.209484,13.8822235],[121.209543,13.8821676],[121.2095913,13.8821103],[121.2096544,13.8820126],[121.2096731,13.8819384],[121.2096919,13.8818889],[121.2097375,13.8818173],[121.2097684,13.8817614],[121.2097764,13.8817236],[121.2098233,13.8816572],[121.2098756,13.881622],[121.2099145,13.8815752],[121.2099521,13.881527],[121.2100084,13.8814919],[121.210058,13.8814567],[121.210113,13.8814163],[121.2101747,13.8813473],[121.2102002,13.8813304],[121.2102324,13.8813083],[121.2102941,13.8812822],[121.2103571,13.8812744],[121.2104107,13.8812445],[121.2104335,13.8811963],[121.210447,13.8811586],[121.2104563,13.8811104],[121.2104765,13.8810752],[121.2104961,13.881015],[121.2105598,13.8809769],[121.2107278,13.8809203],[121.2108254,13.880873],[121.2108556,13.8808456],[121.2108766,13.8808183],[121.2108986,13.8807782],[121.2109105,13.8807474],[121.2109094,13.8807098],[121.2108864,13.8805796],[121.2108857,13.8805304],[121.2108985,13.8804867],[121.2109474,13.880427],[121.2109894,13.8803849],[121.2111059,13.8802928],[121.2112699,13.8801954],[121.2113135,13.880174],[121.211355,13.8801601],[121.2114302,13.8801468],[121.2114897,13.8801329],[121.2115491,13.8801125],[121.2116156,13.8800837],[121.211655,13.8800591],[121.2116943,13.8800224],[121.2117301,13.8799732],[121.2117699,13.8799031],[121.2118108,13.8798153],[121.2118452,13.8797258],[121.2118674,13.8796288],[121.2119159,13.8791663],[121.2119461,13.8790809],[121.2120052,13.8789981],[121.2120693,13.8789266],[121.2121924,13.8788015],[121.2122591,13.8787179],[121.2123026,13.8786261],[121.2124879,13.878092],[121.2125653,13.8778905],[121.212663,13.8776817],[121.2126808,13.877653],[121.212706,13.8776252],[121.2127804,13.8775604],[121.2127934,13.8775479],[121.2128067,13.8775328],[121.2128178,13.8775151],[121.2128264,13.8774967],[121.2128818,13.8773555]]}},{"type":"Feature","properties":{"category":"context-road","contributor":"waypoints.ph - eppgarcia","highway":"primary","lanes":"2","name":"Lipa-Rosario Road","ref":"435","surface":"asphalt","width":"6"},"geometry":{"type":"LineString","coordinates":[[121.2072934,13.8651365],[121.2072892,13.8651117],[121.207279,13.8650513],[121.2072669,13.8649769],[121.2072184,13.86469],[121.2072107,13.8646356],[121.2071411,13.864145],[121.2071169,13.8639193],[121.2070896,13.8636517],[121.2070573,13.8631488],[121.2070494,13.8630318],[121.2070356,13.862842],[121.2070198,13.8626257],[121.2069477,13.8619807],[121.2069217,13.8618301],[121.2068299,13.861438],[121.2067457,13.8611788],[121.2062468,13.8598516],[121.2060917,13.8594301],[121.2059426,13.858998],[121.2058789,13.8587705],[121.2056521,13.857857],[121.205121,13.8562499],[121.2049779,13.8557121],[121.2048638,13.8552323],[121.204777,13.8548676],[121.2046842,13.8544126],[121.2045839,13.8539564],[121.2045248,13.8536609],[121.2044086,13.853186],[121.2043449,13.8529412],[121.2042739,13.852716],[121.2039273,13.8518365]]}},{"type":"Feature","properties":{"category":"context-road","alt_name":"Tiaong - Rosario - Lipa Road","bridge":"yes","bridge:name":"Tubig ng Bayan Bridge","highway":"primary","lanes":"2","layer":"1","lit":"yes","maxweight":"10","name":"Batangas-Quezon Road","ref":"435","sidewalk":"both"},"geometry":{"type":"LineString","coordinates":[[121.2171604,13.8802757],[121.2170714,13.8801593]]}},{"type":"Feature","properties":{"category":"context-road","alt_name":"Rosario-San Juan-Candelaria Road","highway":"primary","lanes":"2","lit":"yes","name":"Gualberto Avenue","official_name":"Dr. Crisanto Gualberto Avenue","ref":"422","sidewalk":"both","surface":"asphalt","width":"8"},"geometry":{"type":"LineString","coordinates":[[121.2082183,13.8458146],[121.2083713,13.8459028],[121.2085028,13.8459693],[121.2086868,13.8460542],[121.2088673,13.8461142],[121.2090695,13.8461778],[121.2091789,13.8461997],[121.209325,13.8462273],[121.2094613,13.8462582],[121.2095917,13.8462797],[121.2097478,13.8463022],[121.2099906,13.8463201],[121.2102052,13.8463112],[121.2104318,13.8462985],[121.2107023,13.8462726]]}},{"type":"Feature","properties":{"category":"context-road","highway":"secondary","lanes":"2","surface":"concrete","width":"6"},"geometry":{"type":"LineString","coordinates":[[121.2347221,13.8620042],[121.2341209,13.8619312],[121.2339479,13.8619101],[121.2326867,13.8617569],[121.2315758,13.8616194],[121.2314467,13.8616035],[121.2305969,13.8614983],[121.2303189,13.8614639],[121.2289789,13.8613041],[121.2271772,13.8610846],[121.2263355,13.860971],[121.2258592,13.8609131],[121.2257739,13.8609035],[121.2251092,13.8608159],[121.2248269,13.8608149],[121.2243502,13.8608405],[121.2231393,13.8609066],[121.2228515,13.860891],[121.2226023,13.8608688],[121.2221766,13.8607435]]}},{"type":"Feature","properties":{"category":"context-water","waterway":"stream"},"geometry":{"type":"LineString","coordinates":[[121.2173449,13.8447435],[121.2174677,13.8445911],[121.2174677,13.8443527],[121.2175905,13.8439685],[121.2176042,13.843485],[121.2177679,13.8432929],[121.2178361,13.843114],[121.2177543,13.8428226],[121.2176315,13.8422463],[121.2175632,13.8414382],[121.2174609,13.8408089],[121.2173381,13.8404843],[121.217188,13.8402922],[121.2171403,13.8400008],[121.2170038,13.8398153],[121.2169561,13.8395834],[121.2168469,13.8393119],[121.2166423,13.839133],[121.216574,13.8389012],[121.2165945,13.8385103],[121.2164103,13.838199],[121.216308,13.8379274],[121.2160487,13.837689],[121.2159464,13.8373578],[121.2157963,13.8369537],[121.2156735,13.8366887],[121.2155985,13.8361919],[121.2155045,13.8358331],[121.2154962,13.8358011],[121.2154279,13.8355428],[121.2154006,13.8352182],[121.2155303,13.8348936],[121.2158168,13.834463],[121.2160283,13.8342378],[121.2160829,13.8338536],[121.2160487,13.8334561],[121.2160351,13.8332707],[121.2161306,13.8331117],[121.2164376,13.8329991],[121.2167105,13.8327341],[121.2167719,13.8325221],[121.2169015,13.8323102],[121.2172563,13.8320916],[121.2174882,13.8316941],[121.2174746,13.831449],[121.2176178,13.8311575],[121.2176178,13.8308727],[121.2176656,13.8304156],[121.2176451,13.830091],[121.2177338,13.8298791],[121.2177747,13.8296869],[121.2176792,13.829422],[121.2177202,13.8291967],[121.2179521,13.8289318],[121.2181636,13.8286271],[121.2181704,13.8282892],[121.2180271,13.8277328],[121.2177064,13.827452]]}},{"type":"Feature","properties":{"category":"context-water","waterway":"stream"},"geometry":{"type":"LineString","coordinates":[[121.2183981,13.8539606],[121.2184037,13.8539282],[121.2183963,13.8538957],[121.2183514,13.853841],[121.2183487,13.8537915],[121.2183822,13.8537524],[121.2184614,13.8535988],[121.2184614,13.8535285],[121.2184265,13.8534764],[121.2184185,13.8533931],[121.2184641,13.8532967],[121.2184909,13.8532186],[121.2184319,13.8530233],[121.218389,13.8529816],[121.2183031,13.8530103],[121.2182441,13.8529738],[121.2182148,13.8527437],[121.2182602,13.8524953],[121.2184544,13.8523099],[121.2184026,13.8521056],[121.218503,13.8518479],[121.2185968,13.8516499],[121.218558,13.8513074],[121.2185321,13.851166],[121.2186292,13.8510465],[121.218668,13.8509805],[121.2186162,13.8508768],[121.2186292,13.850748],[121.2187975,13.850638],[121.2189367,13.8504903],[121.2190435,13.8501949],[121.2190435,13.8499183],[121.2191568,13.8497329],[121.21916,13.8494752],[121.2193283,13.8493778],[121.2194643,13.8491578],[121.2196488,13.8490573],[121.2197718,13.848919],[121.2198041,13.8488216],[121.2199919,13.8487964],[121.220267,13.8487556],[121.2204256,13.8486424],[121.2206845,13.8484979],[121.220746,13.8482527],[121.2207728,13.8479562],[121.2208384,13.8477871],[121.2207475,13.8476204],[121.2206238,13.8474537],[121.2206112,13.8473067],[121.2205557,13.8470959],[121.2206112,13.8469169],[121.220586,13.8467748],[121.2205809,13.8465493],[121.2206726,13.8464378],[121.2208532,13.8462944],[121.2209188,13.8461111],[121.2210091,13.8459118],[121.2211732,13.8457684],[121.2211486,13.8455293],[121.2212881,13.8454417],[121.2213065,13.8451951],[121.2213012,13.8450027],[121.2213548,13.8448375],[121.2212964,13.8446209],[121.2212964,13.8444535],[121.2214441,13.8442463],[121.2213456,13.8441029],[121.2212881,13.8438479],[121.2214523,13.8437044],[121.2214523,13.8435132],[121.2214523,13.8432741],[121.2217724,13.8429793],[121.2220022,13.8428757],[121.2222238,13.842533],[121.2223633,13.8421425],[121.2225767,13.8419911],[121.2226506,13.8417759],[121.2229625,13.841497],[121.2234303,13.8413615],[121.2236683,13.8408595],[121.2237093,13.8404531],[121.2237914,13.8399271],[121.2237914,13.8395924],[121.2236519,13.8393294],[121.2234057,13.8392736],[121.2232497,13.8391063],[121.2232169,13.8385962],[121.2234303,13.8381898],[121.2234385,13.8378392],[121.2235862,13.8375523],[121.2237422,13.8372415],[121.2241397,13.8366755],[121.2241261,13.8364834],[121.224092,13.8361124],[121.2239896,13.8359336],[121.2239965,13.8356554],[121.2242011,13.8354964],[121.2242898,13.835344],[121.2242489,13.8349201],[121.2244331,13.8344365],[121.2246241,13.8340258],[121.2249106,13.8337012],[121.2250129,13.8333965],[121.2250266,13.8329593],[121.2250812,13.8326612],[121.2251699,13.8322837],[121.2251085,13.8321181],[121.2249993,13.8318398],[121.2251289,13.8315616],[121.2254359,13.8313695],[121.2254837,13.8310449],[121.2255792,13.8307601],[121.2255246,13.8305282],[121.2253472,13.8302898],[121.2254154,13.8300182],[121.2253813,13.8297466],[121.2252108,13.8295876],[121.2252108,13.8294286],[121.2254564,13.8290709],[121.2254632,13.8287993],[121.2252722,13.8283223],[121.2251494,13.827958],[121.2249925,13.8278189],[121.2248356,13.827693],[121.2247052,13.8273081]]}},{"type":"Feature","properties":{"category":"context-water","waterway":"stream"},"geometry":{"type":"LineString","coordinates":[[121.1989759,13.8441513],[121.1989415,13.843766],[121.1989295,13.8435138],[121.1989007,13.8432758],[121.1988791,13.8430289],[121.1988551,13.8428378],[121.1988221,13.842523],[121.1988014,13.8422701],[121.1988221,13.8419534],[121.1988785,13.8417898],[121.1989706,13.84172],[121.1991202,13.8411901],[121.1991672,13.8408655],[121.1992443,13.8404758],[121.1993679,13.8402997],[121.199323,13.8399386],[121.1992425,13.8396871],[121.1992492,13.8394101],[121.1992868,13.839191],[121.1993371,13.8388254],[121.1993795,13.8385328],[121.1994076,13.8383372],[121.1994875,13.8381227],[121.1996088,13.838036],[121.1997996,13.8379317],[121.1998378,13.8378574],[121.199845,13.8376787],[121.1997918,13.8375272],[121.1997804,13.8374074],[121.199816,13.837244],[121.1998516,13.837068],[121.1999163,13.836914],[121.2000014,13.8367215]]}},{"type":"Feature","properties":{"category":"context-water","waterway":"stream"},"geometry":{"type":"LineString","coordinates":[[121.1884797,13.8680151],[121.1886781,13.8679761],[121.1889705,13.8678224],[121.1891288,13.8676818],[121.1892816,13.8674709],[121.1893165,13.8671271],[121.189338,13.8669084],[121.1894221,13.8667584],[121.189553,13.8665504],[121.1897197,13.8663189],[121.1897058,13.8660858],[121.1900732,13.8658056],[121.190427,13.8658831],[121.1906862,13.8659531],[121.1908272,13.8657722],[121.1910021,13.8656873],[121.1910984,13.8654835],[121.1911246,13.8652542],[121.191317,13.8647701],[121.1911334,13.8645408],[121.1911071,13.8642351],[121.1914133,13.8640313],[121.191492,13.863887],[121.191492,13.8636662],[121.1915095,13.8635303],[121.1916932,13.8634539],[121.1918418,13.8633265],[121.1921043,13.8632416],[121.1921655,13.8631057],[121.1922005,13.8628934],[121.1922792,13.8627745],[121.1924454,13.8626896],[121.1926815,13.8626896],[121.1927515,13.862817],[121.1929002,13.8628934],[121.1930664,13.8627915],[121.1931626,13.8626132],[121.1934775,13.8625197],[121.1934863,13.8622055],[121.1934224,13.8619782],[121.1932681,13.8617354],[121.1932628,13.8614978],[121.1933132,13.8613478]]}},{"type":"Feature","properties":{"category":"context-water","layer":"-1","tunnel":"culvert","waterway":"stream"},"geometry":{"type":"LineString","coordinates":[[121.1938903,13.8547248],[121.1938481,13.8545599]]}},{"type":"Feature","properties":{"category":"context-water","waterway":"stream"},"geometry":{"type":"LineString","coordinates":[[121.1938481,13.8545599],[121.1939811,13.8543533],[121.1939758,13.8541776],[121.1939066,13.8540898],[121.1939439,13.8539452],[121.1940556,13.8537644],[121.1940503,13.8534906],[121.1939066,13.8533666],[121.1939172,13.8532271],[121.1939545,13.8530256],[121.1939439,13.8526898],[121.1940077,13.8524057],[121.1939758,13.8521422],[121.1939332,13.8519614],[121.1940024,13.8517134],[121.1939917,13.8515326],[121.1941354,13.851233],[121.1941194,13.8509282],[121.1940609,13.8506079],[121.1939332,13.8504219],[121.1940716,13.8501274],[121.1940928,13.8498795],[121.1942263,13.8495581],[121.1942195,13.8489686],[121.1942468,13.8487765],[121.1942332,13.8484851],[121.1942605,13.848028],[121.1944242,13.847677],[121.1944788,13.8472464],[121.1944037,13.8469351],[121.1942127,13.8466635],[121.1940285,13.8466569],[121.1937829,13.8466172],[121.1936942,13.8463986],[121.1937761,13.84618],[121.1939944,13.846021],[121.1939603,13.8458356],[121.193742,13.845511],[121.1936533,13.8452328],[121.1936806,13.8449215],[121.1937488,13.8446433],[121.1936586,13.8442628],[121.1936373,13.843772],[121.1938015,13.8434185],[121.194105,13.8431107],[121.1939685,13.8423092],[121.1939549,13.8417196],[121.1940982,13.8414745],[121.1943233,13.8413421],[121.1943779,13.8411102],[121.1944324,13.8408453],[121.1944188,13.8405869],[121.194487,13.8402889],[121.1944734,13.8398914],[121.1943847,13.8394741],[121.1945962,13.8391561],[121.194794,13.8388912],[121.1947326,13.8387455],[121.1947326,13.8385004],[121.1948145,13.8383215],[121.1947667,13.8380499],[121.1945279,13.8378115],[121.1944938,13.8376326],[121.1945416,13.8372948],[121.1945825,13.8370563],[121.1947667,13.8368708],[121.1952988,13.8365396],[121.1955785,13.8364072],[121.1960493,13.8361488],[121.1962539,13.83597],[121.196329,13.8356918],[121.1963426,13.8354467],[121.1963494,13.8351486],[121.1964313,13.8347379],[121.196404,13.8344332],[121.196213,13.8341947],[121.1959674,13.8339562],[121.1959333,13.8336449],[121.195981,13.8334727],[121.1959879,13.8332209],[121.1961311,13.8330553],[121.1964791,13.8328434],[121.1965609,13.8326513],[121.1966087,13.8322671],[121.1965677,13.8320485],[121.1966564,13.8317636],[121.1968406,13.8315185],[121.1969361,13.8312337],[121.1969702,13.830929],[121.1968474,13.830452],[121.1966974,13.830187],[121.1965814,13.8297366],[121.1963699,13.8295842],[121.1962403,13.8293391],[121.1961243,13.8290675],[121.196097,13.8288556],[121.1960561,13.8284978],[121.1958105,13.8282196],[121.1956468,13.827948],[121.1956263,13.82763],[121.195483,13.8273386],[121.195483,13.8271266],[121.195483,13.8267689],[121.1953329,13.8265304],[121.1952988,13.8264045],[121.1955171,13.8260137],[121.1955922,13.8257885],[121.1956263,13.82555],[121.1956195,13.8252585],[121.1958241,13.8249273],[121.1957627,13.8246623],[121.1955103,13.824404],[121.1954899,13.8241787],[121.1954353,13.8239932],[121.1955376,13.8237614],[121.1955854,13.8235295],[121.1955444,13.8232911],[121.1956058,13.8231254],[121.1956399,13.8229598],[121.1955785,13.8227213],[121.1956945,13.8225094],[121.1958037,13.8221715],[121.195831,13.8218469],[121.1956604,13.8215952],[121.1955581,13.8214561],[121.1956263,13.8212176],[121.1955785,13.820893],[121.1954899,13.8205949],[121.195408,13.8204028],[121.1953739,13.8199457],[121.1952579,13.8196939],[121.1951897,13.8194687],[121.1952374,13.8189984],[121.1950464,13.8186075],[121.195026,13.8181173],[121.1951829,13.8175277],[121.1951215,13.8169911],[121.1948349,13.8165207],[121.1945962,13.8162028],[121.1944665,13.815686],[121.1944461,13.8151494],[121.1942551,13.8147851],[121.1939003,13.8144207],[121.1937161,13.8143412],[121.1935319,13.8141027],[121.1934705,13.8138179],[121.1933204,13.8134336],[121.1931431,13.8132216],[121.1931567,13.8129964],[121.1932522,13.812738],[121.1934023,13.8125393],[121.193375,13.8123207],[121.1934842,13.8120358],[121.1935865,13.81189],[121.1937775,13.8118105],[121.1938457,13.8114793],[121.1938526,13.8110818],[121.1938867,13.8107771],[121.1940299,13.8106247],[121.194105,13.810479],[121.1939754,13.8103001],[121.1938594,13.8101212],[121.1937912,13.8097568],[121.1937639,13.8094587],[121.1935729,13.8090679],[121.1935865,13.8087366],[121.1936479,13.8084849],[121.1936411,13.8083259],[121.1934705,13.8082],[121.1933682,13.8079549],[121.1931294,13.8073321],[121.1929657,13.8069943],[121.1928702,13.8066696],[121.192877,13.8063715],[121.1927747,13.8059873],[121.1927734,13.8058862],[121.1927896,13.8057692]]}},{"type":"Feature","properties":{"category":"context-road","highway":"primary","lanes":"2","lit":"yes","maxspeed":"40","maxspeed:type":"PH:urban","name":"Ibaan-Rosario Road","nat_name":"Batangas-Quezon Road","overtaking":"no","ref":"435","sidewalk":"both","width":"6.7"},"geometry":{"type":"LineString","coordinates":[[121.2011319,13.8445905],[121.2010153,13.8445693],[121.2008727,13.8445494],[121.2003128,13.8444656],[121.1997859,13.8443825],[121.1990634,13.8442678],[121.1988756,13.844239]]}},{"type":"Feature","properties":{"category":"context-road","contributor":"waypoints.ph - eppgarcia","destination:forward":"San Juan; Laiya","hgv":"no","highway":"secondary","lanes":"2","maxspeed":"40","maxspeed:type":"PH:urban","name":"Rosario Bypass Road","width":"6"},"geometry":{"type":"LineString","coordinates":[[121.2139497,13.8774428],[121.2141824,13.8768906],[121.2144537,13.8762703]]}},{"type":"Feature","properties":{"category":"context-road","destination:backward":"San Juan;Laiya;Lucena City","highway":"primary","lanes":"2","maxspeed":"40","maxspeed:type":"PH:urban","name":"Batangas-Quezon Road","ref":"435","surface":"asphalt","width":"6"},"geometry":{"type":"LineString","coordinates":[[121.2114916,13.8770571],[121.2114963,13.8770296],[121.2114978,13.8770009],[121.211495,13.8769672],[121.2114882,13.8769301],[121.21146,13.8767926],[121.2113974,13.876494],[121.2113608,13.8763187],[121.2113392,13.8762227],[121.2113256,13.8761546],[121.2113207,13.8761383],[121.2113123,13.8761168],[121.2113026,13.8760979],[121.2112595,13.8760241],[121.2112494,13.8760041],[121.2112435,13.8759886],[121.2112414,13.8759754]]}},{"type":"Feature","properties":{"category":"context-road","alt_name":"Batangas-Quezon Road","destination:backward":"Padre Garcia;Lipa City","highway":"primary","lanes":"2","lit":"yes","maxspeed":"40","maxspeed:type":"PH:urban","name":"G. Carandang Street","ref":"435","sidewalk":"both"},"geometry":{"type":"LineString","coordinates":[[121.2026161,13.8457681],[121.2025136,13.8450479],[121.2025107,13.8449415],[121.202525,13.8448186]]}},{"type":"Feature","properties":{"category":"context-road","alt_name":"Rosario-San Juan-Candelaria Road","highway":"primary","lanes":"2","lit":"yes","name":"Rosario-San Juan Road","ref":"422","sidewalk":"right","surface":"asphalt","width":"6.1"},"geometry":{"type":"LineString","coordinates":[[121.2124634,13.8460523],[121.2125796,13.8460492],[121.2126844,13.8460401],[121.2127918,13.8460294],[121.213238,13.8460044],[121.2135846,13.8459877],[121.2138955,13.8459812],[121.2140369,13.8459769],[121.2143949,13.8459774],[121.2147133,13.8459822],[121.2148842,13.8459973],[121.2153002,13.8460276],[121.2156042,13.8460559],[121.215976,13.8460887],[121.2161804,13.8460782]]}},{"type":"Feature","properties":{"category":"context-road","alt_name":"Rosario-San Juan-Candelaria Road","highway":"primary","lanes":"2","lit":"yes","name":"Rosario-San Juan Road","ref":"422","sidewalk":"both"},"geometry":{"type":"LineString","coordinates":[[121.2161804,13.8460782],[121.2163069,13.8460581]]}},{"type":"Feature","properties":{"category":"context-road","alt_name":"Rosario-San Juan-Candelaria Road","bridge":"yes","highway":"primary","lanes":"2","layer":"1","lit":"yes","name":"Rosario-San Juan Road","ref":"422","sidewalk":"both","width":"6.1"},"geometry":{"type":"LineString","coordinates":[[121.2212703,13.8451353],[121.2213407,13.8451237]]}},{"type":"Feature","properties":{"category":"context-road","contributor":"waypoints.ph - eppgarcia","highway":"primary","lanes":"2","name":"Lipa-Rosario Road","ref":"431","shoulder":"both","sidewalk":"both","surface":"asphalt","width":"7"},"geometry":{"type":"LineString","coordinates":[[121.2002854,13.8934563],[121.2005783,13.8928923],[121.2012269,13.8916435],[121.2014538,13.8912003],[121.2015761,13.8909615],[121.2018257,13.8904741],[121.2018642,13.8903988],[121.2021124,13.8899141],[121.2025758,13.889009],[121.2027571,13.8886621],[121.2028313,13.8885249],[121.2029559,13.8882705],[121.2031829,13.8878068],[121.2035404,13.8871084],[121.2037259,13.8867558],[121.2040064,13.8862229],[121.2040426,13.8861532],[121.2040771,13.886091],[121.2042321,13.8858498],[121.2046649,13.8851568],[121.2047656,13.8850182],[121.2051031,13.8845378],[121.2054523,13.8840625],[121.2054877,13.8840138],[121.2056643,13.8837706],[121.205846,13.8835132],[121.206285,13.8829212],[121.2064138,13.8827475],[121.2065853,13.8825127],[121.206747,13.8822914]]}},{"type":"Feature","properties":{"category":"context-road","highway":"primary","lanes":"2","lit":"yes","name":"Ibaan-Rosario Road","nat_name":"Batangas-Quezon Road","overtaking":"no","ref":"435","sidewalk":"both","width":"6.7"},"geometry":{"type":"LineString","coordinates":[[121.1988756,13.844239],[121.197775,13.8440619],[121.1972762,13.8439753],[121.1971212,13.8439521],[121.1970667,13.8439425],[121.196727,13.8438928],[121.1964735,13.8438573],[121.1962007,13.8438245],[121.1957153,13.8437913],[121.1950825,13.8437656]]}},{"type":"Feature","properties":{"category":"context-road","alt_name":"Rosario-San Juan-Candelaria Road","destination:backward":"Rosario;San Juan","highway":"primary","lanes":"3","lanes:backward":"2","lanes:forward":"1","lit":"yes","maxspeed":"40","maxspeed:type":"PH:urban","name":"Gualberto Avenue","official_name":"Dr. Crisanto Gualberto Avenue","placement:backward":"left_of:1","ref":"435","sidewalk":"both","turn:lanes:backward":"left;through;right|right","width":"7.5","width:lanes:backward":"3.35|2.15","width:lanes:forward":"3.35"},"geometry":{"type":"LineString","coordinates":[[121.202525,13.8448186],[121.2024051,13.8447974],[121.2013347,13.8446222],[121.2011319,13.8445905]]}},{"type":"Feature","properties":{"category":"context-road","alt_name":"Rosario-San Juan-Candelaria Road","highway":"primary","lanes":"2","lit":"yes","name":"Rosario-San Juan Road","ref":"422","sidewalk":"both","width":"6.1"},"geometry":{"type":"LineString","coordinates":[[121.2163069,13.8460581],[121.2164149,13.8460422],[121.21676,13.8459668],[121.2173037,13.8458621],[121.2186542,13.8455879],[121.2193877,13.8454433],[121.2200398,13.8453372],[121.2212703,13.8451353]]}},{"type":"Feature","properties":{"category":"context-water","waterway":"stream"},"geometry":{"type":"LineString","coordinates":[[121.2148248,13.8735629],[121.2148531,13.8735139],[121.2148855,13.8734649],[121.2149177,13.8734202],[121.2149403,13.8733896],[121.2149662,13.8733491],[121.2149961,13.8732891],[121.2150191,13.8732236],[121.2151108,13.8728784],[121.2151219,13.8728504],[121.215143,13.8728122],[121.2151607,13.8727882],[121.2152274,13.8727113],[121.2152477,13.8726812],[121.2152914,13.8726069],[121.2153142,13.8725778],[121.2153397,13.8725499],[121.2153771,13.8725147],[121.2154057,13.8724839],[121.2154299,13.8724483],[121.2156046,13.8720927],[121.2156411,13.8720266],[121.2156702,13.871981],[121.215702,13.8719428],[121.2157621,13.8718776],[121.2157853,13.8718491],[121.2158077,13.8718163],[121.2158289,13.8717715],[121.2158497,13.8716966],[121.215861,13.8716302],[121.2158629,13.8715556],[121.2158346,13.8711641],[121.2158225,13.8710975],[121.2157993,13.8710264],[121.215641,13.8706752],[121.2156261,13.8706205],[121.2156153,13.870546],[121.2156205,13.8704918],[121.2156525,13.870371],[121.2158436,13.8698353],[121.2158607,13.8697419]]}},{"type":"Feature","properties":{"category":"context-water","boat":"no","name":"Tubig ng Bayan","source":"Bing","waterway":"river"},"geometry":{"type":"LineString","coordinates":[[121.2169234,13.8803476],[121.217117,13.8802191],[121.2173721,13.8800215],[121.2177112,13.8797492],[121.2180106,13.8794384],[121.2180842,13.8793508],[121.218157,13.8792406],[121.2183584,13.8788668],[121.2184557,13.8785854],[121.2184708,13.8784205],[121.2184955,13.8782441],[121.2185743,13.8781423],[121.2187773,13.8780692],[121.2188984,13.8780663],[121.2190513,13.8780937],[121.2193056,13.8781563],[121.2193752,13.878164],[121.2194316,13.8781565],[121.2195393,13.8781345],[121.2196233,13.878122],[121.2197085,13.878127],[121.2198432,13.8781701],[121.2199565,13.8781979],[121.2200392,13.8781892],[121.2201145,13.8781695],[121.2204713,13.8780895],[121.220519,13.8780765],[121.2205643,13.8780607],[121.2206213,13.8780325],[121.2206495,13.8780257],[121.2206798,13.8780245],[121.2207052,13.8780285],[121.2207356,13.8780373],[121.2212531,13.8782631],[121.2216274,13.8783342],[121.2218716,13.8782947],[121.2222621,13.8783658],[121.2226365,13.8783026],[121.2228528,13.8782144],[121.2230433,13.8781367],[121.2234502,13.8779708],[121.2239059,13.8776943],[121.2241663,13.8773783],[121.2244755,13.8770544],[121.2248661,13.8770939],[121.2252811,13.8772124],[121.2256717,13.8773388],[121.2260704,13.8771097],[121.2263227,13.8767463],[121.2265261,13.8765014],[121.2269736,13.8763197],[121.2274131,13.8763276],[121.227885,13.8763197],[121.2283977,13.8762565],[121.228829,13.8761064],[121.2293497,13.8759563],[121.2298298,13.8758694],[121.2307982,13.8756719],[121.2312032,13.8755977],[121.2315492,13.875525],[121.231734,13.8754744],[121.2318286,13.8752689],[121.2318323,13.8751463],[121.2319049,13.8749372],[121.2321164,13.8746054],[121.2322792,13.8742579],[121.2325721,13.8739261],[121.2326535,13.8735864],[121.2325721,13.8731598],[121.232686,13.872907],[121.2327918,13.8726068],[121.2330685,13.8720696],[121.2332072,13.8717922]]}},{"type":"Feature","properties":{"category":"context-water","boat":"no","source":"Bing","waterway":"river"},"geometry":{"type":"LineString","coordinates":[[121.2080923,13.8964353],[121.2081397,13.8961871],[121.208161,13.8960752],[121.2082366,13.8957952],[121.2083812,13.8955724],[121.208399,13.895534],[121.2084102,13.8954961],[121.2084203,13.8954446],[121.2084272,13.8953958],[121.2084412,13.8953472],[121.2084619,13.8952946],[121.2084827,13.895254],[121.20855,13.8951453],[121.2085927,13.8950888],[121.2086278,13.8950557],[121.2086636,13.8950245],[121.2088009,13.894935],[121.2088905,13.8948766],[121.2091084,13.8947299],[121.2093213,13.8945607],[121.2096673,13.8942321],[121.209707,13.8941759],[121.2097659,13.8940588],[121.209782,13.8940083],[121.209784,13.8939463],[121.2097689,13.8938737],[121.2097429,13.8938243],[121.2095102,13.8935392],[121.2094386,13.8934282],[121.2093665,13.8932696],[121.2092427,13.8929152],[121.209224,13.8928445],[121.2092181,13.892797],[121.2092182,13.8927451],[121.2092224,13.8926853],[121.2092325,13.8926081],[121.2092496,13.8925284],[121.209363,13.8921814],[121.2094096,13.8920439],[121.209648,13.8913413],[121.2098472,13.8909212],[121.2098715,13.8907629],[121.2098472,13.8906078],[121.2097579,13.8903011],[121.2097288,13.8901749],[121.2097214,13.8900091],[121.2097613,13.8898389],[121.2098132,13.8897537],[121.2098623,13.8896463],[121.2098859,13.8894952],[121.2098647,13.889363],[121.2098358,13.8892441],[121.2098146,13.8891301],[121.2098071,13.8890001],[121.2098437,13.8888127],[121.2098417,13.8886455],[121.2098302,13.8885278],[121.2098407,13.8884542],[121.2098813,13.8883707],[121.2099273,13.8883003],[121.209996,13.8882121],[121.2100462,13.8881549],[121.2100724,13.8881116],[121.2101139,13.8880079],[121.2102456,13.8875207],[121.2103143,13.8871406],[121.2103373,13.8870945],[121.2103821,13.8870425],[121.2104728,13.8869777],[121.2105436,13.8869299],[121.2106003,13.886884],[121.2106722,13.8867992],[121.2107168,13.8867203],[121.2107502,13.8866246],[121.2107632,13.8865781],[121.21077,13.886511],[121.2107655,13.8864391],[121.2107444,13.8863669],[121.2106955,13.8862726],[121.2105762,13.8860965],[121.2105017,13.8859911],[121.2104845,13.8859559],[121.2104742,13.8858996],[121.2104722,13.8858298],[121.2104849,13.8857674],[121.2105925,13.8855444],[121.2106508,13.8854614],[121.2107249,13.8854079],[121.2108052,13.8853936],[121.2108707,13.8853995],[121.2109248,13.8854247],[121.2109732,13.8854622],[121.2110072,13.8855011],[121.2110289,13.8855222],[121.211174,13.8856478],[121.2111954,13.8856537],[121.2112158,13.8856411],[121.2112335,13.8856201],[121.2112499,13.8855898],[121.2112578,13.8855678],[121.2112674,13.8855344],[121.2112852,13.8855042],[121.2113131,13.8854709],[121.2113419,13.8854538],[121.2113965,13.8854329],[121.2114609,13.8853963],[121.2115479,13.8853329],[121.2116179,13.8852512],[121.2116664,13.8851626],[121.2117621,13.8848924],[121.2117824,13.884783],[121.2117893,13.8846123],[121.2117895,13.8845918],[121.2117901,13.8845332]]}},{"type":"Feature","properties":{"category":"context-water","waterway":"stream"},"geometry":{"type":"LineString","coordinates":[[121.2172733,13.8679341],[121.2175494,13.8674188],[121.2177667,13.867049],[121.2178901,13.8665464],[121.2180027,13.8660725],[121.2184051,13.8653824],[121.2186089,13.8650231],[121.2189013,13.8647601],[121.2190622,13.8646455],[121.2191883,13.8641924],[121.2192124,13.8637783],[121.2191749,13.8634502],[121.2193197,13.8631924],[121.2195584,13.8629685],[121.2196362,13.862807],[121.219604,13.8627029],[121.2196389,13.8626273],[121.2197489,13.8625805],[121.219824,13.8624164],[121.219883,13.8623904],[121.2200895,13.8623825],[121.2201673,13.8623096],[121.2203336,13.8619763],[121.2204435,13.8616169],[121.2205052,13.8611821],[121.2207037,13.8607967],[121.2210095,13.8604633],[121.2212697,13.8602029],[121.2213823,13.8597706],[121.2215352,13.8593982],[121.2216639,13.8588097],[121.2215352,13.8582681],[121.2219161,13.8581535],[121.2220716,13.8576951],[121.2223989,13.8568514],[121.2225383,13.8565597],[121.2227529,13.8564243],[121.223048,13.8562941],[121.2231821,13.8560702],[121.2232411,13.8557941],[121.2232628,13.8556768]]}},{"type":"Feature","properties":{"category":"context-water","waterway":"stream"},"geometry":{"type":"LineString","coordinates":[[121.216984,13.858732],[121.2170613,13.8580076],[121.2172866,13.8571431],[121.2176782,13.8569452],[121.2179947,13.8566118],[121.2187189,13.8563436],[121.2187055,13.8560024],[121.2187806,13.8557082],[121.2186867,13.8553072],[121.2187457,13.8551014],[121.2182575,13.8546378],[121.2182951,13.8544894],[121.218397,13.8544556],[121.2184184,13.8543671],[121.2185103,13.8542664],[121.218511,13.8541535],[121.2184761,13.8540819],[121.2183809,13.8540558],[121.2183668,13.8540389],[121.2183713,13.8540099],[121.2183981,13.8539606]]}},{"type":"Feature","properties":{"category":"context-water","layer":"-1","tunnel":"culvert","waterway":"stream"},"geometry":{"type":"LineString","coordinates":[[121.2147278,13.8639619],[121.2147506,13.8639007]]}},{"type":"Feature","properties":{"category":"context-water","layer":"-1","tunnel":"culvert","waterway":"stream"},"geometry":{"type":"LineString","coordinates":[[121.2099132,13.869101],[121.2099145,13.8690489]]}},{"type":"Feature","properties":{"category":"context-water","waterway":"stream"},"geometry":{"type":"LineString","coordinates":[[121.2094948,13.8700758],[121.2096329,13.8699147],[121.2097147,13.8696166],[121.2098569,13.8693536],[121.2099105,13.8691453],[121.2099132,13.869101]]}},{"type":"Feature","properties":{"category":"context-water","layer":"-1","tunnel":"culvert","waterway":"stream"},"geometry":{"type":"LineString","coordinates":[[121.2093499,13.8701765],[121.2094733,13.8701009]]}},{"type":"Feature","properties":{"category":"context-water","waterway":"stream"},"geometry":{"type":"LineString","coordinates":[[121.202895,13.8806268],[121.2029421,13.880475],[121.2030762,13.880298],[121.2033176,13.8801105],[121.2037736,13.8799074],[121.2039399,13.8798761],[121.2041813,13.8797147],[121.2042269,13.8795038],[121.2042189,13.8793658],[121.2043047,13.8791705],[121.2042537,13.8790012],[121.2043261,13.8787513],[121.204471,13.8786002],[121.2046373,13.8784336],[121.2046158,13.8782409],[121.2046856,13.8780951],[121.2048519,13.8778816],[121.2049109,13.8777462],[121.2048787,13.8774076],[121.2050101,13.8771316],[121.2053883,13.8768556],[121.205619,13.8766004],[121.2061044,13.8764442],[121.2061594,13.8760927]]}},{"type":"Feature","properties":{"category":"context-water","waterway":"stream"},"geometry":{"type":"LineString","coordinates":[[121.2096046,13.8678843],[121.2095699,13.867838],[121.2095457,13.867687],[121.2095779,13.8672209],[121.2095927,13.8671167],[121.2096289,13.8670204],[121.2096919,13.8669318],[121.2097737,13.8668616],[121.2100929,13.8666272],[121.2101485,13.866575],[121.2101948,13.866523],[121.2103209,13.8663251],[121.2103584,13.8662913],[121.210404,13.86626],[121.2105301,13.8661793],[121.2105864,13.8661246],[121.2106132,13.8660491],[121.2107956,13.8646741],[121.2108318,13.8645257],[121.2108815,13.8644332],[121.2109458,13.8643499],[121.2110491,13.8642601],[121.2113924,13.8641169],[121.2114783,13.8640791],[121.2115547,13.8640348],[121.2116432,13.8639802],[121.2117102,13.8639606],[121.2117653,13.8639515],[121.2121998,13.8639216],[121.2122602,13.863902],[121.212303,13.8638708],[121.2124036,13.8637809],[121.212464,13.8637575],[121.2125283,13.8637575],[121.2125994,13.8637796],[121.2126544,13.8638122],[121.2127724,13.8638994],[121.2128435,13.863932],[121.2129199,13.8639528],[121.2130809,13.8639828],[121.2131157,13.8639997],[121.213152,13.8640322],[121.213207,13.8641468],[121.2132713,13.8641963],[121.2133276,13.8642158],[121.2133826,13.8642184],[121.2134363,13.864208],[121.213553,13.8641663],[121.2135985,13.8641676],[121.2136388,13.8641742],[121.2140357,13.864264],[121.2141108,13.8642575],[121.2141618,13.8642249],[121.2143295,13.8640896],[121.2143804,13.8640583],[121.2144461,13.8640322],[121.2146768,13.8640075],[121.2147278,13.8639619]]}},{"type":"Feature","properties":{"category":"context-road","alt_name":"Rosario-San Juan-Candelaria Road","auto_rickshaw":"yes","auto_rickshaw:conditional":"no @ (06:00-19:00)","destination:forward":"San Juan;Lucena","highway":"primary","lanes":"2","lit":"yes","maxspeed":"40","maxspeed:type":"PH:urban","name":"Gualberto Avenue","official_name":"Dr. Crisanto Gualberto Avenue","ref":"422","sidewalk":"both","surface":"asphalt","width":"9"},"geometry":{"type":"LineString","coordinates":[[121.202525,13.8448186],[121.2027372,13.8448472],[121.2034459,13.8449534],[121.2040771,13.8450556]]}},{"type":"Feature","properties":{"category":"context-road","contributor":"waypoints.ph - eppgarcia","highway":"primary","lanes":"2","name":"Lipa-Rosario Road","ref":"435"},"geometry":{"type":"LineString","coordinates":[[121.2039273,13.8518365],[121.2037531,13.8513952],[121.2036402,13.8511091],[121.2033974,13.8504966],[121.2032278,13.8500688],[121.2031315,13.849768],[121.2030948,13.8496037],[121.2030633,13.8493812],[121.2029371,13.8483487]]}},{"type":"Feature","properties":{"category":"context-water","waterway":"stream"},"geometry":{"type":"LineString","coordinates":[[121.2275627,13.8459095],[121.2271625,13.8457262],[121.2270713,13.8455647],[121.2270954,13.8453173],[121.2272537,13.8448928],[121.2278278,13.8442023]]}},{"type":"Feature","properties":{"category":"context-water","admin_level":"6","boundary":"administrative","layer":"-1","tunnel":"culvert","waterway":"stream"},"geometry":{"type":"LineString","coordinates":[[121.2232196,13.8552342],[121.2232143,13.8551965]]}},{"type":"Feature","properties":{"category":"context-water","waterway":"stream"},"geometry":{"type":"LineString","coordinates":[[121.2094733,13.8701009],[121.2094948,13.8700758]]}},{"type":"Feature","properties":{"category":"context-water","waterway":"stream"},"geometry":{"type":"LineString","coordinates":[[121.2140069,13.8748964],[121.2141108,13.8743183],[121.2141188,13.8742962],[121.2141487,13.8742482],[121.2141702,13.8742268],[121.2144327,13.8740746],[121.2145132,13.8740188],[121.2145997,13.8739343],[121.2146559,13.8738648],[121.2146913,13.8738091],[121.2147573,13.8736788],[121.2148248,13.8735629]]}},{"type":"Feature","properties":{"category":"context-water","layer":"-1","waterway":"stream"},"geometry":{"type":"LineString","coordinates":[[121.2129581,13.8772102],[121.2130438,13.8770102],[121.2134465,13.8761715],[121.2135467,13.8759927],[121.2135812,13.8759446],[121.2136221,13.8758945],[121.2136941,13.8758158],[121.2137358,13.8757605],[121.2137667,13.8757058]]}},{"type":"Feature","properties":{"category":"context-water","layer":"-1","tunnel":"culvert","waterway":"stream"},"geometry":{"type":"LineString","coordinates":[[121.2128818,13.8773555],[121.2129581,13.8772102]]}},{"type":"Feature","properties":{"category":"context-water","waterway":"stream"},"geometry":{"type":"LineString","coordinates":[[121.2231819,13.8551191],[121.223107,13.85494],[121.223166,13.8544712],[121.2236112,13.8542056],[121.2238634,13.8539295],[121.2240082,13.853367],[121.2237614,13.8521014],[121.2237185,13.8511274],[121.2243515,13.850268],[121.2248665,13.8497993],[121.2253654,13.8495753],[121.2265509,13.849268],[121.2270927,13.8489138],[121.2275219,13.8484034],[121.2277687,13.8475492],[121.227951,13.8468669],[121.2279296,13.8464346],[121.2278531,13.8462406],[121.2275627,13.8459095]]}},{"type":"Feature","properties":{"category":"context-water","admin_level":"6","boundary":"administrative","waterway":"stream"},"geometry":{"type":"LineString","coordinates":[[121.2232628,13.8556768],[121.2232196,13.8552342]]}},{"type":"Feature","properties":{"category":"context-water","waterway":"stream"},"geometry":{"type":"LineString","coordinates":[[121.2160018,13.8691948],[121.216097,13.8690711],[121.2162834,13.8688562],[121.2165517,13.8685594],[121.2167716,13.8684083],[121.2171364,13.8681896],[121.2172733,13.8679341]]}},{"type":"Feature","properties":{"category":"context-water","boat":"no","name":"Tubig ng Bayan","source":"Bing","waterway":"river"},"geometry":{"type":"LineString","coordinates":[[121.2117948,13.8844571],[121.2118013,13.8843671],[121.2118131,13.8843034],[121.2118356,13.8842364],[121.2119685,13.8840301],[121.2120067,13.8839501],[121.2120795,13.8838185],[121.2121196,13.8837316],[121.2121773,13.8835862],[121.2122225,13.8834998],[121.2122674,13.8834414],[121.2124189,13.8832849],[121.212552,13.8831637],[121.2125969,13.8831217],[121.2126548,13.8830769],[121.2127353,13.8830255],[121.212818,13.8829804],[121.2128707,13.8829615],[121.2129341,13.8829511],[121.2130285,13.8829249],[121.2131191,13.882885],[121.2131782,13.8828378],[121.2131969,13.882816],[121.2132309,13.8827683],[121.2132624,13.8827365],[121.2133146,13.8827013],[121.2134099,13.8826562],[121.2136284,13.8825753],[121.2136608,13.8825537],[121.2137466,13.8824592],[121.2138003,13.8824248],[121.2141835,13.8822519],[121.2142032,13.8822446],[121.214224,13.882238],[121.2142351,13.8822357],[121.2142448,13.8822325],[121.2142549,13.8822287],[121.2142693,13.8822203],[121.2142805,13.8822076],[121.2142896,13.8821901],[121.2142947,13.8821689],[121.2142931,13.8821344],[121.2142849,13.882094],[121.2142686,13.8820125],[121.2142557,13.8818803],[121.2142584,13.8818435],[121.214269,13.8818081],[121.214318,13.8817113],[121.2143327,13.8816761],[121.2143494,13.88165],[121.2143685,13.8816302],[121.21439,13.8816215],[121.2144436,13.8816181],[121.2145066,13.8816233],[121.214563,13.8816263],[121.2146207,13.8816243],[121.2147146,13.8816109],[121.2148242,13.8816068],[121.2149165,13.8815934],[121.2149998,13.8815682],[121.2151093,13.8815414],[121.21522,13.8815032],[121.2153081,13.8814577],[121.2153578,13.8814237],[121.2154806,13.8813179],[121.2155229,13.8812751],[121.2155445,13.8812329],[121.2155461,13.8811937],[121.2155166,13.8809995],[121.2155165,13.8809694],[121.215534,13.8809405],[121.2155541,13.8809249],[121.2155813,13.880916],[121.2156091,13.8809082],[121.2156433,13.8808926],[121.2156784,13.8808647],[121.2157185,13.8808478],[121.2157797,13.8808373],[121.215878,13.8808257],[121.2160081,13.8807957],[121.2161098,13.8807579],[121.2161886,13.8807007],[121.2162437,13.880645],[121.2163028,13.8805962],[121.2163639,13.8805729],[121.2164355,13.880556],[121.2165352,13.8805389],[121.2166187,13.8805125],[121.2169234,13.8803476]]}},{"type":"Feature","properties":{"category":"context-water","waterway":"stream"},"geometry":{"type":"LineString","coordinates":[[121.2099145,13.8690489],[121.2099105,13.8690125],[121.2098622,13.8688849],[121.2099212,13.8685515],[121.2099749,13.8683797],[121.2099625,13.8683138]]}},{"type":"Feature","properties":{"category":"context-water","waterway":"stream"},"geometry":{"type":"LineString","coordinates":[[121.2148297,13.8891094],[121.2150657,13.8885808],[121.2150469,13.8885131],[121.2149021,13.8884089],[121.2149262,13.8883282],[121.2155753,13.8869847],[121.2160984,13.8860447],[121.2162513,13.8859431],[121.2164323,13.885878],[121.2164726,13.8858365]]}},{"type":"Feature","properties":{"category":"context-water","boat":"no","name":"Tubig ng Bayan","source":"Bing","waterway":"river"},"geometry":{"type":"LineString","coordinates":[[121.2117901,13.8845332],[121.2117948,13.8844571]]}},{"type":"Feature","properties":{"category":"context-water","waterway":"stream"},"geometry":{"type":"LineString","coordinates":[[121.2005737,13.8883061],[121.2005791,13.8882547],[121.2005965,13.8882325],[121.2006019,13.8881577],[121.2005979,13.8880783],[121.2005979,13.8880314],[121.2005939,13.8879676],[121.2005858,13.8879051],[121.2005898,13.8878517],[121.2005831,13.8877866],[121.2005872,13.8877254],[121.2005737,13.8876721],[121.2005791,13.8876083],[121.2005898,13.8875419],[121.2005764,13.8874755],[121.2005845,13.8874286],[121.2005737,13.8873791],[121.2005657,13.8872633],[121.2005523,13.8871513],[121.2005469,13.8870576],[121.2005201,13.8869586],[121.2005416,13.8868727],[121.2005925,13.8867842],[121.2006006,13.8866956],[121.2006327,13.8866253],[121.2006676,13.8865368],[121.2006542,13.8864535],[121.2006354,13.8863702],[121.2006381,13.8862816],[121.2006488,13.88624],[121.2006783,13.8862035],[121.2007079,13.8861566],[121.2007333,13.8861007],[121.2007722,13.8860551],[121.2008151,13.8859978],[121.200856,13.8859535],[121.2009037,13.8859028],[121.2009211,13.8858663],[121.2009332,13.8858168],[121.2009586,13.8857426],[121.201019,13.8855395],[121.2010485,13.8854692],[121.2010592,13.8854041],[121.2010404,13.8853052],[121.2010485,13.8852531],[121.2010807,13.8852089],[121.2013409,13.885011],[121.2013784,13.8849355],[121.2013945,13.8848417],[121.2013569,13.8845293],[121.2013543,13.8844563],[121.2013757,13.8843756],[121.2025639,13.8810401],[121.2026122,13.8809698],[121.2026564,13.8809229],[121.2027544,13.8808734],[121.2028026,13.8808187],[121.2028429,13.8807927],[121.202895,13.8806268]]}},{"type":"Feature","properties":{"category":"context-water","waterway":"river"},"geometry":{"type":"LineString","coordinates":[[121.2258645,13.8827583],[121.2268567,13.8825894],[121.2274736,13.8824279],[121.2279242,13.8821832],[121.2290239,13.8811729],[121.2297749,13.8809333],[121.2309927,13.8806209],[121.2316149,13.8802563],[121.2319046,13.879746],[121.2323767,13.8787565],[121.2327576,13.8783138],[121.2330044,13.8778868],[121.2330687,13.8777566],[121.2330955,13.8775743],[121.2331097,13.8771189]]}},{"type":"Feature","properties":{"category":"context-water","waterway":"river"},"geometry":{"type":"LineString","coordinates":[[121.21655,13.8857072],[121.2165812,13.8856242],[121.216726,13.8851386],[121.2167904,13.8850578],[121.2168734,13.8849918],[121.2173483,13.8846985],[121.217418,13.8846152],[121.2176675,13.8844017],[121.2180671,13.883532],[121.2182012,13.8834356],[121.2184775,13.8833784],[121.2188208,13.8832065],[121.2190434,13.8830815],[121.2192634,13.883006],[121.219663,13.8830711],[121.2198427,13.883144],[121.2200573,13.8834304],[121.2202692,13.8835111],[121.2205508,13.8835033],[121.2210873,13.8833601],[121.2214279,13.8833315],[121.222305,13.8829591],[121.2227824,13.8828394],[121.2233001,13.8828237],[121.223917,13.8829696],[121.2243783,13.8830112],[121.2258645,13.8827583]]}},{"type":"Feature","properties":{"category":"context-road","alt_name":"Tiaong - Rosario - Lipa Road","highway":"primary","lanes":"4","name":"Batangas-Quezon Road","ref":"435","surface":"asphalt","width":"14"},"geometry":{"type":"LineString","coordinates":[[121.2190909,13.8830019],[121.2189979,13.8828797],[121.2188148,13.8826041],[121.2186684,13.8823848],[121.2182864,13.8818666],[121.2179501,13.8813922],[121.217449,13.8806867],[121.2172191,13.8803456],[121.2171604,13.8802757]]}},{"type":"Feature","properties":{"category":"context-road","alt_name":"Tiaong - Rosario - Lipa Road","bridge":"yes","bridge:name":"Bawi Bridge","highway":"primary","lanes":"4","layer":"1","maxweight":"10","name":"Batangas-Quezon Road","ref":"435","sidewalk":"both","surface":"asphalt","width":"14"},"geometry":{"type":"LineString","coordinates":[[121.2191371,13.8830637],[121.2190909,13.8830019]]}},{"type":"Feature","properties":{"category":"context-road","alt_name":"Tiaong - Rosario - Lipa Road","highway":"primary","lanes":"1","lit":"yes","maxspeed":"40","maxspeed:type":"PH:urban","name":"J. P. Rizal Street","oneway":"yes","ref":"435","sidewalk":"right"},"geometry":{"type":"LineString","coordinates":[[121.2154805,13.8781408],[121.2155,13.8781557],[121.2155157,13.8781651],[121.2155315,13.8781723],[121.2155518,13.8781828],[121.2155657,13.8781915],[121.215579,13.878201],[121.2157684,13.8783766],[121.2158589,13.8784706],[121.2159364,13.8785602],[121.2160266,13.8786686],[121.2162487,13.8789726],[121.2164527,13.8792551],[121.2166263,13.8795033],[121.2169391,13.8799567],[121.216962,13.8799954],[121.2169719,13.8800139],[121.2169858,13.8800428],[121.2170037,13.8800746]]}},{"type":"Feature","properties":{"category":"context-road","alt_name":"Tiaong - Rosario - Lipa Road","highway":"primary","lanes":"1","lit":"yes","maxspeed":"40","maxspeed:type":"PH:urban","name":"J. P. Rizal Street","oneway":"yes","ref":"435","sidewalk":"right"},"geometry":{"type":"LineString","coordinates":[[121.2170037,13.8800746],[121.2169796,13.8800485],[121.2169506,13.8800224],[121.216938,13.8800097],[121.2169063,13.8799719],[121.2165773,13.879487],[121.2164242,13.8792717],[121.2162171,13.8789954],[121.2159921,13.8786916],[121.2159047,13.8785862],[121.2158292,13.8785025],[121.2157398,13.8784116],[121.2156467,13.8783224],[121.2155484,13.8782297],[121.2155387,13.8782198],[121.2155281,13.8782057],[121.2155197,13.878191],[121.2155105,13.878177],[121.2154974,13.87816],[121.2154805,13.8781408]]}},{"type":"Feature","properties":{"category":"context-road","contributor":"waypoints.ph - eppgarcia","highway":"primary","lanes":"2","lit":"yes","maxspeed":"40","maxspeed:type":"PH:urban","name":"G. Carandang Street","ref":"435"},"geometry":{"type":"LineString","coordinates":[[121.2027111,13.8464607],[121.2026642,13.8460961],[121.2026161,13.8457681]]}},{"type":"Feature","properties":{"category":"context-road","alt_name":"Rosario-San Juan-Candelaria Road","auto_rickshaw":"yes","auto_rickshaw:conditional":"no @ (06:00-19:00)","highway":"primary","lanes":"2","lit":"yes","maxspeed":"40","maxspeed:type":"PH:urban","name":"Gualberto Avenue","official_name":"Dr. Crisanto Gualberto Avenue","ref":"422","sidewalk":"both","surface":"asphalt","width":"8"},"geometry":{"type":"LineString","coordinates":[[121.2040771,13.8450556],[121.2042095,13.8450746],[121.2052629,13.8452512]]}},{"type":"Feature","properties":{"category":"context-water","layer":"-1","tunnel":"culvert","waterway":"stream"},"geometry":{"type":"LineString","coordinates":[[121.2125136,13.8461364],[121.212523,13.8459337]]}},{"type":"Feature","properties":{"category":"context-water","waterway":"stream"},"geometry":{"type":"LineString","coordinates":[[121.2128368,13.847824],[121.2128006,13.8476859],[121.2127644,13.8476377],[121.2126195,13.8474919],[121.2125847,13.8473942],[121.2126115,13.847238],[121.2126343,13.8470856],[121.2125646,13.8469138],[121.2125136,13.8461364]]}},{"type":"Feature","properties":{"category":"context-road","alt_name":"Rosario-San Juan-Candelaria Road","highway":"primary","lanes":"2","lit":"yes","maxspeed":"40","maxspeed:type":"PH:urban","name":"Gualberto Avenue","official_name":"Dr. Crisanto Gualberto Avenue","ref":"422","sidewalk":"both","surface":"asphalt","width":"8"},"geometry":{"type":"LineString","coordinates":[[121.2069877,13.8455044],[121.20729,13.8455467],[121.2076234,13.8455934]]}},{"type":"Feature","properties":{"category":"context-road","alt_name":"Rosario-San Juan-Candelaria Road","auto_rickshaw":"yes","auto_rickshaw:conditional":"no @ (06:00-19:00)","highway":"primary","lanes":"2","lit":"yes","maxspeed":"40","maxspeed:type":"PH:urban","name":"Gualberto Avenue","official_name":"Dr. Crisanto Gualberto Avenue","ref":"422","sidewalk":"both","surface":"asphalt","width":"8"},"geometry":{"type":"LineString","coordinates":[[121.2060402,13.8453692],[121.2061704,13.845389],[121.2063531,13.8454118],[121.2066448,13.8454541],[121.2069877,13.8455044]]}},{"type":"Feature","properties":{"category":"context-road","alt_name":"Rosario-San Juan-Candelaria Road","auto_rickshaw":"yes","auto_rickshaw:conditional":"no @ (06:00-19:00)","highway":"primary","lanes":"2","lit":"yes","maxspeed":"40","maxspeed:type":"PH:urban","name":"Gualberto Avenue","official_name":"Dr. Crisanto Gualberto Avenue","ref":"422","sidewalk":"both","surface":"asphalt","width":"8"},"geometry":{"type":"LineString","coordinates":[[121.2052629,13.8452512],[121.205369,13.8452673],[121.2054578,13.8452801],[121.2060402,13.8453692]]}},{"type":"Feature","properties":{"category":"context-road","contributor":"waypoints.ph - eppgarcia","highway":"primary","lanes":"2","lit":"yes","maxspeed":"40","maxspeed:type":"PH:urban","name":"G. Carandang Street","ref":"435"},"geometry":{"type":"LineString","coordinates":[[121.2029371,13.8483487],[121.2028666,13.8478714],[121.2028106,13.8475053],[121.2027618,13.8470265],[121.2027111,13.8464607]]}},{"type":"Feature","properties":{"category":"context-road","alt_name":"Rosario-San Juan-Candelaria Road","highway":"primary","lanes":"2","lit":"yes","name":"Gualberto Avenue","official_name":"Dr. Crisanto Gualberto Avenue","ref":"422","sidewalk":"both","surface":"asphalt","width":"6.1"},"geometry":{"type":"LineString","coordinates":[[121.2107023,13.8462726],[121.2110303,13.8462198],[121.2113023,13.8461829],[121.2117807,13.8461155],[121.2122711,13.8460693],[121.2123335,13.8460644],[121.2124079,13.8460585],[121.2124634,13.8460523]]}},{"type":"Feature","properties":{"category":"context-water","layer":"-1","tunnel":"culvert","waterway":"stream"},"geometry":{"type":"LineString","coordinates":[[121.1990127,13.8443049],[121.1989759,13.8441513]]}},{"type":"Feature","properties":{"category":"context-water","waterway":"stream"},"geometry":{"type":"LineString","coordinates":[[121.1957575,13.8634103],[121.1957887,13.8633044],[121.1958182,13.8631898],[121.1958772,13.8630804],[121.1961119,13.8627888],[121.1961816,13.8627029],[121.1962594,13.8626143],[121.19647,13.8622966],[121.1965236,13.8622471],[121.1966014,13.8622133],[121.1970547,13.8622029],[121.1971459,13.8621846],[121.1972478,13.8621508],[121.1973283,13.8620909],[121.19739,13.8620206],[121.1974704,13.8617081],[121.1975107,13.8616196],[121.1976206,13.8615571],[121.1978164,13.8614659],[121.1978701,13.861419],[121.1979023,13.8613565],[121.1979076,13.8612849],[121.1978915,13.8612107],[121.1978218,13.8609998],[121.1978084,13.860919],[121.197803,13.8608409],[121.197795,13.8605805],[121.1977816,13.8604633],[121.1977038,13.8603722],[121.197516,13.8602836],[121.1974195,13.8602211],[121.1973605,13.860156],[121.1973578,13.8600389],[121.1974141,13.8599503],[121.1976233,13.8597784],[121.1977306,13.8597107],[121.1977923,13.8596404],[121.197921,13.8594633],[121.1979774,13.859367],[121.1980873,13.859255],[121.1985674,13.8587837],[121.1986157,13.8586769],[121.1986399,13.8585779],[121.1986291,13.8583097],[121.1986506,13.858216],[121.198715,13.858117],[121.1994633,13.857229],[121.1995062,13.8571743],[121.1995304,13.8571118],[121.1995304,13.8570506]]}},{"type":"Feature","properties":{"category":"context-road","alt_name":"Tiaong - Rosario - Lipa Road","highway":"primary","lanes":"2","lit":"yes","maxspeed":"40","maxspeed:type":"PH:urban","name":"J. P. Rizal Street","ref":"435"},"geometry":{"type":"LineString","coordinates":[[121.2170037,13.8800746],[121.2170714,13.8801593]]}},{"type":"Feature","properties":{"category":"context-road","alt_name":"Rosario-San Juan-Candelaria Road","highway":"primary","lanes":"2","lit":"yes","name":"Rosario-San Juan Road","overtaking":"no","ref":"422","shoulder":"both","sidewalk":"both","width":"6.1"},"geometry":{"type":"LineString","coordinates":[[121.2258583,13.8442558],[121.2262724,13.8441816],[121.2263293,13.8441719],[121.2265522,13.8441339],[121.2267396,13.8441176],[121.226964,13.8441064],[121.227322,13.8441011],[121.2280053,13.8441284]]}},{"type":"Feature","properties":{"category":"context-road","alt_name":"Rosario-San Juan-Candelaria Road","highway":"primary","lanes":"2","lit":"yes","name":"Rosario-San Juan Road","ref":"422","shoulder":"both","sidewalk":"both","width":"6.1"},"geometry":{"type":"LineString","coordinates":[[121.2213407,13.8451237],[121.2218935,13.8450428],[121.2230705,13.8447701],[121.2234413,13.8447005],[121.2244031,13.8445132],[121.2256855,13.8442867],[121.2258583,13.8442558]]}},{"type":"Feature","properties":{"category":"context-road","alt_name":"Rosario-San Juan-Candelaria Road","highway":"primary","lanes":"2","lit":"yes","maxspeed":"40","maxspeed:type":"PH:urban","name":"Gualberto Avenue","official_name":"Dr. Crisanto Gualberto Avenue","ref":"422","sidewalk":"both","surface":"asphalt","width":"8"},"geometry":{"type":"LineString","coordinates":[[121.2076234,13.8455934],[121.2079514,13.8456772],[121.2080144,13.8457052]]}},{"type":"Feature","properties":{"category":"context-road","alt_name":"Rosario-San Juan-Candelaria Road","highway":"primary","lanes":"2","lit":"yes","name":"Gualberto Avenue","official_name":"Dr. Crisanto Gualberto Avenue","ref":"422","sidewalk":"both","surface":"asphalt","width":"6.7"},"geometry":{"type":"LineString","coordinates":[[121.2080144,13.8457052],[121.2081148,13.8457546],[121.2082183,13.8458146]]}},{"type":"Feature","properties":{"category":"context-water","layer":"-1","tunnel":"culvert","waterway":"stream"},"geometry":{"type":"LineString","coordinates":[[121.2072109,13.8465218],[121.2072011,13.8464536]]}},{"type":"Feature","properties":{"category":"context-water","waterway":"stream"},"geometry":{"type":"LineString","coordinates":[[121.2071211,13.8473774],[121.2073919,13.8473539],[121.2074456,13.8473057],[121.207459,13.8472315],[121.2074482,13.847169],[121.2074026,13.8471195],[121.2070499,13.8470478],[121.2069702,13.8470019],[121.206927,13.8469265],[121.2069663,13.8468506],[121.2070459,13.8468011],[121.2072793,13.8467705],[121.2073155,13.8467679],[121.2073356,13.8467497],[121.2073369,13.8467171],[121.2073155,13.8466755],[121.2072511,13.8466065],[121.207227,13.84657],[121.2072109,13.8465218]]}},{"type":"Feature","properties":{"category":"context-water","waterway":"stream"},"geometry":{"type":"LineString","coordinates":[[121.2094102,13.8513732],[121.2094733,13.8513384],[121.2095699,13.8513279],[121.2096477,13.8513488],[121.2098676,13.8514191],[121.2099534,13.8514165],[121.2100205,13.8513826],[121.210058,13.8513175],[121.2100661,13.8512498],[121.2100527,13.8510076],[121.2100688,13.8509581],[121.2101251,13.8509321],[121.2101734,13.8509373],[121.2102243,13.8509581],[121.210691,13.8511535],[121.2107474,13.8511691],[121.2108037,13.8511665],[121.21086,13.8511456],[121.2109029,13.8511196],[121.2109968,13.8510311],[121.2110504,13.8510076],[121.2111175,13.8510102],[121.2113053,13.8510675],[121.2113589,13.8510727],[121.2114179,13.8510597],[121.2114875,13.8510327]]}},{"type":"Feature","properties":{"category":"context-water","layer":"-1","tunnel":"culvert","waterway":"stream"},"geometry":{"type":"LineString","coordinates":[[121.2093459,13.8514087],[121.2094102,13.8513732]]}},{"type":"Feature","properties":{"category":"context-water","waterway":"stream"},"geometry":{"type":"LineString","coordinates":[[121.2115788,13.8509972],[121.2116432,13.8509868],[121.2117076,13.8509998],[121.21178,13.8510128],[121.211831,13.8509946],[121.2118658,13.8509529],[121.2119758,13.8506899],[121.2120053,13.850643],[121.2120375,13.8506066],[121.2122145,13.8504073]]}},{"type":"Feature","properties":{"category":"context-water","layer":"-1","tunnel":"culvert","waterway":"stream"},"geometry":{"type":"LineString","coordinates":[[121.2114875,13.8510327],[121.2115788,13.8509972]]}},{"type":"Feature","properties":{"category":"context-water","waterway":"stream"},"geometry":{"type":"LineString","coordinates":[[121.212523,13.8459337],[121.2125968,13.8453463],[121.2125968,13.8450217],[121.2123599,13.8444882],[121.2122761,13.8440016],[121.2121943,13.8437963],[121.2120169,13.843432],[121.2118589,13.8431762],[121.2117291,13.842879],[121.2115681,13.8427345],[121.2113825,13.8424781],[121.2112268,13.8422199]]}},{"type":"Feature","properties":{"category":"context-water","waterway":"stream"},"geometry":{"type":"LineString","coordinates":[[121.2064746,13.8475258],[121.2066382,13.8474346],[121.2068528,13.8474008],[121.2071211,13.8473774]]}},{"type":"Feature","properties":{"category":"context-water","layer":"-1","tunnel":"culvert","waterway":"stream"},"geometry":{"type":"LineString","coordinates":[[121.2081162,13.8458229],[121.2082646,13.8457376]]}},{"type":"Feature","properties":{"category":"context-water","waterway":"stream"},"geometry":{"type":"LineString","coordinates":[[121.2072011,13.8464536],[121.2071854,13.8463447],[121.2071706,13.8463161],[121.2071384,13.8462835],[121.2070419,13.8462275],[121.2070017,13.8462002],[121.2069856,13.8461689],[121.2069869,13.8461338],[121.2070162,13.8461068],[121.2071153,13.8461077],[121.2071512,13.8461064],[121.2071706,13.8460856],[121.2072741,13.8459014],[121.2072968,13.8458731],[121.2073389,13.8458625],[121.2074356,13.8458763],[121.2074853,13.8458818],[121.2075479,13.8458719],[121.2077047,13.8458318],[121.2077611,13.8458148],[121.207815,13.8458107],[121.2079096,13.8458218],[121.2080052,13.8458312],[121.2081162,13.8458229]]}},{"type":"Feature","properties":{"category":"context-water","waterway":"stream"},"geometry":{"type":"LineString","coordinates":[[121.2082646,13.8457376],[121.2082703,13.845734],[121.2082764,13.8457262],[121.2083019,13.8456585],[121.2083287,13.8455953],[121.2083582,13.8455348],[121.2085024,13.8453538],[121.2085211,13.8452718],[121.2085077,13.8452093],[121.2083998,13.8450979],[121.208379,13.8450823],[121.2083669,13.8450517],[121.2083696,13.8449912],[121.2083689,13.8449768],[121.2083642,13.8449619],[121.2083518,13.8449176],[121.2083501,13.8448753],[121.2083669,13.8448349],[121.2084863,13.8447092],[121.208505,13.8446845],[121.2085104,13.8446376],[121.2084889,13.8445517],[121.2084863,13.8445087],[121.208497,13.8444592],[121.2085721,13.8442756],[121.2086016,13.8441819],[121.2086123,13.844109],[121.2086096,13.8440152],[121.2085667,13.8439345],[121.2082636,13.843635],[121.2082288,13.8435699],[121.2082368,13.8434865],[121.2084393,13.8428328],[121.2084554,13.8427677],[121.2084581,13.8426974],[121.2084514,13.8426102],[121.2084337,13.8425538]]}},{"type":"Feature","properties":{"category":"context-water","layer":"-1","tunnel":"culvert","waterway":"stream"},"geometry":{"type":"LineString","coordinates":[[121.2058607,13.8589626],[121.2059979,13.858946]]}},{"type":"Feature","properties":{"category":"context-water","waterway":"stream"},"geometry":{"type":"LineString","coordinates":[[121.2056136,13.860117],[121.2057289,13.8596326],[121.205733,13.8595753],[121.2057236,13.8595428],[121.2056565,13.85938],[121.2056538,13.8593462],[121.2056646,13.8593032],[121.2057739,13.8589874],[121.2057953,13.8589725],[121.2058275,13.8589666],[121.2058607,13.8589626]]}},{"type":"Feature","properties":{"category":"context-water","layer":"-1","tunnel":"culvert","waterway":"stream"},"geometry":{"type":"LineString","coordinates":[[121.2051134,13.8536717],[121.2051322,13.8536092]]}},{"type":"Feature","properties":{"category":"context-water","waterway":"stream"},"geometry":{"type":"LineString","coordinates":[[121.2058346,13.8566328],[121.2058456,13.8565168],[121.2058577,13.8564373],[121.2058577,13.8563332],[121.2058416,13.8560806],[121.2058577,13.8559816],[121.2058926,13.8558801],[121.2060857,13.8553827],[121.2061045,13.8552525],[121.2060803,13.8551144],[121.2060401,13.8550129],[121.2059945,13.8549321],[121.2057316,13.8545493],[121.2057021,13.8544712],[121.2057048,13.8543853],[121.2057719,13.8541952],[121.2057772,13.8541431],[121.2057665,13.8540936],[121.205737,13.8540519],[121.2056753,13.8540155],[121.2052274,13.8538853],[121.2051831,13.8538631],[121.2051456,13.853828],[121.2051174,13.8537785],[121.205108,13.8537264],[121.2051134,13.8536717]]}},{"type":"Feature","properties":{"category":"context-water","waterway":"stream"},"geometry":{"type":"LineString","coordinates":[[121.2051322,13.8536092],[121.2051684,13.853561],[121.2052314,13.8535337],[121.2055801,13.8534256],[121.205631,13.8533918],[121.2056632,13.8533371],[121.2056726,13.8532681],[121.2056699,13.8532238],[121.2056243,13.852841],[121.2056324,13.8527524],[121.2056646,13.8526899],[121.2058523,13.8524686],[121.2058872,13.8524074],[121.2059087,13.8523449],[121.2059261,13.8522329],[121.2059435,13.8521769],[121.2059824,13.8521404],[121.2061702,13.852048],[121.2062131,13.8520272],[121.2062325,13.8520154]]}},{"type":"Feature","properties":{"category":"context-water","waterway":"stream"},"geometry":{"type":"LineString","coordinates":[[121.2074461,13.8650869],[121.2074577,13.865066],[121.2074647,13.8650444],[121.2075207,13.8647497],[121.2075448,13.8646924],[121.207585,13.8646403],[121.2077379,13.8645101],[121.2077782,13.8644424],[121.2077942,13.8643643],[121.2078425,13.8639867],[121.2078559,13.8639268],[121.2078828,13.8638669],[121.2080504,13.8636286],[121.2080745,13.8635817],[121.2080839,13.8635375],[121.2080812,13.863501],[121.2080544,13.8634632],[121.2078479,13.8633617],[121.207813,13.8633278],[121.2077835,13.8632731],[121.2077916,13.863208],[121.2078238,13.8631586],[121.2080331,13.8630211],[121.2081094,13.8629711],[121.2081657,13.8629268],[121.2082006,13.862863],[121.2083642,13.8622322],[121.2083796,13.8622029],[121.2084038,13.8621801],[121.2085184,13.8621091],[121.2085573,13.8620792],[121.2085909,13.862031],[121.2086324,13.8619177],[121.2086526,13.8618761],[121.2086982,13.8618201],[121.2088698,13.8617159],[121.2088913,13.8616847],[121.208902,13.86163],[121.208902,13.861531],[121.2089208,13.8614451],[121.2089691,13.8613617],[121.2091354,13.8610987],[121.2091649,13.8610258],[121.2091699,13.8609265]]}},{"type":"Feature","properties":{"category":"context-water","covered":"no","intermittent":"no","layer":"-1","tunnel":"culvert","waterway":"stream"},"geometry":{"type":"LineString","coordinates":[[121.2071586,13.8652301],[121.2073841,13.865128],[121.2074086,13.865114],[121.2074308,13.8651014],[121.2074461,13.8650869]]}},{"type":"Feature","properties":{"category":"context-water","waterway":"stream"},"geometry":{"type":"LineString","coordinates":[[121.2022756,13.8751839],[121.2022716,13.8751657],[121.2022582,13.8751175],[121.2022313,13.8750381],[121.2022045,13.8749183],[121.2022045,13.8747959],[121.2022367,13.8746839],[121.2023118,13.8745694],[121.2027034,13.8741449],[121.2027517,13.8740303],[121.2027758,13.8738455],[121.2027329,13.8733976],[121.2027329,13.8732908],[121.2027356,13.873158],[121.2027839,13.8727909],[121.2028134,13.8726372],[121.2028134,13.8724654],[121.2026685,13.8719654],[121.2026417,13.8718664],[121.202631,13.8717493],[121.2026498,13.8716737],[121.2027088,13.8716034],[121.2028509,13.8715227],[121.2029046,13.8714967],[121.2029502,13.871455],[121.2031165,13.8711764],[121.2032184,13.87108],[121.2033659,13.8709915],[121.2037857,13.8708366],[121.2038299,13.8708027],[121.2038554,13.8707571],[121.2038943,13.8706035],[121.2039185,13.8705592],[121.2039587,13.8705254],[121.2041303,13.8704863],[121.2041759,13.8704551],[121.204184,13.8703926],[121.2041531,13.8702637],[121.2041491,13.8702168],[121.2041692,13.8701634],[121.2042135,13.8700697],[121.2042269,13.8700072],[121.2042108,13.8699577],[121.2041786,13.8699291],[121.204133,13.8699161],[121.2038031,13.86989],[121.2037522,13.8698874],[121.2037146,13.8698718],[121.2036878,13.8698327],[121.2036958,13.8697806],[121.2037441,13.8696999],[121.2037709,13.8696244],[121.2037629,13.8695463],[121.2036663,13.8692052],[121.2036395,13.8690984],[121.2036395,13.8689864],[121.203661,13.8688718],[121.2037146,13.8687521],[121.2042913,13.86817]]}},{"type":"Feature","properties":{"category":"context-water","waterway":"stream"},"geometry":{"type":"LineString","coordinates":[[121.2099395,13.8568414],[121.2098542,13.8565129],[121.2098461,13.8563176],[121.209873,13.8561899],[121.2099212,13.8560728],[121.2099776,13.855979],[121.2101573,13.8557967],[121.2102243,13.8556873],[121.2102699,13.8555259],[121.2102994,13.8550649],[121.2103209,13.8549816],[121.2103611,13.8549139],[121.2105864,13.8547069],[121.2106307,13.8546522],[121.2106642,13.854591],[121.2107688,13.8542993],[121.2108225,13.854216],[121.2108895,13.8541535],[121.2113026,13.8538983],[121.2113535,13.8538436],[121.211375,13.8537967],[121.2113763,13.8537043],[121.2113844,13.8536183],[121.2114233,13.8535441],[121.2119517,13.8529608],[121.2119785,13.8528826],[121.2119704,13.8527967],[121.2119061,13.8526457],[121.2119007,13.8525858],[121.2119329,13.8525259],[121.2119907,13.8524655]]}},{"type":"Feature","properties":{"category":"context-water","waterway":"stream"},"geometry":{"type":"LineString","coordinates":[[121.1933365,13.8609966],[121.193316,13.8608211],[121.1931457,13.8606144],[121.1930606,13.8602322],[121.1930712,13.8600978],[121.1931351,13.8598189],[121.1930819,13.8596794],[121.1929489,13.8594314],[121.1929489,13.8592403],[121.1930766,13.859075],[121.1931138,13.8589304],[121.1931138,13.858765],[121.1932415,13.8586462],[121.1935182,13.8586824],[121.193731,13.8588322],[121.1938587,13.8588219],[121.1939226,13.8586256],[121.1939864,13.8583724],[121.1941567,13.85814],[121.1943855,13.8580521],[121.1944653,13.857861],[121.1943908,13.8576957],[121.1942471,13.8575614],[121.1941407,13.8573806],[121.1940237,13.8573237],[121.1940024,13.8571998],[121.1941567,13.8571119],[121.1942578,13.8570241],[121.1941833,13.8568846],[121.1943163,13.8566677],[121.1943216,13.8564869],[121.1942046,13.8563525],[121.1941833,13.8561459],[121.1940449,13.8558256],[121.1940449,13.855619],[121.1940556,13.8554382],[121.1939439,13.8551489],[121.1939651,13.855061],[121.1938903,13.8547248]]}},{"type":"Feature","properties":{"category":"context-water","layer":"-1","tunnel":"culvert","waterway":"stream"},"geometry":{"type":"LineString","coordinates":[[121.1933132,13.8613478],[121.1933365,13.8609966]]}},{"type":"Feature","properties":{"category":"context-water","layer":"-1","tunnel":"culvert","waterway":"stream"},"geometry":{"type":"LineString","coordinates":[[121.1956661,13.8637209],[121.1957575,13.8634103]]}},{"type":"Feature","properties":{"category":"context-water","waterway":"stream"},"geometry":{"type":"LineString","coordinates":[[121.1932782,13.8672187],[121.1933398,13.8670907],[121.1933827,13.8669839],[121.1934283,13.8668537],[121.1938803,13.8661493],[121.1939004,13.8660699],[121.1939004,13.8660192],[121.1938897,13.8659736],[121.1938548,13.8659215],[121.1935517,13.865721],[121.1935155,13.8656767],[121.1935142,13.865622],[121.1935249,13.8655712],[121.1935598,13.8655309],[121.1939862,13.865372],[121.1940721,13.8653199],[121.1941364,13.8652392],[121.1942629,13.8649479],[121.1945254,13.8643434],[121.1946461,13.8642132],[121.1948284,13.8641273],[121.1954427,13.8639736],[121.19555,13.8639164],[121.1956331,13.863833],[121.1956661,13.8637209]]}},{"type":"Feature","properties":{"category":"context-water","waterway":"stream"},"geometry":{"type":"LineString","coordinates":[[121.2043771,13.8679045],[121.2043369,13.8677052],[121.2043369,13.8676271],[121.2043825,13.867575],[121.2045756,13.867454],[121.2046279,13.8674201],[121.2046708,13.867381],[121.2047969,13.8672287],[121.2048411,13.8671896],[121.2049082,13.8671545],[121.2049887,13.8671428],[121.2050705,13.867161],[121.2052314,13.8672352],[121.2052891,13.8672443],[121.205344,13.8672352],[121.2055492,13.8671701],[121.205615,13.8671584],[121.2056699,13.8671584],[121.2058872,13.867161],[121.2060025,13.8671558],[121.206091,13.8671193],[121.2063968,13.8669136],[121.2065014,13.8668563],[121.2065953,13.8668173],[121.2069145,13.8667339],[121.2069681,13.8666819],[121.2069923,13.866622],[121.2070312,13.8663759],[121.2070446,13.8663017],[121.207066,13.8662209],[121.2071291,13.8660491],[121.2071452,13.8659892],[121.2071505,13.8659163],[121.2071143,13.8653238],[121.2071331,13.8652666],[121.2071586,13.8652301]]}},{"type":"Feature","properties":{"category":"context-water","layer":"-1","tunnel":"culvert","waterway":"stream"},"geometry":{"type":"LineString","coordinates":[[121.2042913,13.86817],[121.2043331,13.8680405],[121.2043771,13.8679045]]}},{"type":"Feature","properties":{"category":"context-water","layer":"-1","tunnel":"culvert","waterway":"stream"},"geometry":{"type":"LineString","coordinates":[[121.2159167,13.8695127],[121.2160018,13.8691948]]}},{"type":"Feature","properties":{"category":"context-water","waterway":"stream"},"geometry":{"type":"LineString","coordinates":[[121.2158607,13.8697419],[121.2159167,13.8695127]]}},{"type":"Feature","properties":{"category":"context-water","layer":"-1","tunnel":"culvert","waterway":"stream"},"geometry":{"type":"LineString","coordinates":[[121.2099414,13.868202],[121.2096046,13.8678843]]}},{"type":"Feature","properties":{"category":"context-water","waterway":"stream"},"geometry":{"type":"LineString","coordinates":[[121.2099625,13.8683138],[121.2099414,13.868202]]}},{"type":"Feature","properties":{"category":"context-water","waterway":"stream"},"geometry":{"type":"LineString","coordinates":[[121.2061683,13.8760015],[121.2062198,13.8758531],[121.206429,13.8756161],[121.2065282,13.8754417],[121.2066972,13.8748818],[121.2068537,13.8744021],[121.206893,13.8742818],[121.2069708,13.8740434],[121.2075555,13.872882],[121.2078077,13.8719706],[121.2079632,13.8718456],[121.2083387,13.8718144],[121.2087625,13.8718821],[121.2090093,13.8718118],[121.209138,13.8715982],[121.2090817,13.8709941],[121.2091112,13.8708535],[121.2092239,13.870515],[121.2092695,13.8703874],[121.2093499,13.8701765]]}},{"type":"Feature","properties":{"category":"context-water","layer":"-1","tunnel":"culvert","waterway":"stream"},"geometry":{"type":"LineString","coordinates":[[121.2061594,13.8760927],[121.2061683,13.8760015]]}},{"type":"Feature","properties":{"category":"context-water","waterway":"stream"},"geometry":{"type":"LineString","coordinates":[[121.200622,13.8473981],[121.200555,13.8473278],[121.20015,13.8469867],[121.2000373,13.8468565],[121.199981,13.8466247],[121.2001392,13.8464945],[121.2001795,13.8462054],[121.2002036,13.8460517],[121.2001902,13.8458929],[121.2001097,13.8457418],[121.1999863,13.8456325],[121.1997342,13.8454345],[121.1995303,13.8452262],[121.199364,13.8448329],[121.1993239,13.8447626],[121.1991951,13.8446923],[121.1991307,13.8445621],[121.199128,13.8444254],[121.1990127,13.8443049]]}},{"type":"Feature","properties":{"category":"context-water","waterway":"stream"},"geometry":{"type":"LineString","coordinates":[[121.2005314,13.8483722],[121.2006783,13.8477289],[121.2006837,13.8475909],[121.2006676,13.8474971],[121.200622,13.8473981]]}},{"type":"Feature","properties":{"category":"context-water","waterway":"stream"},"geometry":{"type":"LineString","coordinates":[[121.2119907,13.8524655],[121.2121421,13.8523071],[121.2121716,13.852242],[121.2121703,13.8521535],[121.2120818,13.8518501],[121.2120704,13.8516997],[121.2121046,13.8514881],[121.212303,13.8510311],[121.2123111,13.8509165],[121.2122896,13.8508071],[121.2121823,13.850604],[121.2121703,13.8505089],[121.2122145,13.8504073],[121.2123379,13.850268],[121.2123795,13.8501899],[121.2123969,13.850117],[121.2125806,13.8483279],[121.2125954,13.8482549],[121.2126343,13.8481898],[121.2128247,13.8480648],[121.2128435,13.8480284],[121.2128609,13.8479659],[121.2128368,13.847824]]}},{"type":"Feature","properties":{"category":"context-water","waterway":"stream"},"geometry":{"type":"LineString","coordinates":[[121.2232143,13.8551965],[121.2231819,13.8551191]]}},{"type":"Feature","properties":{"category":"context-water","waterway":"stream"},"geometry":{"type":"LineString","coordinates":[[121.20587,13.8570511],[121.2058255,13.8569465],[121.2058148,13.8568937],[121.2058147,13.8568436],[121.2058346,13.8566328]]}},{"type":"Feature","properties":{"category":"context-water","waterway":"stream"},"geometry":{"type":"LineString","coordinates":[[121.2059979,13.858946],[121.2063271,13.8589061],[121.2063727,13.8588813],[121.2064116,13.8588214],[121.206433,13.8587615],[121.2064397,13.8586873],[121.2063485,13.8583358],[121.2063485,13.8582785],[121.20637,13.8582238],[121.206429,13.858091],[121.2064397,13.8580311],[121.2064022,13.8579425],[121.2062466,13.8577264],[121.206205,13.857647],[121.2061863,13.8575675],[121.2061675,13.8573774],[121.2061434,13.8572616],[121.2061165,13.857216],[121.2060777,13.8571795],[121.2059153,13.8570897],[121.20587,13.8570511]]}},{"type":"Feature","properties":{"category":"context-water","waterway":"stream"},"geometry":{"type":"LineString","coordinates":[[121.2101895,13.8578045],[121.2099395,13.8568414]]}},{"type":"Feature","properties":{"category":"context-water","waterway":"stream"},"geometry":{"type":"LineString","coordinates":[[121.2091699,13.8609265],[121.2091193,13.8604659],[121.2091836,13.8602394],[121.2092963,13.8600727],[121.209881,13.8595623],[121.2099373,13.859466],[121.2099481,13.8593514],[121.2099051,13.8587524],[121.2099051,13.8586483],[121.209932,13.8585545],[121.210168,13.8581431],[121.2101975,13.8579972],[121.2101895,13.8578045]]}},{"type":"Feature","properties":{"category":"context-water","admin_level":"6","boundary":"administrative","waterway":"stream"},"geometry":{"type":"LineString","coordinates":[[121.2147506,13.8639007],[121.2147492,13.8637484],[121.214717,13.8633955],[121.2144327,13.8628825],[121.2142986,13.8624555],[121.2143952,13.8621326],[121.2147009,13.8619346],[121.2153768,13.8618722],[121.215806,13.8615753],[121.216203,13.8610545],[121.2164122,13.8603305],[121.2166321,13.8598305],[121.216954,13.8590128],[121.216984,13.858732]]}},{"type":"Feature","properties":{"category":"context-water","waterway":"stream"},"geometry":{"type":"LineString","coordinates":[[121.1995304,13.8570506],[121.1994888,13.856979],[121.1993694,13.856854],[121.1993453,13.8567967],[121.1993507,13.8567212],[121.1993775,13.8565519],[121.1993882,13.8564738],[121.1993855,13.8564009],[121.199356,13.8561613],[121.1993694,13.8560519],[121.1994204,13.8559504],[121.1995733,13.8557863],[121.1996242,13.855742],[121.1996618,13.8556873],[121.1996725,13.855604],[121.1996698,13.8554998],[121.1995652,13.8552915],[121.1995491,13.8552134],[121.1995438,13.855117],[121.199588,13.8548761],[121.1995921,13.8548123]]}},{"type":"Feature","properties":{"category":"context-water","waterway":"stream"},"geometry":{"type":"LineString","coordinates":[[121.1930906,13.8675743],[121.193144,13.8674878],[121.1932057,13.8673693],[121.1932782,13.8672187]]}},{"type":"Feature","properties":{"category":"context-water","waterway":"stream"},"geometry":{"type":"LineString","coordinates":[[121.192342,13.8697468],[121.1925808,13.8686791],[121.1926129,13.8685307],[121.192688,13.8683927],[121.1928275,13.868213],[121.1928812,13.8681297],[121.192908,13.8680464],[121.1929455,13.8678745],[121.1929616,13.8677938],[121.1929885,13.8677287],[121.1930906,13.8675743]]}},{"type":"Feature","properties":{"category":"context-water","waterway":"stream"},"geometry":{"type":"LineString","coordinates":[[121.1995813,13.8547212],[121.1995357,13.8544347],[121.1995062,13.854354],[121.1994687,13.8542915],[121.1993587,13.8541743],[121.1993292,13.8541457],[121.1993024,13.8540649],[121.1991951,13.8534868],[121.1992004,13.8533618],[121.1992165,13.8532629],[121.1993185,13.8529347],[121.1993775,13.8527837],[121.1994097,13.8526274],[121.1994526,13.8522993],[121.1994794,13.8521274],[121.199533,13.8520076],[121.1999541,13.8513748],[121.2000132,13.8512576],[121.2000319,13.8511196],[121.2000105,13.8509712],[121.1999407,13.8508253],[121.1997449,13.8506326],[121.1996967,13.8505337],[121.1996672,13.8504165],[121.1996993,13.8502993],[121.1997798,13.8501925],[121.1999676,13.8499685],[121.2000641,13.8498019],[121.2001124,13.8495961],[121.2001687,13.8489164],[121.2002009,13.8488539],[121.2002385,13.848807],[121.2003243,13.8487654],[121.2005314,13.8483722]]}},{"type":"Feature","properties":{"category":"context-water","layer":"-1","tunnel":"culvert","waterway":"stream"},"geometry":{"type":"LineString","coordinates":[[121.1995921,13.8548123],[121.1995813,13.8547212]]}},{"type":"Feature","properties":{"category":"context-road","alt_name":"Tiaong - Rosario - Lipa Road","highway":"primary","lanes":"4","name":"Batangas-Quezon Road","ref":"435","surface":"asphalt","width":"14"},"geometry":{"type":"LineString","coordinates":[[121.2405143,13.8865565],[121.2404122,13.8865661],[121.2398037,13.8865967],[121.2393102,13.8866189],[121.2392032,13.8866235],[121.2385923,13.8866675],[121.2382224,13.8866932],[121.2381922,13.8866951],[121.23717,13.8867552],[121.2371188,13.8867584],[121.2368948,13.8867726],[121.2364125,13.8868062],[121.2361041,13.8868234],[121.2357618,13.8868538],[121.2354487,13.8868824],[121.2352038,13.886908],[121.2351799,13.8869105],[121.2349167,13.886943],[121.2347203,13.8869673],[121.2344644,13.8870002],[121.2335345,13.8871099],[121.2330526,13.8871635],[121.2329348,13.8871739],[121.2323435,13.8872354],[121.2317112,13.8872829],[121.2305639,13.8873134],[121.2301483,13.8873266],[121.2299087,13.8873331],[121.2297453,13.8873425],[121.22961,13.8873522],[121.229142,13.8873728],[121.2288509,13.8873777],[121.2283218,13.8873852],[121.2274915,13.8874217],[121.2266529,13.8874453],[121.2258321,13.8874729],[121.2255025,13.8874769],[121.2251653,13.8874656],[121.2249996,13.887447],[121.224847,13.8874265]]}},{"type":"Feature","properties":{"category":"context-road","alt_name":"Tiaong - Rosario - Lipa Road","highway":"primary","lanes":"2","lit":"yes","maxspeed":"40","maxspeed:type":"PH:urban","name":"J. P. Rizal Street","ref":"435","sidewalk":"both","surface":"asphalt","width":"7"},"geometry":{"type":"LineString","coordinates":[[121.2139497,13.8774428],[121.2136423,13.8773902],[121.2135021,13.8773702],[121.2133069,13.8773398],[121.2130504,13.8773023],[121.2128967,13.8772783],[121.2126735,13.8772484],[121.2123134,13.8772004],[121.2122089,13.8771855],[121.2117934,13.8771217],[121.2114916,13.8770571]]}},{"type":"Feature","properties":{"category":"context-road","alt_name":"Tiaong - Rosario - Lipa Road","destination:backward":"San Antonio;Tiaong","highway":"primary","lanes":"2","lit":"yes","maxspeed":"40","maxspeed:type":"PH:urban","name":"J. P. Rizal Street","name:etymology":"José Rizal","name:etymology:wikidata":"Q1500","ref":"435","sidewalk":"both","surface":"asphalt","width":"7"},"geometry":{"type":"LineString","coordinates":[[121.2142712,13.8775236],[121.2140637,13.8774644],[121.2139497,13.8774428]]}},{"type":"Feature","properties":{"category":"context-road","alt_name":"Tiaong - Rosario - Lipa Road","destination:backward":"San Antonio","highway":"primary","lanes":"2","lit":"yes","maxspeed":"40","maxspeed:type":"PH:urban","name":"J. P. Rizal Street","name:etymology":"José Rizal","ref":"435","sidewalk":"both","surface":"asphalt","width":"7"},"geometry":{"type":"LineString","coordinates":[[121.2114916,13.8770571],[121.2106917,13.8768795]]}},{"type":"Feature","properties":{"category":"context-road","contributor":"waypoints.ph - eppgarcia","destination:forward":"Rosario","highway":"primary","lanes":"2","maxspeed":"40","maxspeed:type":"PH:urban","name":"Lipa-Rosario Road","ref":"435","surface":"asphalt","width":"6"},"geometry":{"type":"LineString","coordinates":[[121.2106917,13.8768795],[121.2108417,13.8766654],[121.2109965,13.8764369],[121.2110469,13.8763569],[121.2110901,13.8762822],[121.2111169,13.8762331],[121.2111459,13.8761748],[121.2111662,13.8761286],[121.211181,13.8760913],[121.2111869,13.8760796],[121.211194,13.8760678],[121.2112243,13.8760268],[121.2112324,13.8760144],[121.2112372,13.8760021],[121.2112404,13.8759896],[121.2112414,13.8759754]]}},{"type":"Feature","properties":{"category":"context-water","layer":"-1","tunnel":"culvert","waterway":"stream"},"geometry":{"type":"LineString","coordinates":[[121.2139994,13.875038],[121.214004,13.8750137],[121.2140051,13.874992],[121.2140029,13.8749524],[121.2140027,13.8749308],[121.2140069,13.8748964]]}},{"type":"Feature","properties":{"category":"context-water","waterway":"stream"},"geometry":{"type":"LineString","coordinates":[[121.2137667,13.8757058],[121.2139204,13.8753229],[121.2139994,13.875038]]}},{"type":"Feature","properties":{"category":"context-road","contributor":"waypoints.ph - eppgarcia","destination:forward":"Rosario; Ibaan; Taysan","highway":"primary","lanes":"2","name":"Lipa-Rosario Road","ref":"435","surface":"asphalt","width":"6"},"geometry":{"type":"LineString","coordinates":[[121.2112414,13.8759754],[121.2112379,13.8758135],[121.2112338,13.875757],[121.2112255,13.8756855],[121.211205,13.8755552],[121.21119,13.8754804],[121.2111255,13.8752085]]}},{"type":"Feature","properties":{"category":"context-road","contributor":"waypoints.ph - eppgarcia","highway":"primary","lanes":"2","name":"Lipa-Rosario Road","ref":"435","surface":"asphalt","width":"6"},"geometry":{"type":"LineString","coordinates":[[121.2111255,13.8752085],[121.211042,13.8749303],[121.210894,13.8744716],[121.21079,13.8741747],[121.2107642,13.8740966],[121.2106276,13.8736888],[121.2103986,13.8729589],[121.210338,13.8727775],[121.2102401,13.8724843],[121.2100865,13.8720244],[121.2099815,13.8716829],[121.2098595,13.8712736],[121.2096908,13.8708138],[121.2095316,13.8704436],[121.2093601,13.8700408]]}},{"type":"Feature","properties":{"category":"context-road","contributor":"waypoints.ph - eppgarcia","highway":"primary","lanes":"2","name":"Lipa-Rosario Road","ref":"431","shoulder":"both","sidewalk":"both","surface":"asphalt","width":"7"},"geometry":{"type":"LineString","coordinates":[[121.206747,13.8822914],[121.2068062,13.8822104],[121.2068985,13.8820841],[121.2069691,13.8819886],[121.2070908,13.8818222],[121.2073695,13.8814414],[121.207591,13.88115]]}},{"type":"Feature","properties":{"category":"context-road","contributor":"waypoints.ph - eppgarcia","highway":"primary","lanes":"2","maxspeed":"40","maxspeed:type":"PH:urban","name":"Lipa-Rosario Road","ref":"431","shoulder":"both","sidewalk":"both","surface":"asphalt","width":"7"},"geometry":{"type":"LineString","coordinates":[[121.2093078,13.8787703],[121.2093282,13.8787407],[121.209401,13.878642],[121.2095328,13.8784634],[121.210022,13.8777983],[121.2103321,13.8773792],[121.2106917,13.8768795]]}},{"type":"Feature","properties":{"category":"context-road","alt_name":"Tiaong - Rosario - Lipa Road","highway":"primary","lanes":"4","name":"Batangas-Quezon Road","ref":"435","surface":"asphalt","width":"14"},"geometry":{"type":"LineString","coordinates":[[121.224847,13.8874265],[121.22467,13.8873917],[121.224314,13.8873112],[121.2237245,13.8871473],[121.2232909,13.8869916],[121.2231828,13.8869432],[121.222848,13.8867621],[121.2225304,13.8865713],[121.2224056,13.8864967],[121.2220114,13.8862417],[121.2217441,13.8860467],[121.2213797,13.8857736],[121.2209132,13.8853568],[121.2204506,13.8848465],[121.2203979,13.8847825],[121.2202933,13.8846479],[121.2199998,13.8842631],[121.2191371,13.8830637]]}},{"type":"Feature","properties":{"category":"context-water","waterway":"stream"},"geometry":{"type":"LineString","coordinates":[[121.2109248,13.8854247],[121.2110125,13.8851564],[121.2110635,13.8850493],[121.2111003,13.884995],[121.211143,13.8849536],[121.2112193,13.8849007],[121.2115111,13.8847168],[121.2116339,13.8846479],[121.211715,13.8846115],[121.2117549,13.8845976],[121.2117895,13.8845918]]}},{"type":"Feature","properties":{"category":"context-road","contributor":"waypoints.ph - eppgarcia","hgv":"no","highway":"secondary","lanes":"2","maxspeed":"40","maxspeed:type":"PH:urban","name":"Rosario Bypass Road","surface":"concrete","width":"6"},"geometry":{"type":"LineString","coordinates":[[121.2144537,13.8762703],[121.2145637,13.8760183],[121.214734,13.8757177],[121.2148481,13.8755308],[121.2149189,13.8754093],[121.2152897,13.8748428],[121.2155456,13.8744663],[121.2156985,13.8742666],[121.2158521,13.87405],[121.2160119,13.8738247],[121.2162152,13.8735425]]}},{"type":"Feature","properties":{"category":"context-water","waterway":"stream"},"geometry":{"type":"LineString","coordinates":[[121.2069722,13.8870406],[121.2069963,13.8869742],[121.2069976,13.8869222],[121.2070338,13.8868258],[121.2070432,13.8867607],[121.2070593,13.8866943],[121.2070861,13.8866318],[121.2071063,13.8865693],[121.2071505,13.8865186],[121.2071827,13.8864639],[121.2072055,13.8864105],[121.2072337,13.8863584],[121.2072699,13.8862608],[121.2072873,13.88621],[121.20729,13.8861592],[121.2073101,13.8861098],[121.2073249,13.8860701]]}},{"type":"Feature","properties":{"category":"context-water","layer":"-1","tunnel":"culvert","waterway":"stream"},"geometry":{"type":"LineString","coordinates":[[121.2073249,13.8860701],[121.2073933,13.8859373]]}},{"type":"Feature","properties":{"category":"context-water","waterway":"stream"},"geometry":{"type":"LineString","coordinates":[[121.1994794,13.8822248],[121.1995465,13.8821988],[121.1996242,13.8821493],[121.1996672,13.8821103],[121.1997342,13.8820556],[121.1998066,13.8819853],[121.1998469,13.8819098],[121.199879,13.8818473],[121.1999005,13.8818056],[121.1999461,13.8817483],[121.2000588,13.8815713],[121.2001044,13.8814853],[121.2001553,13.8814098],[121.2002063,13.8813239],[121.2002224,13.881238],[121.2002572,13.881139],[121.2002707,13.8810713],[121.2002653,13.881001],[121.2002733,13.8809489],[121.2003082,13.8808839],[121.2003753,13.8808188],[121.2004369,13.8807563],[121.2005013,13.8806964],[121.2005576,13.8806599],[121.2005898,13.8806339],[121.2006649,13.8805948],[121.2008017,13.880574],[121.2008607,13.8805427],[121.2009224,13.8804568],[121.2009412,13.8804256],[121.2009573,13.8803318],[121.2009895,13.8802641],[121.2010002,13.8802277],[121.2009975,13.88016],[121.2009868,13.8800923],[121.2009841,13.8800324],[121.2010002,13.8799621],[121.2010378,13.879923],[121.2010887,13.8798735],[121.2011424,13.8798137],[121.201196,13.879772],[121.2012255,13.879746],[121.2013087,13.8796548],[121.2013328,13.8796184],[121.2013891,13.8794127],[121.2013972,13.8793502],[121.201432,13.8792382],[121.2014294,13.8791679],[121.2014186,13.8790768],[121.2014347,13.879009],[121.2014213,13.8789518],[121.201373,13.8788867],[121.2013704,13.8788346],[121.2013462,13.8787851],[121.2013382,13.8786992],[121.2013516,13.8786341],[121.201373,13.8785716],[121.2013248,13.87847],[121.2013033,13.8783841],[121.2012979,13.8783268],[121.2013221,13.8782461],[121.2013543,13.8781836],[121.2013757,13.8781224],[121.2014052,13.8780222],[121.2013918,13.8779623],[121.2013851,13.8778829],[121.2014146,13.8778269],[121.201475,13.8777917],[121.2015259,13.87778],[121.2016091,13.8777201],[121.2016775,13.8776915],[121.2017499,13.8776706],[121.201825,13.8776212],[121.2018867,13.8775404],[121.2019484,13.8774532],[121.2019725,13.8773894],[121.2019859,13.8773295],[121.2019739,13.8772553],[121.2019524,13.8771694],[121.2019283,13.8770887],[121.2019081,13.8770145],[121.2019095,13.8769129],[121.2019403,13.8768283],[121.2019886,13.8767684],[121.2020288,13.8767254],[121.2020959,13.8766916],[121.2021562,13.8766538],[121.2021831,13.8766004],[121.2021589,13.8765197],[121.2021187,13.8764338],[121.2020999,13.8763869],[121.2021039,13.8763413],[121.2021214,13.876288],[121.2021482,13.8762255],[121.2021629,13.8761825],[121.2021884,13.8760757],[121.2021992,13.875995],[121.2021951,13.875952],[121.2021857,13.8758427],[121.2021817,13.8757932],[121.2021777,13.8757242],[121.2021817,13.8756708],[121.2021992,13.8755979],[121.2022394,13.8755341],[121.2022716,13.8754625],[121.2022877,13.8754039],[121.2022957,13.8753336],[121.202289,13.8752698]]}},{"type":"Feature","properties":{"category":"context-water","layer":"-1","tunnel":"culvert","waterway":"stream"},"geometry":{"type":"LineString","coordinates":[[121.202289,13.8752698],[121.2022756,13.8751839]]}},{"type":"Feature","properties":{"category":"context-water","waterway":"stream"},"geometry":{"type":"LineString","coordinates":[[121.1924668,13.8952282],[121.1924896,13.8951956],[121.1925606,13.8950654],[121.1925834,13.8949964],[121.1925969,13.8949353],[121.1926089,13.8948767],[121.192629,13.8948155],[121.1926626,13.8947764],[121.1927041,13.8947309],[121.1927497,13.8946905],[121.1927725,13.8946293],[121.1927846,13.8945655],[121.1928168,13.8945213],[121.192853,13.8944809],[121.1928557,13.894464],[121.1928584,13.894339],[121.1928517,13.8942609],[121.192849,13.8942062],[121.192861,13.8941502],[121.1928865,13.8940943],[121.192904,13.8940474],[121.192916,13.8939823],[121.1929496,13.8939354],[121.1929764,13.8938873],[121.1930314,13.8938365],[121.1930649,13.893787],[121.1930662,13.8937349],[121.1930662,13.8936829],[121.1930045,13.8936113],[121.192975,13.8935722],[121.1929455,13.8935371],[121.1929362,13.8934954],[121.1929429,13.8934537],[121.1929643,13.8933952],[121.1929616,13.8933405],[121.1929764,13.8933144],[121.1930206,13.8932728],[121.1930501,13.8932389],[121.1930837,13.8932116],[121.1931159,13.893166],[121.1931427,13.8930853],[121.1931829,13.8930254],[121.1932097,13.8929773],[121.1932245,13.8929278],[121.1932285,13.8928731],[121.19325,13.8928158],[121.1932889,13.8927663],[121.1933358,13.8927182],[121.1933908,13.8925945],[121.1933948,13.8925437],[121.1933988,13.892489],[121.1934216,13.8924174],[121.1934404,13.8923654],[121.1934565,13.8923055],[121.1934713,13.8922482],[121.1935021,13.8922],[121.1935249,13.892148],[121.1935544,13.8920829],[121.1935879,13.8920269],[121.1936362,13.8919371],[121.1937046,13.8918186],[121.1937368,13.8917548],[121.193769,13.8917118],[121.1938079,13.8916728],[121.1938561,13.8916337],[121.1938991,13.8916012],[121.1939259,13.8915686],[121.193946,13.8915283],[121.1939621,13.8914684],[121.1939943,13.8914254],[121.1940157,13.8913798],[121.1940292,13.8912614],[121.1940359,13.8911807],[121.1940238,13.8911429],[121.1939988,13.8910903],[121.1939916,13.8910635],[121.1939836,13.8910231],[121.1939916,13.8909724],[121.1940144,13.890932],[121.1940667,13.8908604],[121.1940908,13.8908174],[121.1941016,13.8907706],[121.1940774,13.8906912],[121.1940493,13.8906443],[121.1940332,13.8906078],[121.1940412,13.890574],[121.1940761,13.8905232],[121.1941002,13.8904894],[121.1941284,13.8904269],[121.1941405,13.8903696],[121.1941592,13.890324],[121.1941726,13.8902615],[121.1941794,13.8901964],[121.194182,13.8901431],[121.1942276,13.8900168],[121.194241,13.8899361],[121.1942424,13.8898658],[121.1942558,13.889802],[121.1942813,13.8897291],[121.1942933,13.8896679],[121.1942987,13.8896132],[121.1943121,13.8895468],[121.1943912,13.8892682],[121.194406,13.8892083],[121.1944114,13.889125],[121.1944114,13.8890729],[121.1944342,13.8890234],[121.1944717,13.8889661],[121.1945039,13.8889102],[121.1945374,13.8888373],[121.1945723,13.8887904],[121.1946018,13.8887448],[121.1946233,13.8887032],[121.1946501,13.8886107],[121.1946823,13.8885495],[121.1947077,13.8884844],[121.1947158,13.8884441],[121.1946903,13.8883504],[121.1946648,13.8882631],[121.1946286,13.8881837],[121.1945991,13.8881186],[121.1946005,13.8880678],[121.1946326,13.8880249],[121.194697,13.8879702],[121.1947332,13.8879246],[121.1947694,13.8878621],[121.1948124,13.8877983],[121.1948673,13.8877346],[121.1949062,13.8876356],[121.1949518,13.8875692],[121.1949947,13.8875354],[121.1950524,13.8874898],[121.1950712,13.8874612],[121.1951248,13.8874403],[121.1951959,13.8874312],[121.1952549,13.8874221],[121.1952978,13.8874013],[121.1953461,13.8873596],[121.1953877,13.8873258],[121.1954293,13.8872906],[121.195499,13.887245],[121.1955734,13.8872027],[121.1956237,13.8871676],[121.1956687,13.8871363],[121.1957029,13.8871057],[121.1957438,13.8870836],[121.195792,13.8870563],[121.1958168,13.88704],[121.1958718,13.8870002],[121.1958933,13.8869847],[121.1959282,13.886956],[121.1960113,13.8868909],[121.1960569,13.8868362],[121.1961266,13.8867685],[121.1961937,13.8867113],[121.1962312,13.886654],[121.1962473,13.8865811],[121.1962849,13.8865082],[121.1963332,13.8864509],[121.1963627,13.8863936],[121.1963895,13.8863285],[121.1964351,13.8862868],[121.1964914,13.8862191],[121.1965075,13.8861488],[121.1964968,13.8861124],[121.1964995,13.8860291],[121.1965182,13.8859666],[121.1965504,13.8858312],[121.1965451,13.8857531],[121.1965477,13.8856541],[121.1965531,13.8855812],[121.1965477,13.8854979],[121.1965317,13.8854432],[121.196537,13.8853625],[121.1965531,13.8852948],[121.196537,13.8852141],[121.1965504,13.8851412],[121.1966175,13.8850656],[121.196706,13.885011],[121.1968079,13.8849433],[121.1968374,13.8848704],[121.1968589,13.8848157],[121.1969206,13.8846985],[121.1969957,13.8845813],[121.1970466,13.8844876],[121.197052,13.8843912],[121.1970896,13.8843209],[121.1971325,13.8842845],[121.1972237,13.8842194],[121.1973041,13.8841699],[121.1974087,13.8841569],[121.1974892,13.8841595],[121.1975723,13.8841439],[121.197634,13.8841465],[121.1977091,13.8841569],[121.197803,13.8841231],[121.1978674,13.884071],[121.1979425,13.884058],[121.1980149,13.8840762],[121.1980846,13.8840892],[121.1981624,13.8840632],[121.1982161,13.883985],[121.1982509,13.8839069],[121.1982939,13.8838314],[121.1983207,13.8837767],[121.1983475,13.8837064],[121.1983448,13.8836387],[121.1983287,13.8835815],[121.1983314,13.8835398],[121.1983743,13.8834955],[121.1984253,13.8834591],[121.1984763,13.883433],[121.1985245,13.883394],[121.1985567,13.8833237],[121.1985916,13.8832664],[121.198597,13.8832013],[121.1985862,13.8831128],[121.198613,13.8830607],[121.198664,13.8830242],[121.1987177,13.8829878],[121.1987847,13.8829695],[121.1988679,13.8829669],[121.1989751,13.8829513],[121.1990422,13.8829357],[121.1991253,13.8828472],[121.1991763,13.8827482],[121.1992004,13.8826883],[121.1992326,13.8826128],[121.1992809,13.8825321],[121.1993399,13.8824514],[121.1993694,13.8823811],[121.1994177,13.8822951],[121.1994794,13.8822248]]}},{"type":"Feature","properties":{"category":"context-water","waterway":"river"},"geometry":{"type":"LineString","coordinates":[[121.1750082,13.8616404],[121.175019,13.8615662],[121.1750351,13.8615219],[121.1750512,13.8614529],[121.1750659,13.8613917],[121.1750981,13.8613279],[121.1751813,13.8612732],[121.1752376,13.8612511],[121.1752939,13.8612524],[121.1754146,13.861242],[121.1755018,13.8612394],[121.1755796,13.8612498],[121.17566,13.8612784],[121.1757553,13.8613266],[121.175825,13.8613591],[121.1758652,13.861367],[121.1759242,13.8613591],[121.1759886,13.8613292],[121.1760275,13.8613149],[121.1761482,13.861281],[121.1762126,13.8612524],[121.1762823,13.8612003],[121.1763373,13.8611443],[121.1764137,13.8610701],[121.1764553,13.8610115],[121.1765036,13.8609581],[121.176568,13.8609217],[121.176635,13.8608839],[121.1766672,13.8608461],[121.1766887,13.8607888],[121.1767155,13.8607133],[121.1767557,13.8606534],[121.1768,13.8605974],[121.1768134,13.8605545],[121.1768295,13.860462],[121.1768295,13.8603865],[121.1768402,13.8603084],[121.1768657,13.8602563],[121.1769167,13.8601977],[121.1769971,13.8601521],[121.1770749,13.8601118],[121.1771554,13.8600636],[121.1772372,13.8600076],[121.1772935,13.8599777],[121.1773632,13.8599321],[121.177437,13.8598657],[121.1774839,13.8598032],[121.1775161,13.8597589],[121.1775725,13.8596808],[121.1776301,13.8596066],[121.177669,13.8595298],[121.1776999,13.8594451],[121.1777186,13.8593605],[121.1777414,13.8593006],[121.1777991,13.8592042],[121.1778326,13.8591548],[121.1778715,13.8590831],[121.1778715,13.8590246],[121.1778474,13.8589673],[121.177846,13.8589152],[121.1778434,13.8588566],[121.1778581,13.8588045],[121.177897,13.858729],[121.1779265,13.8586704],[121.1779614,13.8585766],[121.1779842,13.8585363],[121.1780231,13.8584803],[121.178074,13.8584516],[121.1781196,13.8584425],[121.1781827,13.8583931],[121.1782055,13.858341],[121.1782081,13.8582824],[121.1782001,13.8582459],[121.1781934,13.8581964],[121.1782041,13.8581326],[121.1782296,13.858091],[121.1782537,13.8580402],[121.1782913,13.857966],[121.1783262,13.8579009],[121.1783651,13.8578501],[121.1783852,13.857798],[121.1783959,13.8577537],[121.1784361,13.8577004],[121.1784925,13.8576782],[121.1785501,13.8576522],[121.1786453,13.8575962],[121.1787325,13.8575675],[121.1788183,13.8575376],[121.1788988,13.8575155],[121.1791067,13.8573983],[121.1791831,13.8573566],[121.1792327,13.8573175],[121.1792918,13.8572694],[121.1793239,13.8572485],[121.1794098,13.8572095],[121.1794594,13.8571951],[121.1795345,13.8571834],[121.179615,13.8571639],[121.1796968,13.8571353],[121.1797746,13.8571079],[121.1798201,13.8570975],[121.1799529,13.8570584],[121.1800213,13.8570259],[121.1800683,13.856992],[121.1801259,13.8569295],[121.1801554,13.8568879],[121.1801822,13.8568527],[121.1802185,13.856828],[121.1802413,13.8568136],[121.1802708,13.8567798],[121.180307,13.8567329],[121.1803405,13.8566678],[121.1803593,13.8566314],[121.1804907,13.8564608],[121.1805269,13.8564308],[121.1805712,13.8563892],[121.1806315,13.8563371],[121.1806825,13.8562915],[121.1807442,13.8562381],[121.1807911,13.8561769],[121.1808192,13.8561289],[121.1808354,13.8561014],[121.1808595,13.8560363],[121.1809051,13.8559139],[121.1809614,13.8558045],[121.1809963,13.8557264],[121.1810419,13.8556483],[121.1810982,13.8556014],[121.1811787,13.8555337],[121.1812404,13.8554478],[121.1812779,13.8553775],[121.1813074,13.8552889],[121.181345,13.8552212],[121.1813879,13.8551483],[121.1814201,13.8550597],[121.1814415,13.8549634],[121.1814818,13.8548931],[121.1815515,13.8547655],[121.1815971,13.854686],[121.1816347,13.854617],[121.1816655,13.8545285],[121.1817004,13.8544087],[121.1817111,13.8543579],[121.1817124,13.8542863],[121.1817111,13.854229],[121.1817124,13.8541704],[121.1817406,13.8540675],[121.1817755,13.8539868],[121.1818291,13.8539178],[121.1818747,13.8538618],[121.1819069,13.8538241],[121.1820289,13.8537134],[121.1820544,13.8536691],[121.1820839,13.8536261],[121.1821201,13.8535832],[121.1821564,13.8535285],[121.1821885,13.8534725],[121.1822207,13.8534217],[121.1822516,13.8533787],[121.1823267,13.8532733],[121.1823334,13.8532238],[121.1823508,13.8531222],[121.1823723,13.8530389],[121.1823991,13.8529217],[121.1824018,13.8528722],[121.1823776,13.8527655],[121.1823481,13.8526951],[121.182324,13.8526222],[121.1823052,13.8525285],[121.1822998,13.8523878],[121.1823133,13.8522993],[121.1823294,13.852229],[121.1824179,13.8519816],[121.182442,13.8519243],[121.1824702,13.8517928],[121.1824849,13.85163],[121.1825024,13.8515441],[121.1825332,13.8514594],[121.182564,13.8513618],[121.1825828,13.8512915],[121.182611,13.8511769],[121.1826418,13.851104],[121.1826727,13.8510584],[121.1826982,13.8510258],[121.1827035,13.8509412],[121.1826928,13.8508878],[121.1826727,13.8508396],[121.1826539,13.8507967],[121.1826365,13.8507251],[121.1826365,13.8506626],[121.1826392,13.8505922],[121.1826271,13.8505102],[121.1826029,13.8504425],[121.1825801,13.8503527],[121.1825305,13.8502849],[121.182505,13.8502224],[121.1824836,13.8501704],[121.1824514,13.8501053],[121.1824071,13.8500271],[121.1823897,13.8499711],[121.1823656,13.84988],[121.1823548,13.8498149],[121.1823615,13.8497836],[121.1823897,13.8497407],[121.1824273,13.8497042],[121.1824769,13.8496521],[121.1825238,13.8496013],[121.1825614,13.8495571],[121.1825962,13.8495219],[121.1826579,13.8494308],[121.1826874,13.8493943],[121.1827263,13.8493565],[121.1827531,13.8493266],[121.1828926,13.8491834],[121.1829315,13.8491352],[121.1829583,13.8490987],[121.1829905,13.8490427],[121.1829999,13.8489698],[121.1830026,13.848919],[121.1829691,13.8488396],[121.1829181,13.8487719],[121.1829033,13.8487146],[121.1828765,13.8486143],[121.1828551,13.8485284],[121.1828497,13.8484529],[121.1828497,13.8483852],[121.182847,13.848324],[121.1828189,13.8482523],[121.182792,13.8481885],[121.1827867,13.8481104],[121.182788,13.8480531],[121.1827826,13.8479854],[121.1827867,13.8479177],[121.1828256,13.8478448],[121.182847,13.8478057],[121.1828725,13.8477667],[121.1829154,13.8477354],[121.1829597,13.8476924],[121.1830026,13.8476091],[121.1830348,13.8475635],[121.1830991,13.8475088],[121.1831582,13.8474528],[121.1831917,13.8474073],[121.1832601,13.8472901],[121.1832896,13.8471898],[121.1833124,13.8471078],[121.1833271,13.8470531],[121.1833352,13.8469815],[121.1833379,13.8469216],[121.1833285,13.8468617],[121.1833097,13.8467809],[121.183295,13.8467054],[121.183295,13.846652],[121.183303,13.8464841],[121.1833043,13.8464046],[121.1833124,13.846277],[121.183303,13.8462184],[121.1832869,13.8461129],[121.1832842,13.8460205],[121.1832628,13.8458851],[121.1832346,13.8457978],[121.1832158,13.8457314],[121.1831984,13.8456728],[121.1831729,13.8456129],[121.1831541,13.8455726],[121.1831018,13.8454124],[121.183067,13.8453551],[121.1829932,13.8452731],[121.1829422,13.8452223],[121.1829047,13.8451715],[121.1828658,13.8451155],[121.1828417,13.8450335],[121.1828296,13.8449449],[121.1828108,13.8448603],[121.1828148,13.8447822],[121.182835,13.8447144],[121.182843,13.8446441],[121.1828645,13.8445855],[121.1828953,13.8445361],[121.1829436,13.8444918],[121.1829811,13.8444436],[121.1829972,13.8444176],[121.1830039,13.8443655],[121.1830012,13.8443004],[121.1829865,13.8442183],[121.1829771,13.8441519],[121.1829503,13.8440816],[121.1829033,13.8440035],[121.1828604,13.843928],[121.1828269,13.8438641],[121.1828095,13.84376],[121.1828028,13.8436584],[121.1828041,13.8435816],[121.1828135,13.8435035],[121.1828148,13.8434631],[121.1828054,13.8433485],[121.1827934,13.8432678],[121.1827987,13.8432014],[121.1828054,13.8430907],[121.1828081,13.8429839],[121.1827987,13.8429006],[121.1827773,13.8428302],[121.1827692,13.8427638],[121.1827759,13.8426844],[121.1827639,13.842618],[121.1827639,13.8425659],[121.1827625,13.8425073],[121.1827451,13.8424188],[121.1827505,13.8423094],[121.1827692,13.8422182],[121.18278,13.8421088],[121.1827961,13.8420359],[121.182839,13.8419578],[121.1828712,13.8419265],[121.1829033,13.8418536],[121.1829007,13.8417859],[121.182894,13.8416362],[121.1829007,13.8415437],[121.1829208,13.8414643],[121.1829597,13.8413901],[121.1829811,13.8413406],[121.1829919,13.8412807],[121.1830214,13.8411374],[121.1830133,13.8410489],[121.1830106,13.8409447],[121.183008,13.840851],[121.183016,13.8407338],[121.1829972,13.8406556],[121.1829731,13.8405931],[121.1829329,13.8405332],[121.1828765,13.8404785],[121.182847,13.8403926],[121.1828148,13.8403067],[121.1827746,13.8401999],[121.1827505,13.840153],[121.1826767,13.8400046],[121.1826687,13.8399902],[121.1826606,13.8399642],[121.1826445,13.8398913],[121.1826164,13.8398066],[121.182564,13.8397285],[121.1825412,13.8396686],[121.1824889,13.8395045],[121.1824206,13.8394108],[121.1823776,13.8393743],[121.1823387,13.8393444],[121.1823119,13.8392858],[121.182265,13.8392298],[121.1822154,13.8391751],[121.1821792,13.8391269],[121.1821268,13.839067],[121.1821081,13.8390344],[121.1821014,13.8389524],[121.1821255,13.838817],[121.1821604,13.8386933],[121.1821765,13.8386047],[121.1821751,13.8385565],[121.1821952,13.8385044],[121.1822462,13.8384302],[121.1822972,13.8383729],[121.1823146,13.8383391],[121.1824313,13.8381945],[121.1824554,13.8381463],[121.1825171,13.8380292],[121.1825654,13.8379836],[121.1826029,13.8379302],[121.1826217,13.8378755],[121.1826244,13.8378104],[121.1826284,13.8377713],[121.1826418,13.8377192],[121.1826499,13.837658],[121.1826445,13.8376046],[121.1826485,13.8375447],[121.18267,13.8374601],[121.1827049,13.837382],[121.1827505,13.8373351],[121.1827907,13.8372934],[121.1828846,13.8371319],[121.1829235,13.837059],[121.1829503,13.8370095],[121.1829731,13.8369653],[121.1829986,13.8369158],[121.1830334,13.836878],[121.1830696,13.8368494],[121.1831072,13.8368233],[121.1831689,13.8367348],[121.1831823,13.8367152],[121.1831957,13.8366905],[121.1832185,13.8366267],[121.1832172,13.8365707],[121.1832252,13.8364926],[121.1832373,13.8363819],[121.1832373,13.8363129],[121.1832266,13.8362308],[121.1832145,13.8361566],[121.1832064,13.836098],[121.1832198,13.8360563],[121.1832359,13.8360134],[121.1832306,13.835973],[121.1832386,13.8359066],[121.1832547,13.8358506],[121.1832668,13.8358102],[121.1832789,13.8357542],[121.1832815,13.835667],[121.1832936,13.8356175],[121.1833057,13.8355758],[121.1833204,13.8354482],[121.1833258,13.8353701],[121.1833446,13.8352828],[121.183362,13.8352099],[121.1833754,13.8351578],[121.1833915,13.8349911],[121.1834183,13.8348896],[121.1834237,13.8347646],[121.183413,13.8346786],[121.1834022,13.8345979],[121.1834478,13.8345224],[121.1834881,13.8344546],[121.1835417,13.8343661],[121.1835819,13.8342958],[121.1836168,13.8342098],[121.1836222,13.8341239],[121.1836678,13.8340353],[121.1836866,13.8339859],[121.1837161,13.8338374],[121.1837241,13.8337931],[121.1837362,13.8336811],[121.1837429,13.8336251],[121.1837389,13.8335535],[121.1837308,13.8335079],[121.1836839,13.833409],[121.1836007,13.833228],[121.1835229,13.8329233],[121.1832976,13.8323711],[121.1829865,13.8319648],[121.1831474,13.8316002],[121.1833298,13.8312148],[121.1834371,13.8307043],[121.1834371,13.8302563],[121.1831796,13.8298813],[121.183126,13.8294854],[121.1833727,13.8291312],[121.1837053,13.8286207],[121.1840916,13.8277456],[121.1841023,13.8270789],[121.1842847,13.8266622],[121.1843812,13.8261308],[121.1844885,13.8256829],[121.1846173,13.8252141],[121.1846816,13.8249328],[121.1845314,13.824714],[121.1848533,13.8230784],[121.1847138,13.8226512],[121.184864,13.8217032],[121.1845529,13.8208801],[121.1843812,13.8203905],[121.1841881,13.8201508],[121.1840811,13.8196967],[121.1840057,13.8194841],[121.1836839,13.8190153],[121.1831796,13.8184839],[121.1829114,13.8177234],[121.1825466,13.8169108],[121.1819565,13.8161085],[121.1814952,13.8158272],[121.181345,13.8151188],[121.1810338,13.8140144],[121.1808514,13.8132539],[121.1802721,13.8125662],[121.1797571,13.8122537],[121.1793172,13.8118578],[121.1790383,13.8116077],[121.1783624,13.8116494],[121.1779332,13.8112952],[121.1772358,13.8106492],[121.1770534,13.8101283],[121.1770534,13.8095761],[121.1770856,13.8090031],[121.1767423,13.8084821],[121.1767316,13.8077841],[121.1767316,13.8072006],[121.1766994,13.8067943],[121.1767745,13.8065026],[121.1763668,13.8051064],[121.1766457,13.8042208],[121.1766457,13.803877],[121.1765063,13.8030539],[121.1762702,13.8028976],[121.1760771,13.8020953],[121.1764312,13.8011576],[121.1767745,13.8004804],[121.1765599,13.7996885],[121.1760557,13.7991467],[121.1760175,13.7985921]]}},{"type":"Feature","properties":{"category":"context-road","contributor":"waypoints.ph - eppgarcia","highway":"primary","lanes":"2","name":"Lipa-Rosario Road","ref":"435","surface":"asphalt","width":"6"},"geometry":{"type":"LineString","coordinates":[[121.2093601,13.8700408],[121.2091092,13.8694976],[121.2088645,13.8689008],[121.2084899,13.8680588],[121.2084351,13.8679603],[121.2082096,13.8674809],[121.2081846,13.867435],[121.2077389,13.8666172],[121.2076021,13.8663394],[121.2075137,13.8661271],[121.2074371,13.865864],[121.2073323,13.8653679],[121.2073018,13.8651858]]}},{"type":"Feature","properties":{"category":"context-road","bridge":"yes","contributor":"waypoints.ph - eppgarcia","highway":"primary","lanes":"2","layer":"1","name":"Lipa-Rosario Road","ref":"435","surface":"asphalt","width":"6"},"geometry":{"type":"LineString","coordinates":[[121.2073018,13.8651858],[121.2072934,13.8651365]]}},{"type":"Feature","properties":{"category":"context-road","highway":"primary","lanes":"1","maxspeed":"40","maxspeed:type":"PH:urban","name":"Lipa-Rosario Road","oneway":"yes","ref":"431","surface":"asphalt","width":"4.25"},"geometry":{"type":"LineString","coordinates":[[121.2092973,13.8788316],[121.2092554,13.878892],[121.2090051,13.8792358],[121.2087301,13.8796377]]}},{"type":"Feature","properties":{"category":"context-road","contributor":"waypoints.ph - eppgarcia","highway":"primary","lanes":"1","maxspeed":"40","maxspeed:type":"PH:urban","name":"Lipa-Rosario Road","oneway":"yes","ref":"431","sidewalk":"both","surface":"asphalt","width":"4.25"},"geometry":{"type":"LineString","coordinates":[[121.2085298,13.8797943],[121.2086691,13.8796008],[121.2089519,13.8792031],[121.2092441,13.8788088],[121.2093078,13.8787703],[121.2092973,13.8788316]]}},{"type":"Feature","properties":{"category":"context-road","highway":"primary","name":"Lipa-Rosario Road","oneway":"yes"},"geometry":{"type":"LineString","coordinates":[[121.2086586,13.8797406],[121.2085846,13.8798317],[121.2085128,13.8799371],[121.2084268,13.8800554],[121.2083927,13.8801028],[121.2083116,13.8802118],[121.2077051,13.8810375],[121.207591,13.88115]]}},{"type":"Feature","properties":{"category":"context-road","highway":"primary","lanes":"1","name":"Lipa-Rosario Road","oneway":"yes","surface":"asphalt"},"geometry":{"type":"LineString","coordinates":[[121.2087301,13.8796377],[121.2086586,13.8797406]]}},{"type":"Feature","properties":{"category":"context-road","highway":"primary","lanes":"1","name":"Lipa-Rosario Road","oneway":"yes","surface":"asphalt"},"geometry":{"type":"LineString","coordinates":[[121.207591,13.88115],[121.2076461,13.8810127],[121.2083398,13.8800567],[121.2083689,13.8800164],[121.2084506,13.8799058],[121.2085298,13.8797943]]}},{"type":"Feature","properties":{"category":"context-water","layer":"-1","tunnel":"culvert","waterway":"stream"},"geometry":{"type":"LineString","coordinates":[[121.2165195,13.8857882],[121.21655,13.8857072]]}},{"type":"Feature","properties":{"category":"context-water","waterway":"stream"},"geometry":{"type":"LineString","coordinates":[[121.2164726,13.8858365],[121.2165195,13.8857882]]}},{"type":"Feature","properties":{"category":"context-water","waterway":"stream"},"geometry":{"type":"LineString","coordinates":[[121.2063056,13.8519588],[121.2064987,13.8518123],[121.2065792,13.8517759],[121.2066838,13.8517524],[121.2067938,13.8517394],[121.2073436,13.8517238],[121.2075207,13.8517108],[121.2077165,13.8516873],[121.2081537,13.8515988],[121.2082931,13.8515884],[121.2084058,13.8515936],[121.2088484,13.8516248],[121.208961,13.8516118],[121.2090442,13.8515753],[121.2093459,13.8514087]]}},{"type":"Feature","properties":{"category":"context-water","layer":"-1","tunnel":"culvert","waterway":"stream"},"geometry":{"type":"LineString","coordinates":[[121.2062325,13.8520154],[121.2063056,13.8519588]]}}]}